keyword,category,title,price,extracted_price,raw_price,rating,reviews,platform,position,delivery,link,thumbnail,installment_price,installment_months,currency
iphone,mobile,Apple iPhone 17 Pro,$62.45/mo,62.45,62.45,4.5,13000.0,Apple,1,Free next-day delivery,"https://www.google.com/search?ibp=oshop&q=iphone&prds=catalogid:461677229171638444,productid:6099195971872800621,headlineOfferDocid:8182383595621411134,imageDocid:4482703506354512087,rds:PC_9961958114952839788|PROD_PC_9961958114952839788,gpcid:9961958114952839788,pvt:hg&hl=en&gl=us&udm=28",https://encrypted-tbn3.gstatic.com/shopping?q=tbn:ANd9GcQGAwEsFNliufWmfYbTI3uNG0_6h4zmRjXz8ff9aRIqDd9B-QoxBvfitl6BFnsS57L0uxuzc5eMMeQBpe2xCc5VUv32rkB69fJthua4toeg0-hCZjHxx7PCDg,62.45,24.0,USD
iphone,mobile,Apple iPhone 16e,$149.99,149.99,149.99,4.6,10000.0,Boost Mobile,2,,"https://www.google.com/search?ibp=oshop&q=iphone&prds=catalogid:16029531393919230726,productid:1897130661901326138,headlineOfferDocid:15800488489070171164,imageDocid:13450378854840152589,rds:PC_14126173308846421367|PROD_PC_14126173308846421367,gpcid:14126173308846421367,mid:576462880781495626,pvt:hg&hl=en&gl=us&udm=28",https://encrypted-tbn1.gstatic.com/shopping?q=tbn:ANd9GcTzJZ8y9akJHWjGyjuuTuCRfL0Ss1KS3Zslt4klY0DkNiwqdPBJpKfdVlD5bFi6wf8ht8f_NV3FL5y61wSSAer7nT7DhBH_,,,USD
iphone,mobile,Apple iPhone 17 Pro Max,$49.95/mo,49.95,49.95,4.5,22000.0,Apple,3,Free next-day delivery,"https://www.google.com/search?ibp=oshop&q=iphone&prds=catalogid:14168848586042650493,productid:6267898192402169263,headlineOfferDocid:9742715914832712106,imageDocid:17255481404991010739,rds:PC_4867250886722056820|PROD_PC_4867250886722056820,gpcid:4867250886722056820,mid:576462556069674099,pvt:hg&hl=en&gl=us&udm=28",https://encrypted-tbn3.gstatic.com/shopping?q=tbn:ANd9GcRpUSMeAsqd589UZhzQMfHiSPtKfm7CFP_LJMHL8OfcsZ_aE7jBpED9TxRAAu2M4IUiAWaHmgJsbaNxaSftg1csz50-j5RKZUyLb0y8af4AQyYvxDrXwFwg,49.95,24.0,USD
iphone,mobile,Apple iPhone 15,$499.00,499.0,499.0,4.7,54000.0,Walmart,4,Free delivery by Sat,"https://www.google.com/search?ibp=oshop&q=iphone&prds=catalogid:11705794825643768767,productid:2568289313584734313,headlineOfferDocid:6665082123021186545,imageDocid:10230625183121457869,rds:PC_6601648695432433635|PROD_PC_6601648695432433635,gpcid:6601648695432433635,mid:576462758755759090,pvt:hg&hl=en&gl=us&udm=28",https://encrypted-tbn1.gstatic.com/shopping?q=tbn:ANd9GcRhyCBwbKBtpW572yw0vEJJPca5q1wDYAaj_OrRKSn4FdHELjSemjEIp7d-zh5sbLkNz_o_jlExS6nUAZqSPTp8RojSNC5HFxfXVEk8T2nNF-7ebsmKArlyEA,,,USD
iphone,mobile,Apple iPhone 17,$829.00,829.0,829.0,4.8,23000.0,Apple,5,Free next-day delivery,"https://www.google.com/search?ibp=oshop&q=iphone&prds=catalogid:1162483734985481855,productid:1682543984926353568,headlineOfferDocid:15441680057023274579,imageDocid:8199555666722271560,rds:PC_4728907421224624008|PROD_PC_4728907421224624008,gpcid:4728907421224624008,pvt:hg&hl=en&gl=us&udm=28",https://encrypted-tbn0.gstatic.com/shopping?q=tbn:ANd9GcQsIF_-Q1ySMMBTvGAmS-UGLsAsGhIfZ1Ecmco7EDXaIKJk1x6wKXmRlpaFg3l4G7E3lnu8cMphDtQIISBd7z4c83F7kPIUZ72oEk0HsmDnrGSnUY_0PAxF9C4,,,USD
iphone,mobile,Apple iPhone 16 Plus,$25.83/mo,25.83,25.83,4.7,9800.0,Verizon,6,Free delivery,"https://www.google.com/search?ibp=oshop&q=iphone&prds=catalogid:750620215642480126,productid:11095062588487401386,headlineOfferDocid:1847369472416581245,imageDocid:4714281717718011263,rds:PC_8897179128216049295|PROD_PC_8897179128216049295,gpcid:8897179128216049295,mid:576462819791058017,pvt:hg&hl=en&gl=us&udm=28",https://encrypted-tbn3.gstatic.com/shopping?q=tbn:ANd9GcSbCe909mgPp0WWnO37uz1BsjQPSeW_8YXd37xCRxaHsnjqvhN84Z02g3VcAIiTljiVk1JHGAIdnhUBjDM0V7DSiIVZtxHQ,25.83,36.0,USD
iphone,mobile,Apple iPhone 16,$20.25/mo,20.25,20.25,4.7,29000.0,Walmart,7,,"https://www.google.com/search?ibp=oshop&q=iphone&prds=catalogid:2517119301140850438,productid:12239783624438124415,headlineOfferDocid:3571768337583677743,imageDocid:3274259940317916866,rds:PC_1465601687215425854|PROD_PC_1465601687215425854,gpcid:1465601687215425854,mid:576460833570787340,pvt:hg&hl=en&gl=us&udm=28",https://encrypted-tbn2.gstatic.com/shopping?q=tbn:ANd9GcQ6ch3TF-I8PcW2C4s4izQEM_f37vPF0NBeGeH6GVEr32stgvJsAw5KC2B1ZEVF49iv-nTZZn7gOfC39FixR8D07cOwgdFSmEAvzU59gSdtBpuarsQDmikI,20.25,36.0,USD
iphone,mobile,Apple iPhone 17e,$6.99/mo,6.99,6.99,4.7,1800.0,AT&T,8,Free delivery,"https://www.google.com/search?ibp=oshop&q=iphone&prds=catalogid:17933694113703965261,productid:14651588985570776420,headlineOfferDocid:10377872843847532659,imageDocid:3940799764689133153,rds:PC_15096775703250617709|PROD_PC_15096775703250617709,gpcid:15096775703250617709,mid:576462883654484663,pvt:hg&hl=en&gl=us&udm=28",https://encrypted-tbn1.gstatic.com/shopping?q=tbn:ANd9GcR8ICQGh24Qss1JuVNRiabUaO6q-UNykjsxjsx0kqNi2vJxvRT0WtqsOGGoUF20qyzRm5sYeSThdgdrdz3oFsj9u3SuDVe6,6.99,36.0,USD
iphone,mobile,Apple iPhone Air,$58.29/mo,58.29,58.29,4.3,4300.0,Apple,9,Free next-day delivery,"https://www.google.com/search?ibp=oshop&q=iphone&prds=catalogid:17991041022236373368,productid:13257889039355079611,headlineOfferDocid:12729316295016605768,imageDocid:845593542305997107,rds:PC_17053988925978656314|PROD_PC_17053988925978656314,gpcid:17053988925978656314,mid:576462879844799774,pvt:hg&hl=en&gl=us&udm=28",https://encrypted-tbn3.gstatic.com/shopping?q=tbn:ANd9GcRW0KJ-gJDjzUGCOaH6zFRNJQ6QiLk-sqXTQF02YFMZW6oT2yQ5gMLYxKXrY9FLOd9oAlwoAlFSNry58M0Gv83mAy_BrP_sjU6iwZSngeFIyOv448kW7OZ2,58.29,24.0,USD
iphone,mobile,Apple iPhone 15 128GB Black - Available With Cricket Wireless Plan,$349.99,349.99,349.99,4.5,11.0,Cricket Wireless,10,Free delivery,"https://www.google.com/search?ibp=oshop&q=iphone&prds=productid:10381625117188221237,headlineOfferDocid:10381625117188221237,imageDocid:13174789921801823907,rds:PC_10050402835695201371|PROD_PC_10050402835695201371,pvt:hg&hl=en&gl=us&udm=28",https://encrypted-tbn3.gstatic.com/shopping?q=tbn:ANd9GcTGEhNOH5hw0fWxHgyad6KbEcpZs6k9KhYHuCNmXWKcgBpRDFGIf6CawbHJwtd1Bn6WrsUpPpCelkuCwoV689s39MH7nnU9HqWawIrEyOQrPnNKeGyXx0SlRw,,,USD
iphone,mobile,Apple iPhone 14,$289.00,289.0,289.0,4.5,48000.0,Back Market,11,,"https://www.google.com/search?ibp=oshop&q=iphone&prds=catalogid:11079545061416596281,productid:15332876627187687969,headlineOfferDocid:887177525630168611,imageDocid:6786202627893910781,rds:PC_8053804293482199477|PROD_PC_8053804293482199477,gpcid:8053804293482199477,mid:576462684717173784,pvt:hg&hl=en&gl=us&udm=28",https://encrypted-tbn1.gstatic.com/shopping?q=tbn:ANd9GcQgEuFPibSmzAk6XzHqyK-Ny-qYlCtoJwSvSg_v8aOh-ySNhaN1nnftKcvggmO41Yy6nBxJT8VBIt8nve2tRmMdiBzzFzSzMA6StTbSvSJGNpiPFoEg88L3amk,,,USD
iphone,mobile,Apple iPhone 12,$199.99,199.99,199.99,4.3,48000.0,Best Buy,12,Free delivery,"https://www.google.com/search?ibp=oshop&q=iphone&prds=catalogid:6270153989176538177,productid:12172221524434716754,headlineOfferDocid:274900493913933400,imageDocid:16209370223521594763,rds:PC_435984501635772740|PROD_PC_435984501635772740,gpcid:435984501635772740,mid:576462900638141113,pvt:hg&hl=en&gl=us&udm=28",https://encrypted-tbn3.gstatic.com/shopping?q=tbn:ANd9GcTgo4BHrfEHcpWYYPHAhgnika-3SwH_vfbZM40y8EaaA3iAQLSl9UUt2yc4xqdl6MK4KALPlHR-rhq04OuIHLMqmeS52VkmHQIUkZkB9bEp8GOaliDRvskr,,,USD
iphone,mobile,Apple iPhone 13,$206.80,206.8,206.8,4.6,83000.0,Walmart - UPGRADE SOLUTION INC,13,Free delivery,"https://www.google.com/search?ibp=oshop&q=iphone&prds=catalogid:6459989864881593991,productid:9312202635691942211,headlineOfferDocid:7317541762010976533,imageDocid:17046991344989722455,rds:PC_8971650804785857268|PROD_PC_8971650804785857268,gpcid:8971650804785857268,mid:576462624134816700,pvt:hg&hl=en&gl=us&udm=28",https://encrypted-tbn3.gstatic.com/shopping?q=tbn:ANd9GcSidLpJLHu3empPMbSOuskgQIe1WC0d41y4EQB2gI6EE0yARHcZupFH1EyAezjHP8dU766OmaPXsk7y0W6i5kLmISAl--fDYQkF1nE5cV34yfAQeenoTavt4A,,,USD
iphone,mobile,Apple iPhone 15 - Black - 128GB (with 24 monthly payments + plan),$26.25/mo,26.25,26.25,4.7,54000.0,T-Mobile,14,Free delivery,"https://www.google.com/search?ibp=oshop&q=iphone&prds=productid:13528523097997182821,headlineOfferDocid:13528523097997182821,imageDocid:11083866937706273567,rds:PC_6601648695432433635|PROD_PC_6601648695432433635,pvt:hg&hl=en&gl=us&udm=28",https://encrypted-tbn3.gstatic.com/shopping?q=tbn:ANd9GcRX2OAgKWhI8zye1GJb8DXGaeSGIKkMbeAl5TLySJz1R3KCKzpl3SHHMdjM6BiWXFefN_OU2cwVGdxPqcD61o-5BC_dMv2Gpw,26.25,24.0,USD
iphone,mobile,Apple SE Watch,$111.00,111.0,111.0,4.5,56000.0,Best Buy,15,,"https://www.google.com/search?ibp=oshop&q=iphone&prds=catalogid:9279261589196400269,productid:18370435570490061949,headlineOfferDocid:13964468391351931051,imageDocid:13299854110788581677,rds:PC_8360109243546355642|PROD_PC_8360109243546355642,gpcid:8360109243546355642,mid:576462796319228210,pvt:hg&hl=en&gl=us&udm=28",https://encrypted-tbn1.gstatic.com/shopping?q=tbn:ANd9GcTYZXQNOvjFQ6eJaCjuHnnCTNR1e0mI05togpja5D96yXg2W6dDoNjOlLjpGj9Ecv8D2bTP0AKJmvVDNY4D3mZczb8OvicnUoD7SIdplpw,,,USD
iphone,mobile,Apple iPhone 14 Plus,$288.00,288.0,288.0,4.4,12000.0,Back Market,16,,"https://www.google.com/search?ibp=oshop&q=iphone&prds=catalogid:17759963551893261990,productid:12992476157141530242,headlineOfferDocid:14260456868963301000,imageDocid:10119392737011642904,rds:PC_9468624372169813779|PROD_PC_9468624372169813779,gpcid:9468624372169813779,mid:576462725296367088,pvt:hg&hl=en&gl=us&udm=28",https://encrypted-tbn0.gstatic.com/shopping?q=tbn:ANd9GcRO318hyTYV0jdBaP1aXwXpa0DP8lJC_9gL0X4Ns8xkLvDsxLr3rpDxR7YUHoqSLylVs4EBkp_bU0NiXOFA2Y7sgFwgESj-wsW7SyRSvBg,,,USD
iphone,mobile,Apple iPhone 11,$164.99,164.99,164.99,4.4,78000.0,eBay - itsworthmore,17,Free delivery by Sat,"https://www.google.com/search?ibp=oshop&q=iphone&prds=catalogid:12308287955179192352,productid:9418620838065947476,headlineOfferDocid:7164042384207127214,imageDocid:16942952539938851942,rds:PC_8023149794696260886|PROD_PC_8023149794696260886,gpcid:8023149794696260886,mid:576462319911438051,pvt:hg&hl=en&gl=us&udm=28",https://encrypted-tbn2.gstatic.com/shopping?q=tbn:ANd9GcQQsaqwPa29yp1aB3sxe8Qgf0Vz_wfGZ4PIQfJRDYXFFu78IZnGPtcclXXBr8ZcU7HaH03tzhfOyoY8q1DCuAq22kLdlHeFxgpBBK5pEw,,,USD
iphone,mobile,Apple iPhone 15 Plus,$649.99,649.99,649.99,4.6,9300.0,Target,18,Free delivery by Wed,"https://www.google.com/search?ibp=oshop&q=iphone&prds=catalogid:11555061121306309403,productid:8717589437035082366,headlineOfferDocid:13433222919456360327,imageDocid:15938390727334850152,rds:PC_4702526954592161872|PROD_PC_4702526954592161872,gpcid:4702526954592161872,mid:576462756293218671,pvt:hg&hl=en&gl=us&udm=28",https://encrypted-tbn0.gstatic.com/shopping?q=tbn:ANd9GcR2E0VXoNPHMs6jsQCZvv3cG42zZL3O3Bqb11iUjo83sasGiIPu0m-EUATZZ6CSe-8dAdI1Iro4GRo3sfFpEKe8mc0ZBtrx,,,USD
iphone,mobile,APPLE IPHONE 13 MINI,$265.00,265.0,265.0,4.3,12000.0,Back Market,19,,"https://www.google.com/search?ibp=oshop&q=iphone&prds=catalogid:14037241831600444795,productid:14425901739575060819,headlineOfferDocid:3186543980287332687,imageDocid:6287644585621070210,rds:PC_7247330322390165966|PROD_PC_7247330322390165966,gpcid:7247330322390165966,mid:576462836122922296,pvt:hg&hl=en&gl=us&udm=28",https://encrypted-tbn2.gstatic.com/shopping?q=tbn:ANd9GcQDAn0AqyZY-xsMH0pwPomV1W7hNQeappCEG2oo2RvZcLHj0Y5kRSWxbSqehuy-BWyBqbSliKHOJMHPyk1gcDQ2hoLuI4NiXcjAg6zOFss5,,,USD
iphone,mobile,Apple iPhone 12 Mini,$183.95,183.95,183.95,4.3,24000.0,Walmart - YYWireless,20,,"https://www.google.com/search?ibp=oshop&q=iphone&prds=catalogid:8603702075097955153,productid:6082243813320672013,headlineOfferDocid:15952889374721285667,imageDocid:11862759314172590521,rds:PC_14561671209714996631|PROD_PC_14561671209714996631,gpcid:14561671209714996631,mid:576462876919225707,pvt:hg&hl=en&gl=us&udm=28",https://encrypted-tbn1.gstatic.com/shopping?q=tbn:ANd9GcQEysJcE4uWCnt_vTzFj1Uh7iNJKDyIKtq1lEaC_vIYBaGZchXo44VtS033XMwNWqVWdz_bJ-kNhbAT-mt_5I47Wv3rrPUi,,,USD
iphone,mobile,Apple - iPhone 17e 256GB - Black (Verizon),$16.66/mo,16.66,16.66,4.7,1800.0,Best Buy,21,Free delivery by Sat,"https://www.google.com/search?ibp=oshop&q=iphone&prds=productid:9464482762925663591,headlineOfferDocid:9464482762925663591,imageDocid:7513493801429701181,rds:PC_15096775703250617709|PROD_PC_15096775703250617709,pvt:hg&hl=en&gl=us&udm=28",https://encrypted-tbn1.gstatic.com/shopping?q=tbn:ANd9GcRFiCL35tnRi1Vs-M0REb6odtFAirui-EfQEJSOjXQmvPMoVKGvXanPEgAuaD6yH6FeB16DclMdeG3KbMO3kaEEjWhyj3XZ4D0wq1sVro-xwzM7DEcrCjt-_g,16.66,36.0,USD
iphone,mobile,Apple iPhone 8,$81.99,81.99,81.99,4.3,30000.0,Back Market,22,,"https://www.google.com/search?ibp=oshop&q=iphone&prds=catalogid:830737816400496933,productid:2304645374163698333,headlineOfferDocid:8873307520622304927,imageDocid:447323955231849713,rds:PC_13368511492336631680|PROD_PC_13368511492336631680,gpcid:13368511492336631680,mid:576462864015586278,pvt:hg&hl=en&gl=us&udm=28",https://encrypted-tbn1.gstatic.com/shopping?q=tbn:ANd9GcRFXKBPDrHcJZ69gHs_iVH2SBpkunsUlqxG02lmb9Vj0t1E4eeEKg-dadzcuOIeVvfIoci_EptmkTbdseg4QYcKPfw5TxDcFgNfjnj3Y6w,,,USD
iphone,mobile,Apple iPhone 16 Pro,$30.53 now,30.53,30.53,4.6,18000.0,Viaero Wireless,23,Free delivery,"https://www.google.com/search?ibp=oshop&q=iphone&prds=productid:7206356333606194892,headlineOfferDocid:7206356333606194892,imageDocid:9514825859546782912,rds:PC_10943350843658421229|PROD_PC_10943350843658421229,pvt:hg&hl=en&gl=us&udm=28",https://encrypted-tbn0.gstatic.com/shopping?q=tbn:ANd9GcQOvoZrrIqs6siIcBKI7rKoBaqUsk_T1Sg0pDsHSiLY5anEdyvwiBQANzSozeWyJYUyRqooChf1IKZWbN8kUVBzMgiLqET7m0b0oDge1cXhfXiTZT-bdt_G,30.53,36.0,USD
iphone,mobile,iPhone 12 - 64GB - Blue - Unlocked,$172.49,172.49,172.49,4.3,48000.0,Reebelo USA,24,Free delivery by Tue,"https://www.google.com/search?ibp=oshop&q=iphone&prds=productid:16761353740138022590,headlineOfferDocid:16761353740138022590,imageDocid:6989118407544208556,rds:PC_435984501635772740|PROD_PC_435984501635772740,pvt:hg&hl=en&gl=us&udm=28",https://encrypted-tbn0.gstatic.com/shopping?q=tbn:ANd9GcSeMBwUntOx1MZLJWzm3oztdBl-EVU1c5BU52PUD7yqhlo1giePv20Vf9egbbzxkfrP2YO35k4mKIVs9C6zFOiYoD31gJtoJA,,,USD
iphone,mobile,Apple iPhone 13 Pro,$395.67,395.67,395.67,4.4,15000.0,Back Market,25,,"https://www.google.com/search?ibp=oshop&q=iphone&prds=catalogid:2934452686125445599,productid:12103109595313452912,headlineOfferDocid:16885855172441775145,imageDocid:2487602393966496277,rds:PC_8623544612196710249|PROD_PC_8623544612196710249,gpcid:8623544612196710249,pvt:hg&hl=en&gl=us&udm=28",https://encrypted-tbn1.gstatic.com/shopping?q=tbn:ANd9GcTDeB3COFsRUlRGQT6F46ZLpw-2cJ4aKkR808O2oBR0UYJ_vzLhao_PpUlCVIKdk9EDOfbEPPjZUGAVYuwVdJhNf3Jwpwhjoh9Obsz6ObI2jNRpLmPJ406Zq_0,,,USD
iphone,mobile,Apple iPhone 7,$64.68,64.68,64.68,4.3,37000.0,Walmart - UPGRADE SOLUTION INC,26,Free delivery,"https://www.google.com/search?ibp=oshop&q=iphone&prds=catalogid:5308272542745210393,productid:4992135472943780035,headlineOfferDocid:1778305914684616777,imageDocid:15876698964194469430,rds:PC_6142244829115239135|PROD_PC_6142244829115239135,gpcid:6142244829115239135,mid:576462235285926155,pvt:hg&hl=en&gl=us&udm=28",https://encrypted-tbn2.gstatic.com/shopping?q=tbn:ANd9GcRj4GZZgAxMxRJA3TGqxlKag91_F3okkl4PV6Ql-BFjg0ZeFyymm4sH51xtmkg961Km3NhGBUfyOavHNoCXnRioW1Iu1_A9KQ,,,USD
iphone,mobile,Apple - iPhone 17e 512GB - White (Verizon),$22.22/mo,22.22,22.22,4.7,1800.0,Best Buy,27,Free delivery by Tue,"https://www.google.com/search?ibp=oshop&q=iphone&prds=productid:15623475752933431592,headlineOfferDocid:15623475752933431592,imageDocid:8486562325384046127,rds:PC_15096775703250617709|PROD_PC_15096775703250617709,pvt:hg&hl=en&gl=us&udm=28",https://encrypted-tbn3.gstatic.com/shopping?q=tbn:ANd9GcS9yQl1t8LPdP_g5Uyw5gZxG16wq_LWctmiK3TMoBo6dk_tgMy9knF50ePkah6s85nhTb9z6u6hOqy9ewH1xGd6yvxT2Dq_F9kDGigj5u5TvFfIBd0f3_WVv78,22.22,36.0,USD
iphone,mobile,Apple iPhone 12 Pro Max,$349.00,349.0,349.0,4.4,15000.0,Back Market,28,,"https://www.google.com/search?ibp=oshop&q=iphone&prds=catalogid:15982563268370664381,productid:8308681321948518937,headlineOfferDocid:981926286714689136,imageDocid:16873693813430388599,rds:PC_7453357062207114878|PROD_PC_7453357062207114878,gpcid:7453357062207114878,mid:576462821003197463,pvt:hg&hl=en&gl=us&udm=28",https://encrypted-tbn3.gstatic.com/shopping?q=tbn:ANd9GcSlrPzEzpumlQB7o6Y2HQ2ftupyrZe_M7Yc2qupVMjZc5tk1_Rlh_Ol2tRzFQsFa5KkrXssrT7WJKzWgUq2pbsIg7moeGeNA0ZA0Lh3graWA8UtSCXS0m6M,,,USD
iphone,mobile,Apple Iphone 14 128gb Network Unlocked Very Good Condition,$303.99,303.99,303.99,4.5,48000.0,eBay - directauth,29,Free delivery by Mon,"https://www.google.com/search?ibp=oshop&q=iphone&prds=productid:10599196601456471224,headlineOfferDocid:10599196601456471224,imageDocid:2017956349774460894,rds:PC_8053804293482199477|PROD_PC_8053804293482199477,pvt:hg&hl=en&gl=us&udm=28",https://encrypted-tbn2.gstatic.com/shopping?q=tbn:ANd9GcT0Rlr7OK0wLsKDBb7K7kW8kGgIAhmix71Nu5j_N_G6rVpkhZdBBIFWUoaFwz9N_BhqefEs9k0ftxGmyDenSPcm1wbt7QSZFRBD0h1i7AMHwceNRaGSThhh,,,USD
iphone,mobile,Apple Iphone 16e,$16.64 now,16.64,16.64,,,Viaero Wireless,30,Free delivery,"https://www.google.com/search?ibp=oshop&q=iphone&prds=productid:17675550675919624688,headlineOfferDocid:17675550675919624688,imageDocid:1898917817998893320,pvt:hg&hl=en&gl=us&udm=28",https://encrypted-tbn0.gstatic.com/shopping?q=tbn:ANd9GcRG0mOwBlh51Htk8nYqoYITWiRT5DxSoEyMZKGdtu0u0ctW3yOehyAFdhTEmyI3gBuyM6_LNz2XF1ftVZtOXKespMqQVfScknQT32eni9f-Dqv5V0_pieXVaw,16.64,36.0,USD
iphone,mobile,Apple Iphone XS,$132.47,132.47,132.47,4.5,15000.0,Walmart - Wireless Source,31,Free delivery,"https://www.google.com/search?ibp=oshop&q=iphone&prds=catalogid:4485466949985702538,productid:14335253671845480120,headlineOfferDocid:13153900817725700996,imageDocid:9514305120103917430,rds:PC_6811745323585508222|PROD_PC_6811745323585508222,gpcid:6811745323585508222,mid:576462311032611740,pvt:hg&hl=en&gl=us&udm=28",https://encrypted-tbn2.gstatic.com/shopping?q=tbn:ANd9GcTbQO9OC1srqFae0wzMp0N4eTIFaWzAgEq8jfh_8LdJ3cvL1lqEBzksyUtSYc6eL0mR64qTW8aWa1SBkaIJmcCQ1ljryjNfXQ,,,USD
iphone,mobile,iPhone 15 256GB - Black - Unlocked,$403.40,403.4,403.4,4.7,54000.0,Back Market,32,,"https://www.google.com/search?ibp=oshop&q=iphone&prds=productid:14517608025617185563,headlineOfferDocid:14517608025617185563,imageDocid:7724578898268109658,rds:PC_6601648695432433635|PROD_PC_6601648695432433635,pvt:hg&hl=en&gl=us&udm=28",https://encrypted-tbn2.gstatic.com/shopping?q=tbn:ANd9GcS_oKfANZpJVvBpKnhoYO28jaZ3twY5kk6ogSOcltBOsxNkMqHbn0R4Epd3TQ7mXhzF3ug7zgcHGs_bH9pCWcYjJYVCyex9-WqNukl1EkpERh6z2kciklCS,,,USD
iphone,mobile,Apple - Refurbished Excellent - iPhone 14 Pro Max (A2651) 128GB 6.7-inch (2022) - Unlocked - Gold,$560.84,560.84,560.84,4.4,23000.0,Best Buy,33,,"https://www.google.com/search?ibp=oshop&q=iphone&prds=productid:17003653396474120581,headlineOfferDocid:17003653396474120581,imageDocid:6130589411317785890,rds:PC_8672923537105206374|PROD_PC_8672923537105206374,pvt:hg&hl=en&gl=us&udm=28",https://encrypted-tbn2.gstatic.com/shopping?q=tbn:ANd9GcQrw8Fd41Ld0OXKX0611eNHSe29MzWvJ7O424ES5-diicYQCkaHD4NbvtnOfNdXHszBlpd0Vx64Wg0tJjY9UcV3tZA3JNlbqLmucMrrCs_5,,,USD
iphone,mobile,iPhone 13 - 256GB - Pink - Unlocked,$295.99,295.99,295.99,4.6,83000.0,Reebelo USA,34,Free delivery by Tue,"https://www.google.com/search?ibp=oshop&q=iphone&prds=productid:16668264476468362941,headlineOfferDocid:16668264476468362941,imageDocid:12478352040978757473,rds:PC_8971650804785857268|PROD_PC_8971650804785857268,pvt:hg&hl=en&gl=us&udm=28",https://encrypted-tbn1.gstatic.com/shopping?q=tbn:ANd9GcSHISc-EgSStoiLRNMzVf8zrzHW2eW3_JRRMz3OWysXr4j_7Zi4cSbhCexImC462G71i5HkVp5DQr_IC6Qh8yhOWQPqorlX,,,USD
iphone,mobile,Apple iPhone 11 64GB Prepaid - Total Wireless Black with plan (with 24 monthly installment payments + plan),$249.99,249.99,249.99,4.4,74000.0,Total Wireless,35,Free delivery by Wed,"https://www.google.com/search?ibp=oshop&q=iphone&prds=productid:11536523965264605955,headlineOfferDocid:11536523965264605955,imageDocid:18066924778440357335,rds:PC_8023149794696260886|PROD_PC_8023149794696260886,pvt:hg&hl=en&gl=us&udm=28",https://encrypted-tbn3.gstatic.com/shopping?q=tbn:ANd9GcS-Y-GjVGcn07FSjexDRQ3fjg4A55mD8WUrYer2Flrve0GnDeirZO3LmBu22yv6a2aGbB6oxDfRWi5zETqQ5IT9oqR1WLCR,,,USD
iphone,mobile,Apple iPhone XR,$247.99,247.99,247.99,4.5,40000.0,eBay - cellsensation,36,Free delivery,"https://www.google.com/search?ibp=oshop&q=iphone&prds=catalogid:3168464279511408051,productid:8959325327106127539,headlineOfferDocid:4137374504631865441,imageDocid:8065639153227818184,rds:PC_15653290272112071452|PROD_PC_15653290272112071452,gpcid:15653290272112071452,mid:576462311165491294,pvt:hg&hl=en&gl=us&udm=28",https://encrypted-tbn0.gstatic.com/shopping?q=tbn:ANd9GcRIzuhbuOxmmRZlktUmkiZxRJx7limdyiOBUHjNwb1Iv9KnyqjeLdFKP-fr3Yjf1wnaa6xGszNXbJV-nlsn0PiUuxc0kYPxaaR6Fqqp-f3jsqbzfFUjCLYvews,,,USD
iphone,mobile,iPhone 15 Pro 512GB - Natural Titanium - Unlocked,$657.00,657.0,657.0,4.5,14000.0,Back Market,37,,"https://www.google.com/search?ibp=oshop&q=iphone&prds=productid:269285804413792711,headlineOfferDocid:269285804413792711,imageDocid:9939014386185350746,rds:PC_11795796123145720151|PROD_PC_11795796123145720151,pvt:hg&hl=en&gl=us&udm=28",https://encrypted-tbn2.gstatic.com/shopping?q=tbn:ANd9GcR4Hv-E3HQqDAVNywS8P8UhP07MrW4pviQsFThE_809CL_7DSBycdzPQr5AZPVPBHDdC6jE5k8ZdCuqij3xNjz_XLmBQhxv4D3bGXdcCoW9hULbYeLA0LkgKw,,,USD
iphone,mobile,Apple - Refurbished Excellent - iPhone 14 Pro Max (A2651) 128GB 6.7-inch (2022) Deep - Unlocked - Purple,$560.84,560.84,560.84,4.4,23000.0,Best Buy,38,,"https://www.google.com/search?ibp=oshop&q=iphone&prds=productid:2873427226523606067,headlineOfferDocid:2873427226523606067,imageDocid:1782308711389290613,rds:PC_8672923537105206374|PROD_PC_8672923537105206374,pvt:hg&hl=en&gl=us&udm=28",https://encrypted-tbn1.gstatic.com/shopping?q=tbn:ANd9GcRaxuHAoYx8hTuFWJdsCuDG_auAuhs07i8-jHI3U2adyzzkUwJf7Ykd41OZy9i__jHehw5jZA-QCZuQUouqYeGqk9xGUnqSVpwS6CERiPg,,,USD
iphone,mobile,Apple Iphone 12 PRO,$249.00,249.0,249.0,4.3,17000.0,Walmart - Reebelo,39,Free delivery,"https://www.google.com/search?ibp=oshop&q=iphone&prds=catalogid:4370868469791693735,productid:13043231935759279247,headlineOfferDocid:1314179314559057484,imageDocid:11073224795786999912,rds:PC_14243855303706753583|PROD_PC_14243855303706753583,gpcid:14243855303706753583,mid:576462787490644887,pvt:hg&hl=en&gl=us&udm=28",https://encrypted-tbn0.gstatic.com/shopping?q=tbn:ANd9GcQRC3LpIl89VD2qKY4SY2V8zU_Xg2qZ6H1c3iHP6-xhy8jYKw5_-Rmybmy1el8f00HNxKNX-HLWPWZR0I4c-G_T5VhnxYTK,,,USD
iphone,mobile,iPhone 14 Pro Max - 128GB - Gold - Unlocked,$536.98,536.98,536.98,4.4,23000.0,Reebelo USA,40,Free delivery by Tue,"https://www.google.com/search?ibp=oshop&q=iphone&prds=productid:5484823447926905476,headlineOfferDocid:5484823447926905476,imageDocid:12370981564624929943,rds:PC_8672923537105206374|PROD_PC_8672923537105206374,pvt:hg&hl=en&gl=us&udm=28",https://encrypted-tbn3.gstatic.com/shopping?q=tbn:ANd9GcRvA-c8DNeNoxp9ccADbdTLUWWm20TR-44ugg1B5_J1Jw_DRUPqh83qiQyaL3scYa-Z8Fr_ycVdHWlyUBX3NKuDbGTorC8mlVqZr8EKVxZyG1shGSHJMslS,,,USD
Samsung,mobile,Samsung Galaxy Z Fold7,"$1,599.99",1599.99,1599.99,4.6,52000.0,Samsung,1,Free delivery,"https://www.google.com/search?ibp=oshop&q=Samsung&prds=catalogid:16161404336191574849,productid:13290963935809730568,headlineOfferDocid:10444038009565071907,imageDocid:11328692731771072581,rds:PC_16337891081947337161|PROD_PC_16337891081947337161,gpcid:16337891081947337161,mid:576462833777183171,pvt:hg&hl=en&gl=us&udm=28",https://encrypted-tbn1.gstatic.com/shopping?q=tbn:ANd9GcQMm7XSrLGovWjAjnxrumXOox5IXPPln5GIx1ZhbXjTAyCJpwu7RVpoXzrQVAsiV2K-zdsMo_sUOlZa1eH0DcrFP9fUFt8PnwZVDuVLF6ZJfqlHJfnL65a8X2k,,,USD
Samsung,mobile,Samsung Galaxy S25 FE,$649.99,649.99,649.99,4.6,119000.0,Best Buy,2,Free delivery by Sat,"https://www.google.com/search?ibp=oshop&q=Samsung&prds=catalogid:13834566291519350291,productid:8129272483435906231,headlineOfferDocid:3312554410984747961,imageDocid:5034301679683960159,rds:PC_11752250590237752181|PROD_PC_11752250590237752181,gpcid:11752250590237752181,pvt:hg&hl=en&gl=us&udm=28",https://encrypted-tbn3.gstatic.com/shopping?q=tbn:ANd9GcS28G1k-rbJa2e5EIot82eeO8vYnbrVi1zRWCCHvcwrtcKGut4-2GD0i3Tw7rK3d9oYi1CQcnRSOAZCn87wApR9ZKwE0s3Tnz2NSEI4_NQ,,,USD
Samsung,mobile,Samsung Galaxy Z Flip7,"$1,299.99",1299.99,1299.99,4.5,41000.0,Samsung,3,Free delivery,"https://www.google.com/search?ibp=oshop&q=Samsung&prds=catalogid:17628167703122538218,productid:12433246234969379399,headlineOfferDocid:9548328485748242500,rds:PC_10192101424008708893|PROD_PC_10192101424008708893,gpcid:10192101424008708893,mid:576462863844915666,pvt:hg&hl=en&gl=us&udm=28",https://encrypted-tbn1.gstatic.com/shopping?q=tbn:ANd9GcQT1l9lUrFSZFq3wa8j0ZpyIOS0wst2gHTYuxrYjU2vX9WQ2ktID0YuxJ-R6NMLBXX67dejS0wpewRImJzBGjtnCQ4aAGjhZN_Ja77e6HNTBvwYre6lkCBKXQ,,,USD
Samsung,mobile,Samsung Galaxy Watch Ultra,$649.99,649.99,649.99,4.6,18000.0,Samsung,4,Free delivery,"https://www.google.com/search?ibp=oshop&q=Samsung&prds=catalogid:7534159148514796834,productid:14128632669515693324,headlineOfferDocid:8895708966048453892,imageDocid:3144900381034434047,rds:PC_2673828588296638927|PROD_PC_2673828588296638927,gpcid:2673828588296638927,mid:576462833044590996,pvt:hg&hl=en&gl=us&udm=28",https://encrypted-tbn3.gstatic.com/shopping?q=tbn:ANd9GcT6LuCmzWdxlqCv-yRzKz2KqCBrtkMmr5fRDoOE4IbZ9NhNCHINj91z6kpEkjjTtOhrp8ipqAk_ht_1FHK_nJ6xxS3qEEJO9ee0UPwt2v6ydWCWoTpq5CMIlak,,,USD
Samsung,mobile,Samsung Galaxy S25,$395.00,395.0,395.0,4.7,62000.0,Walmart - Reebelo,5,Free delivery,"https://www.google.com/search?ibp=oshop&q=Samsung&prds=catalogid:6612124133586791833,productid:4324293161558900224,headlineOfferDocid:10792809419999174516,imageDocid:84343121259535121,rds:PC_7998131059683023653|PROD_PC_7998131059683023653,gpcid:7998131059683023653,mid:576462859883472853,pvt:hg&hl=en&gl=us&udm=28",https://encrypted-tbn1.gstatic.com/shopping?q=tbn:ANd9GcRpLTaRSo0PYyMQPenf6QwzhrWlF4guEPA_Q_S2BOF5SNEcbDARnSfNfsl9Y5oZkZRN3rdY7TXbU7lUW2JJ-XKBL7hAHYXW3w,,,USD
Samsung,mobile,Samsung The Frame QLED 4K Smart TV,$899.99,899.99,899.99,4.6,21000.0,Samsung,6,Free delivery,"https://www.google.com/search?ibp=oshop&q=Samsung&prds=catalogid:10469443510341920104,productid:14329402422632591247,headlineOfferDocid:14305320958390907088,imageDocid:4168674276575188966,rds:PC_15708983441793073681|PROD_PC_15708983441793073681,gpcid:15708983441793073681,pvt:hg&hl=en&gl=us&udm=28",https://encrypted-tbn2.gstatic.com/shopping?q=tbn:ANd9GcRi9W5V2N96t1YpBC2GBENVn3A2HyDnn8gOeJQv4zrrSbgLxFOwX8oxd_RvCu5KDkJIXNYt48sGdrHWk8a8eqoPTUXcYdvlG7qdJ62grL5HJEQ2KIOp6KLc,,,USD
Samsung,mobile,Samsung Galaxy S24 Ultra,$649.99,649.99,649.99,4.7,92000.0,Best Buy,7,,"https://www.google.com/search?ibp=oshop&q=Samsung&prds=catalogid:12202098061423044315,productid:6596219538848798663,headlineOfferDocid:12571815497661783049,imageDocid:14158671900464117048,rds:PC_4010143927307777393|PROD_PC_4010143927307777393,gpcid:4010143927307777393,mid:576462770869180404,pvt:hg&hl=en&gl=us&udm=28",https://encrypted-tbn3.gstatic.com/shopping?q=tbn:ANd9GcRrXS86DX7Q9UH1clqKyZiJRDZEJCCxr6XSmDLsSy5Ie_UyJCNkxUW1MDafz3Cp_4ZP-7GV668Nqwg72jP2NrJnsOwQjX2cEQSvNNJxC3Im-ReZhATbdAi-vQ,,,USD
Samsung,mobile,Samsung 4.4 Cu. Ft. Top Load Washer with ActiveWave Agitator and Soft-Close Lid,$579.00,579.0,579.0,4.2,2300.0,Samsung,8,,"https://www.google.com/search?ibp=oshop&q=Samsung&prds=catalogid:14863706430062454629,productid:1551158532802276184,headlineOfferDocid:13677403803836821484,imageDocid:12693406590585044019,rds:PC_1132906797792898822|PROD_PC_1132906797792898822,gpcid:1132906797792898822,mid:576462671813705674,pvt:hg&hl=en&gl=us&udm=28",https://encrypted-tbn0.gstatic.com/shopping?q=tbn:ANd9GcRSup5kC_zFOervl4iEtcCUkiDbQEDxp0fQ3tzK0tuk5FRmwWu79BYt7K5M0tdo13np-Z1n-_hrLYHu6VgG4hDs2shegO3wHcf0k2owJyygeLgB4j_xSEHPG2A,,,USD
Samsung,mobile,Samsung RF18A5101S9 18 Cu. Ft. Smart Counter Depth 3-Door French Door Refrigerator,"$1,199.00",1199.0,1199.0,4.0,497.0,Samsung,9,,"https://www.google.com/search?ibp=oshop&q=Samsung&prds=catalogid:9350087561553031421,productid:13874868824132428330,headlineOfferDocid:7459970250408167928,imageDocid:2016328890071918417,rds:PC_16386940619088852202|PROD_PC_16386940619088852202,gpcid:16386940619088852202,pvt:hg&hl=en&gl=us&udm=28",https://encrypted-tbn1.gstatic.com/shopping?q=tbn:ANd9GcSeTqau07avCPmR92_TT5AlKg5e5tvGSA9BrouN2uusJ340lYvm3ctSBhaY9OWh3Wtv_8HfAddCOXTzpPzs5z0mekWx7c293G0Asf9Dccreb15nuS8nUlOvbw4,,,USD
Samsung,mobile,SAMSUNG Galaxy S23,$225.53,225.53,225.53,4.5,29000.0,Walmart - Wireless Source,10,,"https://www.google.com/search?ibp=oshop&q=Samsung&prds=catalogid:9910521699439700827,productid:2629882377806443476,headlineOfferDocid:17202850490594880350,imageDocid:18112219121206231417,rds:PC_6185279726844231230|PROD_PC_6185279726844231230,gpcid:6185279726844231230,mid:576462461160273199,pvt:hg&hl=en&gl=us&udm=28",https://encrypted-tbn1.gstatic.com/shopping?q=tbn:ANd9GcSHfZPAk4BqHgU1rWwPwiIdQbKzTuV7xMMWpGxVrWa8FY66frHflOU6qMXQ6j3y-amW6qm1HfbEv9XJmL3cnPXqohFoxPNf,,,USD
Samsung,mobile,Samsung 28 Cu. Ft. French Door Refrigerator RF28R7201SRAA,"$1,799.00",1799.0,1799.0,3.8,6500.0,Samsung,11,,"https://www.google.com/search?ibp=oshop&q=Samsung&prds=catalogid:15239343209599519488,productid:17678213379009529223,headlineOfferDocid:9213231519819221609,rds:PC_161359243725335853|PROD_PC_161359243725335853,gpcid:161359243725335853,mid:576462843134481514,pvt:hg&hl=en&gl=us&udm=28",https://encrypted-tbn3.gstatic.com/shopping?q=tbn:ANd9GcTRMbWi8L0WPwRKXl7zpHTrgjUX8uEdNuaNM695-NEZ45v9kNpJa6XoDOVR3l1oa6yKxHrZ3gNVoqyoiwoIVwXbEGNVzBjgtnsGQQGrm_JiXv13v5wKu6mJHfU,,,USD
Samsung,mobile,Samsung Galaxy Z Fold5,$949.98,949.98,949.98,4.5,33000.0,Best Buy,12,,"https://www.google.com/search?ibp=oshop&q=Samsung&prds=catalogid:9052328631605007103,productid:5757170628932348514,headlineOfferDocid:7374722425804485553,imageDocid:8173979347043073623,rds:PC_6813755555271574309|PROD_PC_6813755555271574309,gpcid:6813755555271574309,mid:576462749387424242,pvt:hg&hl=en&gl=us&udm=28",https://encrypted-tbn3.gstatic.com/shopping?q=tbn:ANd9GcTUv_Pd2nzBoTDkCgK79KYDNPC_-AYbeRlBLLCZMuM1NBUoQYZ_PMGp9gK8ErWt0ScJKUWWnO8NmceizAAAYeN00L7MJxqpDCl0et0qPp4FGZabapxB4-jb,,,USD
Samsung,mobile,Samsung 4.5 Cu Ft Front Load Washer,$799.00,799.0,799.0,4.4,5200.0,Samsung,13,,"https://www.google.com/search?ibp=oshop&q=Samsung&prds=catalogid:2108665930403548430,productid:2809191082795154491,headlineOfferDocid:10595847562816644985,imageDocid:7542691501394400605,rds:PC_6136951932180885063|PROD_PC_6136951932180885063,gpcid:6136951932180885063,mid:576462797860322723,pvt:hg&hl=en&gl=us&udm=28",https://encrypted-tbn1.gstatic.com/shopping?q=tbn:ANd9GcQuMe6WD7QnbNqGFMnGzeCDn5FbBEUNyk0zuO7kAuEIeUG_uIk4TgAE-ncvxyPJroXZ3TAHv8zgr3bI2y8LkpCw0cy0YNcTUl7Ft9gfy8bUjlQ8wpkdz6yv4g,,,USD
Samsung,mobile,Samsung Q7F 4K QLED Smart TV,$449.99,449.99,449.99,4.6,17000.0,SW TV Appliances,14,Free same-day delivery,"https://www.google.com/search?ibp=oshop&q=Samsung&prds=catalogid:14248331104131977924,productid:12345040709499749780,headlineOfferDocid:2016397385576025450,imageDocid:9961685720006551412,rds:PC_680016644084120875|PROD_PC_680016644084120875,gpcid:680016644084120875,mid:576462834885810205,pvt:hg&hl=en&gl=us&udm=28",https://encrypted-tbn0.gstatic.com/shopping?q=tbn:ANd9GcSN1GvvAg_86l9XD8BnTig4SX8hSdbn0A2MYEKWzB3KKnAVU2_suxrc02nHhPj4TnsPRzLiVSCVexF9h8mvHL-lwbZv-_kjIQ,,,USD
Samsung,mobile,Samsung Galaxy A26 5G,$120.59,120.59,120.59,4.7,18000.0,Walmart - havEarly Phone Supplier,15,,"https://www.google.com/search?ibp=oshop&q=Samsung&prds=catalogid:17130569052945502582,productid:12881096770535301374,headlineOfferDocid:3638482502116665094,imageDocid:4590265296794916621,rds:PC_17525312830161686849|PROD_PC_17525312830161686849,gpcid:17525312830161686849,mid:576462819951395787,pvt:hg&hl=en&gl=us&udm=28",https://encrypted-tbn1.gstatic.com/shopping?q=tbn:ANd9GcS_nL9bWwvn9nsXbOGzrHx5BZmLL7zbAAZ4zyB0wupEAx8FcMNcwpdH68BaX8HVVArz1ENVPkumf1w9np4IQy-4bO4bxZfHgw,,,USD
Samsung,mobile,Samsung Galaxy S22 Ultra 5G,$600.00,600.0,600.0,4.5,42000.0,newegg.com,16,,"https://www.google.com/search?ibp=oshop&q=Samsung&prds=catalogid:14736960160787400698,productid:16420227094723068179,headlineOfferDocid:11570170685424561388,imageDocid:6025443076189689479,rds:PC_1964985831339837001|PROD_PC_1964985831339837001,gpcid:1964985831339837001,mid:576462862121731337,pvt:hg&hl=en&gl=us&udm=28",https://encrypted-tbn3.gstatic.com/shopping?q=tbn:ANd9GcQPri5_XD1D0UBTXqgU72c_T-q6nV31aA0fvDzRJ--atfblWZrS4B1p7Gju1tMhplj9Ieeug9n-_qsOt2iZP9OFG1i7U4kKLA,,,USD
Samsung,mobile,Samsung Top-Load Washer WA45T3200AW,$579.00,579.0,579.0,4.3,8000.0,Samsung,17,,"https://www.google.com/search?ibp=oshop&q=Samsung&prds=catalogid:13813982154892295880,productid:12967114312000966396,headlineOfferDocid:2962222848809372149,rds:PC_12514723922193557473|PROD_PC_12514723922193557473,gpcid:12514723922193557473,mid:576462628097133465,pvt:hg&hl=en&gl=us&udm=28",https://encrypted-tbn3.gstatic.com/shopping?q=tbn:ANd9GcSa6WraugZz3jV62E0G9n__53CoHrUvTonVJK5QRC0FSLL4XtvTtnyQDxRlqjG1Kq5A0w9W-Orf5TxsJd7SLJsRsfuI1qFyG4W2s_O18hd6QMhmVAled5l1Y58,,,USD
Samsung,mobile,Samsung Galaxy Z Flip6,$844.98,844.98,844.98,4.5,38000.0,Best Buy,18,,"https://www.google.com/search?ibp=oshop&q=Samsung&prds=catalogid:671630872934280666,productid:10364329335373510210,headlineOfferDocid:18100307168656296743,imageDocid:2965624713626201197,rds:PC_18233330950665299788|PROD_PC_18233330950665299788,gpcid:18233330950665299788,mid:576462782032326924,pvt:hg&hl=en&gl=us&udm=28",https://encrypted-tbn1.gstatic.com/shopping?q=tbn:ANd9GcRYI0z2FiM3nr2_6kkYhjvtQEGa5dHKG_QAuL4Pps5RjmPKUJ66KYEpmFwSFH7eMgNCaUPsJ8Rf90mmUSm6rTeKt8Cfc5eGetbsHh9F7dE,,,USD
Samsung,mobile,Samsung Galaxy Tab A11+,$299.99,299.99,299.99,4.6,13000.0,Samsung,19,Free delivery,"https://www.google.com/search?ibp=oshop&q=Samsung&prds=catalogid:1447007832110777020,productid:7186551037266724540,headlineOfferDocid:5994107377122362545,imageDocid:3654233849784395317,rds:PC_1896912588365321076|PROD_PC_1896912588365321076,gpcid:1896912588365321076,pvt:hg&hl=en&gl=us&udm=28",https://encrypted-tbn1.gstatic.com/shopping?q=tbn:ANd9GcTPkqWROqoeDiBdBiGWLJgHNqx6x0-V18dHAdVHD3S9pqC_V6ix4EXjc1evALmnZxTpwHJpX0353KfSCJfUVaCLXikUgbHFbWtRhV9ZQi5UqSetz0w54laI,,,USD
Samsung,mobile,Samsung Galaxy S10+,$199.00,199.0,199.0,4.6,14000.0,Walmart - Reebelo,20,Free delivery,"https://www.google.com/search?ibp=oshop&q=Samsung&prds=catalogid:1555655332582815408,productid:3438119953937109073,headlineOfferDocid:17013104190491916547,imageDocid:16462841698345517512,rds:PC_2064156120049538632|PROD_PC_2064156120049538632,gpcid:2064156120049538632,mid:576462777793100451,pvt:hg&hl=en&gl=us&udm=28",https://encrypted-tbn0.gstatic.com/shopping?q=tbn:ANd9GcQMkU4nQzZolpKHZ_bB8D2g9lVQvQmDCWUgVXSyLachwLv9JkenoJVv4ODXIRxtf5lHEpS7o54RjLHT11YX30cBZTyGRzCHjw,,,USD
Samsung,mobile,Samsung RF27CG5400SR 26 Cu. Ft. Counter Depth 3-Door French Door Refrigerator,"$2,699.00",2699.0,2699.0,3.9,777.0,Samsung,21,,"https://www.google.com/search?ibp=oshop&q=Samsung&prds=catalogid:6559593562680557071,productid:10735717982767471349,headlineOfferDocid:6032703068332332015,rds:PC_16430743319129556919|PROD_PC_16430743319129556919,gpcid:16430743319129556919,mid:576462810919706498,pvt:hg&hl=en&gl=us&udm=28",https://encrypted-tbn3.gstatic.com/shopping?q=tbn:ANd9GcTCyvc2iiwubXW_ZLeX_SLb01fULW4Nbd6jcg-MBizOAbixl5j2WII4eysN7lannQdLvOkwhTi9LyMPHaTPqT7M03sGB--BEnzBXaB5qpy1v6sugYpNtxAtzg,,,USD
Samsung,mobile,Samsung Galaxy Z,"$1,249.97",1249.97,1249.97,4.4,7100.0,Target,22,Free delivery by Sat,"https://www.google.com/search?ibp=oshop&q=Samsung&prds=catalogid:4072730187229693695,productid:2648906642805019298,headlineOfferDocid:5076941290032608445,imageDocid:7106597989508849248,rds:PC_3232673062602871424|PROD_PC_3232673062602871424,gpcid:3232673062602871424,mid:576462719355083192,pvt:hg&hl=en&gl=us&udm=28",https://encrypted-tbn0.gstatic.com/shopping?q=tbn:ANd9GcQKgzd5gx86oodz3Paa4E2KQSP8zOnLByfS7dWLEofGyHXRm_8V_iObEaRta89a-RIsuSMYzYlTOQcUYoHH7wztx0_g_wik4vUGFwgbdhKv,,,USD
Samsung,mobile,Samsung Smart TV,$199.99,199.99,199.99,4.5,8700.0,Samsung,23,Free delivery,"https://www.google.com/search?ibp=oshop&q=Samsung&prds=catalogid:4507017133649713457,productid:16005930068600100406,headlineOfferDocid:9451735223949189370,imageDocid:9250097537830149322,rds:PC_7015169446026823090|PROD_PC_7015169446026823090,gpcid:7015169446026823090,mid:576462510836189916,pvt:hg&hl=en&gl=us&udm=28",https://encrypted-tbn2.gstatic.com/shopping?q=tbn:ANd9GcQ2US-i9TweqfDGctEzrHtJo64_kZNrevIDGazC9Ovxa8-7n3go-5QKGP_5PGurbk51OHv-VQM767TPvgVbDPPeUOdEKh8caH8ZlcF0JB7WzN_oE3K8uJwUvg,,,USD
Samsung,mobile,Samsung Galaxy A36 5G,$729.99,729.99,729.99,4.4,110000.0,Best Buy,24,,"https://www.google.com/search?ibp=oshop&q=Samsung&prds=catalogid:4357203636160217917,productid:6639732493840198997,headlineOfferDocid:16781112824388404933,imageDocid:17080045954412395526,rds:PC_2094322970772669367|PROD_PC_2094322970772669367,gpcid:2094322970772669367,mid:576462542884163174,pvt:hg&hl=en&gl=us&udm=28",https://encrypted-tbn2.gstatic.com/shopping?q=tbn:ANd9GcRaTSqRqIFGZsnxTbuvGvpFMIq4m3mOSzDc2UKO6vasQbyUXJO1rEmGvCG1Qmsl74V19ixER9QjrwEbwplZ6Fzc1U7NzAEt,,,USD
Samsung,mobile,Samsung 7.5-Cu. Feet Stackable Vented Electric Dryer DVE45T6000W,$729.00,729.0,729.0,4.3,3300.0,Samsung,25,,"https://www.google.com/search?ibp=oshop&q=Samsung&prds=catalogid:15130381614517655082,productid:17180475310574192162,headlineOfferDocid:10984353345922594086,rds:PC_18223174543505811545|PROD_PC_18223174543505811545,gpcid:18223174543505811545,mid:576462800797413680,pvt:hg&hl=en&gl=us&udm=28",https://encrypted-tbn3.gstatic.com/shopping?q=tbn:ANd9GcQli5jPJQquU9GmtatsS211iwX9SGmJrtvhrlkIm7g9WLcjwGHdjVSTNH0vzbFwOPsTl9ASDbXpkZkEifNsIJoqtDLmLir3phTcCa3gTw7V2vNxn4-vmUmE3A,,,USD
Samsung,mobile,SAMSUNG GALAXY Z 5G,$516.00,516.0,516.0,4.3,12000.0,Walmart - Reliant Cellular,26,,"https://www.google.com/search?ibp=oshop&q=Samsung&prds=catalogid:15060130511629889937,productid:16190044022238050091,headlineOfferDocid:37512410379956211,imageDocid:11997858884065120603,rds:PC_6500942693023472972|PROD_PC_6500942693023472972,gpcid:6500942693023472972,mid:576462719354877161,pvt:hg&hl=en&gl=us&udm=28",https://encrypted-tbn3.gstatic.com/shopping?q=tbn:ANd9GcTZ7Ip5J2gzsIha3GRINkfO-mlYez2CUOPSnj5E6GSZe8JRJUoIxKty0onFZAn6Y8A-UP0bQEhYb7eKdqb6Eu3x0pfF_bKOc1REdwEkPGY,,,USD
Samsung,mobile,Samsung Galaxy S21 FE 5G 128gb,$138.00,138.0,138.0,4.2,11000.0,UpTrade,27,Free delivery,"https://www.google.com/search?ibp=oshop&q=Samsung&prds=catalogid:4442971734315036701,productid:12213394617520549590,headlineOfferDocid:4134386345071730276,imageDocid:160531687847846113,rds:PC_15835457117629155936|PROD_PC_15835457117629155936,gpcid:15835457117629155936,mid:576462852651029777,pvt:hg&hl=en&gl=us&udm=28",https://encrypted-tbn1.gstatic.com/shopping?q=tbn:ANd9GcTTR24fQVBXz-z0AONTRE5K_KyNcXkHkvIvvXv36t7RfGaJ0CFKN9ZeD1sQnISVfTmll9Qafb4Qj0JbytRc700cwHO3HEhXzBJeAGOXoM0pIy75ebPuJlUbDg,,,USD
Samsung,mobile,"Samsung Bespoke Kitchen Package with AI 3-Door French Door Fridge, Silver","$3,606.00",3606.0,3606.0,4.0,1200.0,Samsung,28,Free delivery,"https://www.google.com/search?ibp=oshop&q=Samsung&prds=productid:9612982693302400643,headlineOfferDocid:9612982693302400643,imageDocid:12473209856273797976,rds:PC_8534801976108169175|PROD_PC_8534801976108169175,pvt:hg&hl=en&gl=us&udm=28",https://encrypted-tbn0.gstatic.com/shopping?q=tbn:ANd9GcQN403Q7T_KQO6-wj2gxBSiMeMEvUn__M5CBub7G4E_Ob5w-0_Ee25nY_yMlxik8Fp3CDBqKgxSoAN8zeKj0Yt50MVXQJ89lIN2lqkAeS0qzNTlEM5b5ilrBg,,,USD
Samsung,mobile,64GB Samsung Galaxy S8,$89.43,89.43,89.43,4.5,18000.0,KenRi's I.T Services,29,,"https://www.google.com/search?ibp=oshop&q=Samsung&prds=catalogid:2180014055246693368,productid:12842594086884063981,headlineOfferDocid:11993758395395181060,imageDocid:12328954941284802644,rds:PC_6475186212383108291|PROD_PC_6475186212383108291,gpcid:6475186212383108291,mid:576462294869481008,pvt:hg&hl=en&gl=us&udm=28",https://encrypted-tbn0.gstatic.com/shopping?q=tbn:ANd9GcRJdLTwhcwfvhmZrtyE3R5pYkfR34mQwsji_uTwdPKwqQ_HFSRMZcYKmGFWZohQaNmMJ6CYhZ7Fhu2WwLNQm9KZbZoFOFUG,,,USD
Samsung,mobile,Samsung Galaxy S20+ 128gb 5G,$175.95,175.95,175.95,4.3,5500.0,Walmart - Ideal Mobile,30,Free delivery,"https://www.google.com/search?ibp=oshop&q=Samsung&prds=catalogid:10436253249520453838,productid:2707187025063868298,headlineOfferDocid:14128751451128884402,imageDocid:5116916381214013769,rds:PC_3465359053274901105|PROD_PC_3465359053274901105,gpcid:3465359053274901105,mid:576462404432540472,pvt:hg&hl=en&gl=us&udm=28",https://encrypted-tbn1.gstatic.com/shopping?q=tbn:ANd9GcQy4Id0Mme8VU_bAOxSG-wLWZL8BF7kxzwOcFW_OaxMxE5R_gkBbghR7-az15sif_IYGueLfBvwLgN28rzLXCeLcZZs9o0f,,,USD
Samsung,mobile,Samsung Bespoke 30 Cu. Ft. 3-Door French Door Refrigerator with Beverage Center,"$1,599.00",1599.0,1599.0,4.4,2100.0,Snow Bros. Appliance,31,,"https://www.google.com/search?ibp=oshop&q=Samsung&prds=catalogid:1569641057987553561,productid:4959897676597705157,headlineOfferDocid:14789107293336183714,imageDocid:5388900902310799932,rds:PC_791824590959526160|PROD_PC_791824590959526160,gpcid:791824590959526160,mid:576462756533474790,pvt:hg&hl=en&gl=us&udm=28",https://encrypted-tbn2.gstatic.com/shopping?q=tbn:ANd9GcQl_driRmqYgX7uDnjstwrpv_AD5DetqyR0VsIdrtg2QH4fJGZd75jR_1qvUEd-r47sbVlMMxeoD8JdA7pgMFSOFOP9gBdIjVM2JxIPdUA,,,USD
Samsung,mobile,Samsung Bespoke 28.8 Cu. Ft French Door Refrigerator,"$2,194.00",2194.0,2194.0,4.4,7000.0,AJ Madison,32,Free delivery,"https://www.google.com/search?ibp=oshop&q=Samsung&prds=catalogid:7045375775830236437,productid:12790128487219888035,headlineOfferDocid:7285396290418453187,imageDocid:3461282412675305875,rds:PC_9176586303452669900|PROD_PC_9176586303452669900,gpcid:9176586303452669900,mid:576462461856945178,pvt:hg&hl=en&gl=us&udm=28",https://encrypted-tbn2.gstatic.com/shopping?q=tbn:ANd9GcRts-hmx0DCeXdvSCpGYrAxSkpb6u61LQj41cW9w9jT8R3jjNSNpSDHVBeAgLBRhhisA-s6sLb8UtnmEYmbsEHr9KaJCHcU0kKDae8lrkQ,,,USD
Samsung,mobile,Samsung OLED S90F 4K Smart TV,"$1,769.99",1769.99,1769.99,4.8,10000.0,Newegg.com - Walts TV,33,Free delivery,"https://www.google.com/search?ibp=oshop&q=Samsung&prds=catalogid:687459390062416895,productid:16135043182618784977,headlineOfferDocid:1497417506503515511,imageDocid:8719836419235357286,rds:PC_13409673499992857891|PROD_PC_13409673499992857891,gpcid:13409673499992857891,mid:576462518107262851,pvt:hg&hl=en&gl=us&udm=28",https://encrypted-tbn2.gstatic.com/shopping?q=tbn:ANd9GcTb0KEzv8M4Xct71f-TntEZbCBdGsnJa5WvcF2cqlHiaZ2_FJnVHsnAOyRw4MM3xLBlXXfgB0LvG9RIWMOByuMLywT_r0qYHg,,,USD
Samsung,mobile,Samsung Galaxy S23+,$413.34,413.34,413.34,4.6,12000.0,Walmart - havEarly Phone Supplier,34,Free delivery,"https://www.google.com/search?ibp=oshop&q=Samsung&prds=catalogid:13780270118860396032,productid:13449561055406519486,headlineOfferDocid:7545931638357037916,imageDocid:13196047997471836244,rds:PC_7058306629969671653|PROD_PC_7058306629969671653,gpcid:7058306629969671653,mid:576462549607400395,pvt:hg&hl=en&gl=us&udm=28",https://encrypted-tbn0.gstatic.com/shopping?q=tbn:ANd9GcTBuuSei4xc8hqjlOY0higp5ybwnUXKY5sZ3x580XBbq_XlMZYy5Lq6oiN9Grc2_S5ydy5DC0oyTIw8lT8fVryBUbhTr8LK,,,USD
Samsung,mobile,Samsung RF27CG5B10SR 26 Cu. Ft. French Door Refrigerator,"$2,499.00",2499.0,2499.0,4.1,194.0,Samsung,35,,"https://www.google.com/search?ibp=oshop&q=Samsung&prds=catalogid:7418996844880619964,productid:13762123601806077740,headlineOfferDocid:8179915101367109970,imageDocid:9280118867148940122,rds:PC_5104344754462579947|PROD_PC_5104344754462579947,gpcid:5104344754462579947,mid:576462810919430676,pvt:hg&hl=en&gl=us&udm=28",https://encrypted-tbn0.gstatic.com/shopping?q=tbn:ANd9GcTbXMGoQI-8KBM9jPQDk_44upHUGBtDw41lKE3g5WR9oy9FR_O_ahdmd8povpnArJfu93TZLUmF_0eofXKeX-h4YVf88wahnmIHwGAhg_1hkDylow-o8f0XZQ,,,USD
Samsung,mobile,Samsung 5.0 Cu. Ft. Smart Front Load Washer,$849.99,849.99,849.99,4.5,3800.0,PSEG,36,,"https://www.google.com/search?ibp=oshop&q=Samsung&prds=catalogid:5216507005802926555,productid:4317965703882510323,headlineOfferDocid:7606254909869313594,rds:PC_2453778655666442676|PROD_PC_2453778655666442676,gpcid:2453778655666442676,mid:576462796692108057,pvt:hg&hl=en&gl=us&udm=28",https://encrypted-tbn2.gstatic.com/shopping?q=tbn:ANd9GcRQtlDOp_5LfX3ylkTKBdQR3HpqyKtkATNGiUZ2_kHM6d59gNsw_MqkIFn18blTC9giB6SAZ7gr3M2x9VvX7gvdcqQAFxy_DTsLA0zM5i8V3KzyYxfWoT60,,,USD
Samsung,mobile,Samsung OLED 4K S95F Smart TV,"$2,299.99",2299.99,2299.99,4.8,39000.0,Merlin's TV & Appliance,37,,"https://www.google.com/search?ibp=oshop&q=Samsung&prds=catalogid:11715636070496803808,productid:15887818371068562541,headlineOfferDocid:3860466657742599247,imageDocid:2544030364908631460,rds:PC_14086073946244683030|PROD_PC_14086073946244683030,gpcid:14086073946244683030,mid:576462865198287633,pvt:hg&hl=en&gl=us&udm=28",https://encrypted-tbn0.gstatic.com/shopping?q=tbn:ANd9GcSuerIQU9yFlv3RktsERRl0IsuqFQaAZO830XShzHoKJfNrSvDhHGWZ7Xjvb4J3T78QOSAWHTGpZ11zVmeZmfISyw8vEjbV8-VTvBxwJSI,,,USD
Samsung,mobile,"Samsung Galaxy A36 5G A Series 128gb Unlocked Android Cell Phone with 50mp Camera, Awesome Black",$309.99,309.99,309.99,4.4,110000.0,Walmart - CELLSTOREUSA,38,,"https://www.google.com/search?ibp=oshop&q=Samsung&prds=productid:5972679250747719335,headlineOfferDocid:5972679250747719335,imageDocid:646752255589839662,rds:PC_2094322970772669367|PROD_PC_2094322970772669367,pvt:hg&hl=en&gl=us&udm=28",https://encrypted-tbn2.gstatic.com/shopping?q=tbn:ANd9GcQDYzAm8haUgyOZBrobu5QSh893-cx_1WdXY-zBlSP51TSODsHVYJWInHJhdP3DqNLdzk9K3PK2m0VR03DSY3-G8Km0YGOqPg,,,USD
Samsung,mobile,Samsung 27.4 Cu.Ft Stainless Refrigerator Side by Side,$799.99,799.99,799.99,4.2,9900.0,Ace Family Hardware,39,,"https://www.google.com/search?ibp=oshop&q=Samsung&prds=catalogid:9413128245314557608,productid:15957230937651428672,headlineOfferDocid:418237294306301824,rds:PC_4100937819047518479|PROD_PC_4100937819047518479,gpcid:4100937819047518479,mid:576462778790675877,pvt:hg&hl=en&gl=us&udm=28",https://encrypted-tbn0.gstatic.com/shopping?q=tbn:ANd9GcTkcln74qEgYoxdnDH0gIuSqUbtzHAJBhuocq8YkYfHKj3L9JE9nOqV3TJgrMGZcNOuGYT-Dp6SveLYqzZiFeAbx_NzjNBJd2y_8iMsTpgfFYgh3NM7kelv,,,USD
Samsung,mobile,Samsung A53 Galaxy 5G 128gb,$90.00,90.0,90.0,4.2,21000.0,Swappa,40,Free delivery,"https://www.google.com/search?ibp=oshop&q=Samsung&prds=catalogid:11405825002969552074,productid:13619538846820592832,headlineOfferDocid:18417780467198986037,imageDocid:5782286790584667134,rds:PC_928647197513735271|PROD_PC_928647197513735271,gpcid:928647197513735271,mid:576462669801332073,pvt:hg&hl=en&gl=us&udm=28",https://encrypted-tbn2.gstatic.com/shopping?q=tbn:ANd9GcS8uUO2VtItBR836-xGyXTAexoICN7XIH1ajz5hv-HdJLC0iubrSNtC-VrSFpKwRn-nizTP7iU6KJ4r2QxnHTOrI6wceq9I,,,USD
Xiaomi,mobile,Xiaomi Poco X7 Pro 5G Dual SIM Unlocked,$406.99,406.99,406.99,4.8,29000.0,Walmart - MyWorldPhone,1,,"https://www.google.com/search?ibp=oshop&q=Xiaomi&prds=catalogid:14998783640990168187,productid:11065940100285145292,headlineOfferDocid:8231697148291007183,imageDocid:2121217731172903228,rds:PC_7033307105854576301|PROD_PC_7033307105854576301,gpcid:7033307105854576301,mid:576462502932935192,pvt:hg&hl=en&gl=us&udm=28",https://encrypted-tbn0.gstatic.com/shopping?q=tbn:ANd9GcRgQ2dZslNtDB-uME_y6TT5QScqdrKOKCnYfOScNTcq-4VAl-sF-ixb9Qa0E9rKQq8x016EAYufJdGIm4TIbf9TjisIUR1l,,,USD
Xiaomi,mobile,Xiaomi Mi 13 Ultra 5G ROM 16GB RAM Dual SIM GSM Unlocked,$495.50,495.5,495.5,4.7,187.0,eBay - 5gsmartphonestore,2,Free delivery,"https://www.google.com/search?ibp=oshop&q=Xiaomi&prds=catalogid:7296482728811054322,productid:2744061310691531623,headlineOfferDocid:7449902615291692494,imageDocid:2615822206904285676,rds:PC_2618452658179645278|PROD_PC_2618452658179645278,gpcid:2618452658179645278,mid:576462751514464708,pvt:hg&hl=en&gl=us&udm=28",https://encrypted-tbn0.gstatic.com/shopping?q=tbn:ANd9GcTPCQM-Oscg4l43YA6z5fcoAlnK8vBqnIDEZ5qCdcDXJlMJxezWsOA_EdcG286rvwh9T8xYgDmElJH7OAZ_QNVd8A7uagM2nxW3evqWUx7DF-XN848zDvYU,,,USD
Xiaomi,mobile,Xiaomi 17 Ultra 5G Dual SIM,"$1,189.80",1189.8,1189.8,4.8,431.0,MI 4 Canada,3,Free delivery,"https://www.google.com/search?ibp=oshop&q=Xiaomi&prds=catalogid:16895626181366771666,productid:17426240118874341275,headlineOfferDocid:7811734188850848773,imageDocid:17696759288672924470,rds:PC_5568752279026963739|PROD_PC_5568752279026963739,gpcid:5568752279026963739,mid:576462883641451953,pvt:hg&hl=en&gl=us&udm=28",https://encrypted-tbn2.gstatic.com/shopping?q=tbn:ANd9GcRpB_gn2uikmiOJmneLvZbSMZLAVOXBdBpngTatv4-1mGsIz6JDh6gjISXfKWfRmUYQU10pz88icyQiH6AAw1v-LAjAWnyvPYu5ZwHosswp5iKlq7TNgx23,,,USD
Xiaomi,mobile,Xiaomi Pad 7,$302.99,302.99,302.99,4.8,8400.0,Techinn.com,4,,"https://www.google.com/search?ibp=oshop&q=Xiaomi&prds=catalogid:11844811294990464105,productid:13820749343482532123,headlineOfferDocid:3443875653576932441,imageDocid:822471842962943037,rds:PC_4320820885533354877|PROD_PC_4320820885533354877,gpcid:4320820885533354877,mid:576462510835818097,pvt:hg&hl=en&gl=us&udm=28",https://encrypted-tbn1.gstatic.com/shopping?q=tbn:ANd9GcSHDrr-Ew9GmqAScKEg5C6Xt-8i59DgEBe17_UQq5mWbhE9c0Fg0I9ZilOwfdulSIs3BvB88DGgVs_eQl753abcDWnWApk_TrWkSvWA_jRWqQZsBmlgeLU_K9U,,,USD
Xiaomi,mobile,Xiaomi 17 Ultra 5g 6.9” 16/1tb Global Version With Photography Kit,"$1,668.98",1668.98,1668.98,5.0,95.0,eBay - globaltone05,5,Free delivery,"https://www.google.com/search?ibp=oshop&q=Xiaomi&prds=productid:14973121103417745620,headlineOfferDocid:14973121103417745620,imageDocid:18243777814323803401,rds:PC_7358847205998996401|PROD_PC_7358847205998996401,pvt:hg&hl=en&gl=us&udm=28",https://encrypted-tbn1.gstatic.com/shopping?q=tbn:ANd9GcRQiksxvXohTSSrK3fx7N4MrIP0ZrpM85ME3Of8GF8wSJ-JN1ZcC01M24lyZYIUjIeusXj_jLL6mnhsrHC7L-CB7ePB2sq8CRbbd9MhF4XN79F_Nq90m8OUWg,,,USD
Xiaomi,mobile,Xiaomi Mi Jia Smart Home Gateway 3rd Generation Edition,$32.99,32.99,32.99,,,Xiaomi EU Store,6,,"https://www.google.com/search?ibp=oshop&q=Xiaomi&prds=catalogid:3336011807242005141,productid:618130065113684413,headlineOfferDocid:13047247794799423504,imageDocid:9559690873618040768,gpcid:9530679067740647383,mid:576462459563834704,pvt:hg&hl=en&gl=us&udm=28",https://encrypted-tbn0.gstatic.com/shopping?q=tbn:ANd9GcQBMgX17uBuqNkKayoUBNokjui260MJBHmt-Gw-dRzjCCQ-1rGw8O5hc20Zi-gRNbuJ8zTXtx27ZX2i2lMTFofk5z2MLaum,,,USD
Xiaomi,mobile,Xiaomi Poco F7 Ultra 5G ROM RAM Dual sim GSM Unlocked,$923.99,923.99,923.99,4.9,1400.0,Walmart - MyWorldPhone,7,Free delivery,"https://www.google.com/search?ibp=oshop&q=Xiaomi&prds=catalogid:1359745886080234098,productid:16765757245806006257,headlineOfferDocid:18411169827449576812,imageDocid:14391324031065090521,rds:PC_4382117883585192341|PROD_PC_4382117883585192341,gpcid:4382117883585192341,mid:576462820169726988,pvt:hg&hl=en&gl=us&udm=28",https://encrypted-tbn1.gstatic.com/shopping?q=tbn:ANd9GcTgkrJ-9F89aHw4eFEeH7AoBUN0zB8dK75FpwlMCqASpyzRO9gecdx0QTcXIY7V_GBqr13gDgSJK2i5TkGyEP_-6L0x4Kpvqg,,,USD
Xiaomi,mobile,Xiaomi 17 Pro Max 5G,"$1,005.76",1005.76,1005.76,4.4,133.0,MI 4 Canada,8,Free delivery,"https://www.google.com/search?ibp=oshop&q=Xiaomi&prds=catalogid:10627455903757053396,productid:11778711989610274454,headlineOfferDocid:4617997911095453307,imageDocid:12641096751789379252,rds:PC_3284074874028719571|PROD_PC_3284074874028719571,gpcid:3284074874028719571,mid:576462556213259673,pvt:hg&hl=en&gl=us&udm=28",https://encrypted-tbn0.gstatic.com/shopping?q=tbn:ANd9GcT6ZN22sIZ1SNtYO-wz-kcZMhaA3Mvr6J2SAjAspqplngxxq5vhVcy00wsijYTZA9CgSUbU9DBvPXaN1s-OvFZdl11CBPdI,,,USD
Xiaomi,mobile,Xiaomi Redmi Note 10 Pro,$120.00,120.0,120.0,4.6,10000.0,eBay - anddel-3237,9,Free delivery,"https://www.google.com/search?ibp=oshop&q=Xiaomi&prds=catalogid:15921597647523918336,productid:5769131427048525062,headlineOfferDocid:10883018545165638840,imageDocid:343465814060439233,rds:PC_16428186021843862620|PROD_PC_16428186021843862620,gpcid:16428186021843862620,mid:576462416896028309,pvt:hg&hl=en&gl=us&udm=28",https://encrypted-tbn1.gstatic.com/shopping?q=tbn:ANd9GcRCsLTmtSjgT5alaF-ChX-pgxsj98bEjLxZW7zYArcEWOAWAYRWoN97tpXvegcUGuOUn8CD0Vy6awIzj40NhmA_LEO527DnnvFonkcle34Yn94YMc3reGRHUw,,,USD
Xiaomi,mobile,Xiaomi Poco F6 Pro,$549.99,549.99,549.99,4.7,772.0,MyWorldPhone.com,10,Free delivery by Wed,"https://www.google.com/search?ibp=oshop&q=Xiaomi&prds=catalogid:6527916135405373750,productid:6857270346858022985,headlineOfferDocid:17256212265627179844,imageDocid:11292944842602586937,rds:PC_14997002917498745116|PROD_PC_14997002917498745116,gpcid:14997002917498745116,mid:576462803657368861,pvt:hg&hl=en&gl=us&udm=28",https://encrypted-tbn1.gstatic.com/shopping?q=tbn:ANd9GcTazKBWldIk59UjFIHR_Wx0behjaGEvR9vXD2D8fdTHlJbkuBUxDXtGCdVblyJ5AL3GyGv5MDMVUv92nrc-fVHiqlIzj27CuJKNMSaQeHqKZV8SLpeda-gK4g,,,USD
Xiaomi,mobile,"XIAOMI Poco X7 PRO 5G + 4G LTE (for Tmobile Mint Tello & Global) (256GB + 8GB) Ai 6.67"" 50MP Gamers Phone NFC Dual sim Unlocked Model 2412DPC0AG (",$152.83,152.83,152.83,,,ravir.de,11,,"https://www.google.com/search?ibp=oshop&q=Xiaomi&prds=productid:4427706460411382824,headlineOfferDocid:4427706460411382824,imageDocid:9620856248738084989,pvt:hg&hl=en&gl=us&udm=28",https://encrypted-tbn1.gstatic.com/shopping?q=tbn:ANd9GcQucDEEd_Gt_Aoum3Naba61mmedNrRyoTsNg8k322ygDDTSJlI8z_3wuScdzrrPWCAXvVX6Xj9U4nWYBrvm_pASZW9tMf2HSw,,,USD
Xiaomi,mobile,Xiaomi Redmi Note 14s,$238.99,238.99,238.99,4.8,883.0,Walmart - MyWorldPhone,12,,"https://www.google.com/search?ibp=oshop&q=Xiaomi&prds=catalogid:11889777325076195649,productid:7245070300472978167,headlineOfferDocid:11727571834079376574,imageDocid:9997520671431296244,rds:PC_13266518680433618906|PROD_PC_13266518680433618906,gpcid:13266518680433618906,mid:576462814991285447,pvt:hg&hl=en&gl=us&udm=28",https://encrypted-tbn0.gstatic.com/shopping?q=tbn:ANd9GcSuYmMA_tOuX7ve5cE3yhYmVb1CNkBEoVYOQ0rz0fmLjRcgbQmTu0ylGsITSMPWE4Yy7W_uvt9inV7YiuSdpEyWM8fyum257g,,,USD
Xiaomi,mobile,Redmi Xiaomi 13C 4G LTE,$169.00,169.0,169.0,4.4,7900.0,eBay,13,,"https://www.google.com/search?ibp=oshop&q=Xiaomi&prds=catalogid:11992268031251864356,productid:9724948936359803275,headlineOfferDocid:15159003273458721027,imageDocid:1545464236140367771,rds:PC_553980211621910287|PROD_PC_553980211621910287,gpcid:553980211621910287,mid:576462855824771366,pvt:hg&hl=en&gl=us&udm=28",https://encrypted-tbn3.gstatic.com/shopping?q=tbn:ANd9GcTnHzOUnD6i8uplB3SbYSxyCOgS7mWrd7b1dGNMyJrInK3PY1WmlIbb02NDyEJLl_0GcRMN75PHuLGKUU4WYhdzF78WtgcXRg,,,USD
Xiaomi,mobile,Xiaomi Smart Home Hub 2,$28.99,28.99,28.99,4.7,669.0,Techinn.com,14,,"https://www.google.com/search?ibp=oshop&q=Xiaomi&prds=catalogid:15205246104602105493,productid:13922511678831756785,headlineOfferDocid:17637636042583159774,imageDocid:13506579242395101797,rds:PC_7328858197474087465|PROD_PC_7328858197474087465,gpcid:7328858197474087465,mid:576462440396870252,pvt:hg&hl=en&gl=us&udm=28",https://encrypted-tbn1.gstatic.com/shopping?q=tbn:ANd9GcQsIo4fIMe7Yhb30YTdAdiMrQUfVDNexexgUphrcPXIA19RGy-ZX7OoAREXA9y_J_Z_oSkVIhOZdieoIW-tLcmR1j_aAaz5xM6NKyW43EK_8EWiurViUm2T,,,USD
Xiaomi,mobile,Xiaomi Mi Smart Kettle,$48.99,48.99,48.99,4.3,46.0,Xiaomi EU Store,15,,"https://www.google.com/search?ibp=oshop&q=Xiaomi&prds=catalogid:10089068064259293837,productid:2616250928652641558,headlineOfferDocid:9206511507692916917,imageDocid:8498626813439138750,rds:PC_5450908046593253383|PROD_PC_5450908046593253383,gpcid:5450908046593253383,mid:576462790276831042,pvt:hg&hl=en&gl=us&udm=28",https://encrypted-tbn2.gstatic.com/shopping?q=tbn:ANd9GcQxh_adpVdTFd6roTtVmR2EJgIa7Ag9doAFlRIHYg4isJce6j014ONShcZNNVK-lxZYJCUcdICHZRx1bpi37rw5v6-VqlhsPa8IZbtGlXvTJ6Qgqu0jB_XBhA,,,USD
Xiaomi,mobile,Xiaomi Mi Note 10 6GB RAM 128GB Dual SIM / Unlocked,$147.00,147.0,147.0,4.6,4100.0,eBay - lmiw1828,16,,"https://www.google.com/search?ibp=oshop&q=Xiaomi&prds=catalogid:6991036584145632146,productid:14684632328601233183,headlineOfferDocid:10376030012397376641,imageDocid:16393206805974994298,rds:PC_9676104256405933984|PROD_PC_9676104256405933984,gpcid:9676104256405933984,mid:576462671789842362,pvt:hg&hl=en&gl=us&udm=28",https://encrypted-tbn2.gstatic.com/shopping?q=tbn:ANd9GcRfnV5YjsftzLk5p7O5n6OhZKft1cat7eAdONm5N_L4wqJ-zvnoToAnYSCYWx5GfiihXKLizagffRR7lJV1R_lo9Uk8TUkPtsCLEqewAZE7L2vVu9I9PW9d,,,USD
Xiaomi,mobile,Xiaomi Poco F7 5G 512GB ROM 12GB RAM Dual Sim GSM Unlocked,$604.99,604.99,604.99,4.9,8800.0,Walmart - MyWorldPhone,17,,"https://www.google.com/search?ibp=oshop&q=Xiaomi&prds=catalogid:5513961009193982788,productid:182426722628061473,headlineOfferDocid:16003223652480250576,imageDocid:4011458225946454115,rds:PC_15148976852408121724|PROD_PC_15148976852408121724,gpcid:15148976852408121724,mid:576462849575840467,pvt:hg&hl=en&gl=us&udm=28",https://encrypted-tbn3.gstatic.com/shopping?q=tbn:ANd9GcSckxAiXWMZV6pe0sDL2v4IZCw1NFxdKd4-M858Lfhzz0656iWn-S-EIW3oE2IZtJelxBQwKt2xwbocHO6LXtqql1gEKVnD,,,USD
Xiaomi,mobile,Xiaomi 17 12GB+256GB White + 1-Year Warranty,$655.99,655.99,655.99,4.9,125.0,Bludiode European Transactions,18,Free delivery,"https://www.google.com/search?ibp=oshop&q=Xiaomi&prds=productid:16797301955906940979,headlineOfferDocid:16797301955906940979,imageDocid:5025302822261052446,rds:PC_3816196488328616392|PROD_PC_3816196488328616392,pvt:hg&hl=en&gl=us&udm=28",https://encrypted-tbn2.gstatic.com/shopping?q=tbn:ANd9GcSCdmhsVKB6dG4ZK3MSpqAijmAhY1mlFjqewN5qtlSuoNysWVi71fdCco3IuBmcvXT2tcnsds2wun65S9_ek7Zh_QM6xbZCy_kj3MD1KAD_hEhe_iDbUxlmeA,,,USD
Xiaomi,mobile,Xiaomi 17 Pro Smartphone Android 16 Snapdragon 8 Elite Gen 5 Octa Core,"$1,015.99",1015.99,1015.99,4.4,145.0,eBay - likesell365,19,Free delivery,"https://www.google.com/search?ibp=oshop&q=Xiaomi&prds=productid:10605189361042895840,headlineOfferDocid:10605189361042895840,imageDocid:9669808978005248707,rds:PC_772329185515210719|PROD_PC_772329185515210719,pvt:hg&hl=en&gl=us&udm=28",https://encrypted-tbn3.gstatic.com/shopping?q=tbn:ANd9GcTxdIeEl-uF3yCrErGuK5jONARZN0EJ9_RMVkmXx-04gt2ivgRrBh_1VMxnIMRKlarjFJ6oQPx3PGKPRzmB9GAZJcFW63emz_9NFM2bYlbipo5j2x7SU45t,,,USD
Xiaomi,mobile,Xiaomi Redmi Pad SE 8.7,$138.99,138.99,138.99,4.9,15000.0,Techinn.com,20,,"https://www.google.com/search?ibp=oshop&q=Xiaomi&prds=catalogid:7924525535942385857,productid:16817177510325682850,headlineOfferDocid:3156890687133814797,imageDocid:2698630453476386911,rds:PC_13929241110048363270|PROD_PC_13929241110048363270,gpcid:13929241110048363270,mid:576462900151444649,pvt:hg&hl=en&gl=us&udm=28",https://encrypted-tbn3.gstatic.com/shopping?q=tbn:ANd9GcTo0ETMyCRyWS6ZFtDXIIsIbR6neTOyxGwIkaLxPTb-SKXs2No34n35JbAOLggu6PQht4k60thFgXmGg87MFgbY952T1R0ae8fjeBHRtZBNgjoXyReCHMNiSA,,,USD
Xiaomi,mobile,Xiaomi Redmi 13C 5G 256gb ROM 8GB RAM Dual SIM GSM Unlocked - Blue,$219.99,219.99,219.99,,,Walmart - MyWorldPhone,21,Free delivery,"https://www.google.com/search?ibp=oshop&q=Xiaomi&prds=productid:8927090255408749580,headlineOfferDocid:8927090255408749580,imageDocid:3435029884410638287,pvt:hg&hl=en&gl=us&udm=28",https://encrypted-tbn3.gstatic.com/shopping?q=tbn:ANd9GcTVgTQGYlpb2G8r3K0vy7LC4CqcNqErVS8dYmerLOcS8nTUqKL7QYrbouiI_3ZP28_mXp4WySwsLqo7BXM912WMIu4ybCQs,,,USD
Xiaomi,mobile,Xiaomi Civi 5g 6.55 Inch 256gb Rom 12gb Ram Cell Phone Excellent,$183.20,183.2,183.2,,,eBay,22,Free delivery,"https://www.google.com/search?ibp=oshop&q=Xiaomi&prds=productid:10814109207621229350,headlineOfferDocid:10814109207621229350,imageDocid:12640098745573863314,pvt:hg&hl=en&gl=us&udm=28",https://encrypted-tbn2.gstatic.com/shopping?q=tbn:ANd9GcTVC7VHbpKcoud0HWXBWRmNvXn5sp0WFwHYcDxpjCF2yJgwlGyfmLnJSRtmxW9waCvfsXtbk2Z5vtNvT5r6GfS2lTanBAD5Dy9rA9XXZLkXqRESAb4d4KcxzA,,,USD
Xiaomi,mobile,Xiaomi Redmi Note 14 5G Dual Sim 256GB White (8GB RAM) - China Version at Etoren,$315.00,315.0,315.0,4.7,26.0,Etoren.com,23,,"https://www.google.com/search?ibp=oshop&q=Xiaomi&prds=productid:6636534884027215763,headlineOfferDocid:6636534884027215763,imageDocid:7757289278230004825,rds:PC_8685280788731161613|PROD_PC_8685280788731161613,pvt:hg&hl=en&gl=us&udm=28",https://encrypted-tbn1.gstatic.com/shopping?q=tbn:ANd9GcSuZTJbKBoCkZXVisPBBxI0c2xP02G-Wo42SF6Luw0oSZd-A-zaWpf-6yXxhnXpBKCkLs0veAeN_e-TwMsoT5h8K25_k8AlLw,,,USD
Xiaomi,mobile,"Redmi Note 14 Pro 5G Dual SIM, 12GB/256GB - Aurora Purple (Global)",$289.00,289.0,289.0,4.7,12000.0,PDAPlaza Canada,24,,"https://www.google.com/search?ibp=oshop&q=Xiaomi&prds=productid:358300776461464145,headlineOfferDocid:358300776461464145,imageDocid:12942450642109523716,rds:PC_12876536217781531422|PROD_PC_12876536217781531422,pvt:hg&hl=en&gl=us&udm=28",https://encrypted-tbn0.gstatic.com/shopping?q=tbn:ANd9GcQ6r0jm8hhgwvf1vCKJSpZl3R7GF5fPV2XTfg0zw0mX8ELYKrDza-8UazeN02P7gW9g4mpT-FO0hOyWxKBDfahZKIZl8kTEMOqtjxbGRutXNBqqB4BLKGed,,,USD
Xiaomi,mobile,Xiaomi 17 Pro Max 5g | Snapdragon 8 Elite Gen5 | 7500mah 100w/50w |,"$1,345.98",1345.98,1345.98,4.4,133.0,eBay - kiplink,25,Free delivery,"https://www.google.com/search?ibp=oshop&q=Xiaomi&prds=productid:10960327949537342618,headlineOfferDocid:10960327949537342618,imageDocid:11553238892189354283,rds:PC_3284074874028719571|PROD_PC_3284074874028719571,pvt:hg&hl=en&gl=us&udm=28",https://encrypted-tbn3.gstatic.com/shopping?q=tbn:ANd9GcTqSvUAJ3L_dUcOJtGbislHOkPLxtYTbZNHsFKu5atYTTK-ys7iFzjOO_58LvfVHNfBrf97SN8u--sWJpKgJ0LRWsykQi21ph25mGK8w3OGpT0r4J8srVap4Q,,,USD
Xiaomi,mobile,Xiaomi Smart Band 9,$21.49,21.49,21.49,4.8,30000.0,Bikeinn.com,26,,"https://www.google.com/search?ibp=oshop&q=Xiaomi&prds=catalogid:5660795032670126995,productid:12564250934566053529,headlineOfferDocid:13786562253277598415,imageDocid:4365105672319300520,rds:PC_12355536467329564708|PROD_PC_12355536467329564708,gpcid:12355536467329564708,mid:576462790725702825,pvt:hg&hl=en&gl=us&udm=28",https://encrypted-tbn0.gstatic.com/shopping?q=tbn:ANd9GcR210rs3-ljVLdNuEWnv1I2Qa1pDSXEcwR-Dw88-G5WjcE_j2ip-SAgzZ-iCrzzBUvu_bxN2YvM8C3V4MYMFglbJ-PUq5Lc_kHKOH4jfrEI,,,USD
Xiaomi,mobile,Xiaomi Redmi Note 14 Pro 5G,$351.27,351.27,351.27,4.7,12000.0,Sears - Ami Ventures Inc,27,Free delivery,"https://www.google.com/search?ibp=oshop&q=Xiaomi&prds=catalogid:11718883362600874279,productid:6643327038169711554,headlineOfferDocid:459749961609800931,imageDocid:7392836144589322749,rds:PC_12876536217781531422|PROD_PC_12876536217781531422,gpcid:12876536217781531422,mid:576462816912353824,pvt:hg&hl=en&gl=us&udm=28",https://encrypted-tbn1.gstatic.com/shopping?q=tbn:ANd9GcSJrbwZC39TdeKRBL609d_p6cH-jCLYSJc65Xq1aQeul3ePcVba3Zh3Ncw8vYW6EqsGHkQa7kWgU2NaN3-fw6bIIQvLf6f_PHUOoIAydskwQMIPVwOTBSUsfg,,,USD
Xiaomi,mobile,"Xiaomi 13 6.36"" 50mp 128gb 256gb 512gb Snapdragon 8 Gen 2 Smartphone",$259.00,259.0,259.0,4.6,456.0,eBay - winwin2010,28,Free delivery,"https://www.google.com/search?ibp=oshop&q=Xiaomi&prds=productid:11815331806304281806,headlineOfferDocid:11815331806304281806,imageDocid:4127928290618763755,rds:PC_5052341412606338064|PROD_PC_5052341412606338064,pvt:hg&hl=en&gl=us&udm=28",https://encrypted-tbn3.gstatic.com/shopping?q=tbn:ANd9GcTXOWTajEo083zAxf59SDn4gRWt-SR3nPgL-Oo3Oi4-petxp_n_ypWHrHTzR5X8rSJSLRifkvpC-Sn9LQ35Fi5GQFNMztuETZSXov8Hx36dYpf6_ghLUQHlwA,,,USD
Xiaomi,mobile,"Xiaomi Redmi Pad SE WiFi 11"" Octa Core",$76.00,76.0,76.0,4.8,7700.0,BrickStone Kitchen + Bar,29,,"https://www.google.com/search?ibp=oshop&q=Xiaomi&prds=catalogid:11650307217745195537,productid:3586539483090791447,headlineOfferDocid:16083069003759260030,imageDocid:10666144682207083394,rds:PC_4952530256119200341|PROD_PC_4952530256119200341,gpcid:4952530256119200341,mid:576462893631020637,pvt:hg&hl=en&gl=us&udm=28",https://encrypted-tbn2.gstatic.com/shopping?q=tbn:ANd9GcSS1m0Qq5NXuD4iQ-EmHcXTBAnAHPZJto2q3DKIZ2M2fW_R6OYbKdOeoCbOZyBu1Up1yzzXUFhBw-pTJcYGquNJWrbfQB5c,,,USD
Xiaomi,mobile,Xiaomi Mi Jia Smart Wireless Switch,$17.99,17.99,17.99,4.5,33.0,Xiaomi EU Store,30,,"https://www.google.com/search?ibp=oshop&q=Xiaomi&prds=catalogid:8666973531309083705,productid:10770729365249960341,headlineOfferDocid:5214149845934150596,imageDocid:14537584379714413080,rds:PC_12487089595361282384|PROD_PC_12487089595361282384,gpcid:12487089595361282384,mid:576462835713498545,pvt:hg&hl=en&gl=us&udm=28",https://encrypted-tbn0.gstatic.com/shopping?q=tbn:ANd9GcQYw7IL_L1IR8IUbXeFB2sOwIrcHy5tKzQH457VqrvK45y6Pd6GcuxY8S-13mZ9sYecfipeKlTSK3UPG8sU599EXoS5y_E1,,,USD
Xiaomi,mobile,Xiaomi 17 Ultra Smartphone 6.9′′ AMOLED Snapdragon 8 Elite Gen 5 Android 16,"$1,315.00",1315.0,1315.0,4.8,427.0,eBay - helloworld2003,31,,"https://www.google.com/search?ibp=oshop&q=Xiaomi&prds=productid:11151746074345165115,headlineOfferDocid:11151746074345165115,imageDocid:808260896225881514,rds:PC_5568752279026963739|PROD_PC_5568752279026963739,pvt:hg&hl=en&gl=us&udm=28",https://encrypted-tbn2.gstatic.com/shopping?q=tbn:ANd9GcQXuS3Nys5LNc2lijAPQw_DrpbRd5SXeZsHKuz--0luY_iKYNne3OjluBMlcSBNXm_ICQRcibIBlnmRvAdK2V3OxKH1ewnxiaiQl2qtj4WeJ_SGtW8uWT8JRA,,,USD
Xiaomi,mobile,Xiaomi Smart Camera C400,$40.99,40.99,40.99,4.9,8500.0,Techinn.com,32,,"https://www.google.com/search?ibp=oshop&q=Xiaomi&prds=catalogid:15745168502738977746,productid:12482389136500761181,headlineOfferDocid:426584075992711419,imageDocid:2854348228992541879,rds:PC_15417562210260799052|PROD_PC_15417562210260799052,gpcid:15417562210260799052,mid:576462732865620221,pvt:hg&hl=en&gl=us&udm=28",https://encrypted-tbn3.gstatic.com/shopping?q=tbn:ANd9GcQCdbf_1EncR5BVVmfvV7JDXOsqlo4cV3T_yOL2ojRl39fpL2HdE1obcUc9ee_VaavN83hoWUSUmkJqWurGB_gadyCXVjCadQwFO5U-diXwGcJJWw8eNnInzA,,,USD
Xiaomi,mobile,Xiaomi Smart Band 10,$42.35,42.35,42.35,4.9,23000.0,dynsol,33,,"https://www.google.com/search?ibp=oshop&q=Xiaomi&prds=catalogid:5015261823280694878,productid:5854580022303519281,headlineOfferDocid:15239849866260518941,imageDocid:2096568864279653136,rds:PC_9185057092000426621|PROD_PC_9185057092000426621,gpcid:9185057092000426621,mid:576462886067697283,pvt:hg&hl=en&gl=us&udm=28",https://encrypted-tbn0.gstatic.com/shopping?q=tbn:ANd9GcQnL7ZhB-x2vVH1pOooDK2V_fWbySFH6CXxZyX8e5UpmVyzAmcBoGnmbVsZrJ7Ey2lclEPGonvmRuazvaYXnA4VG6nOynYEbA,,,USD
Xiaomi,mobile,Xiaomi 14 Civi,$695.00,695.0,695.0,,,eBay,34,Free delivery,"https://www.google.com/search?ibp=oshop&q=Xiaomi&prds=catalogid:17892470232081731078,productid:1392801521743004471,headlineOfferDocid:17224473950230587413,imageDocid:13855937114961395782,gpcid:2779868560110113203,mid:576462847615941962,pvt:hg&hl=en&gl=us&udm=28",https://encrypted-tbn2.gstatic.com/shopping?q=tbn:ANd9GcSpUNkq1UNgaFALUFNjJNDkn8cvsOrGDVTyEybDSghECXB3_mZslnOsr9Ye4T5uP1RRtPh1xyRoSksrFihLBqqSyGDfmSAkOTJeOV0tqOnw,,,USD
Xiaomi,mobile,"Xiaomi Redmi 14C, 128GB, 6.8in , Unlocked, New, Sealed",$259.00,259.0,259.0,4.7,21000.0,Poshmark,35,,"https://www.google.com/search?ibp=oshop&q=Xiaomi&prds=productid:11162466146401354960,headlineOfferDocid:11162466146401354960,imageDocid:16662447757898807821,rds:PC_11504663859095761433|PROD_PC_11504663859095761433,pvt:hg&hl=en&gl=us&udm=28",https://encrypted-tbn1.gstatic.com/shopping?q=tbn:ANd9GcRJBwIFj0CE-0KcOSFflZkJBW3p01YPbEOBGyCgvvBTZ7kuMmOfRvm9U3A63DT0gdts6aYHcS5M1ZQaKNrljPa73q9_feFJoWIU63YQIznPn9MGLZ5a8aoU,,,USD
Xiaomi,mobile,"Unlocked Xiaomi Mi 11 Ultra 5g 256/512gb Dual Sim 6.81"" 50mp 5000mah",$336.00,336.0,336.0,4.6,455.0,eBay - phoneandaccessory,36,,"https://www.google.com/search?ibp=oshop&q=Xiaomi&prds=productid:2960516055797682989,headlineOfferDocid:2960516055797682989,imageDocid:14530384519300470851,rds:PC_942552831881692500|PROD_PC_942552831881692500,pvt:hg&hl=en&gl=us&udm=28",https://encrypted-tbn3.gstatic.com/shopping?q=tbn:ANd9GcSbkBnQHqx7PG58pBg-aCZd1gaKFAN3hd45NzXmIknbrv1QUmPhQ1_CzyM1DW48TEfYuTAKF_JFoC852mS3mLfMOe9q5LyYxHfU1UZiX6Nk,,,USD
Xiaomi,mobile,Xiaomi 2 Pro Kettle,$45.99,45.99,45.99,4.6,307.0,Techinn.com,37,,"https://www.google.com/search?ibp=oshop&q=Xiaomi&prds=catalogid:14970048744685757918,productid:9595006997302295523,headlineOfferDocid:9494445318349389029,imageDocid:4164328888159112091,rds:PC_15509379228525061808|PROD_PC_15509379228525061808,gpcid:15509379228525061808,mid:576462497821915394,pvt:hg&hl=en&gl=us&udm=28",https://encrypted-tbn3.gstatic.com/shopping?q=tbn:ANd9GcQk_aHN-4Ef_vT6FQeKmp3j1uP8iFAmTJXqLFU0Rq7uECBB4ST10mOYYd-Sf6cB-vIDtxbVbLWllzt5C78FrxsjTKAmXcfyIPFiPZbrcBtY2spkRVNuvIFOOQ,,,USD
Xiaomi,mobile,"Xiaomi 14"" Smartphone",$699.00,699.0,699.0,,,eBay - easterngood,38,Free delivery,"https://www.google.com/search?ibp=oshop&q=Xiaomi&prds=catalogid:14164397489715651863,productid:6875152767236973852,headlineOfferDocid:5578409812764104377,imageDocid:4000937225829487991,gpcid:2820590075555441480,mid:576462765155945185,pvt:hg&hl=en&gl=us&udm=28",https://encrypted-tbn3.gstatic.com/shopping?q=tbn:ANd9GcQ7WEA_jmQJjOi6yboCYw7z2-3KZo7SkvIjXPfctMbjcmvPZmeaa1hNNPKOYIbks1CxwTcDZb7OL_-5JU1jJracgqbul4NXW6ZeUwnR5-9YM-IWAG_lz8q-,,,USD
Xiaomi,mobile,Xiaomi Electric Kettle 2,$35.00,35.0,35.0,4.8,2600.0,Diginet Store,39,,"https://www.google.com/search?ibp=oshop&q=Xiaomi&prds=catalogid:9601991201942864584,productid:942343845469567025,headlineOfferDocid:8349245929537730515,imageDocid:8868345662309622901,rds:PC_3377292609808902488|PROD_PC_3377292609808902488,gpcid:3377292609808902488,mid:576462511259258738,pvt:hg&hl=en&gl=us&udm=28",https://encrypted-tbn1.gstatic.com/shopping?q=tbn:ANd9GcS43nf4SkmSGH488aImpmJldtU9Qkht_YL0SMuuuBRkgGNCZbmi9puaUcxzo_gxkjpkyNOacRHyjOGDmiryfdWhQXtMMTgBMA,,,USD
Xiaomi,mobile,Xiaomi Redmi Pad SE 11.0 inch Wifi 128GB Purple (6GB RAM) - China Version at Etoren,$219.00,219.0,219.0,4.8,7700.0,Etoren.com,40,,"https://www.google.com/search?ibp=oshop&q=Xiaomi&prds=productid:10121838997793831179,headlineOfferDocid:10121838997793831179,imageDocid:1531038664520728067,rds:PC_4952530256119200341|PROD_PC_4952530256119200341,pvt:hg&hl=en&gl=us&udm=28",https://encrypted-tbn3.gstatic.com/shopping?q=tbn:ANd9GcSkFVdn6Mu6VkMpoqZFG3pl0koNVjkaIR8S1ZhTlsUffxkfhemu_oqK3nwGPDSKZ6t28mB1dOt9IJJxzMMP3FdpVWj4I8IA,,,USD
Nothing,mobile,NOTHING Graphic Digital Download Image Joke Prank Gag Gift,$0.99,0.99,0.99,,,Etsy - DigiSmartPress,1,Free delivery,"https://www.google.com/search?ibp=oshop&q=Nothing&prds=productid:11138978360939571023,headlineOfferDocid:11138978360939571023,imageDocid:2335204368378742678,pvt:hg&hl=en&gl=us&udm=28",https://encrypted-tbn2.gstatic.com/shopping?q=tbn:ANd9GcTx-FyHuX6BrkwQJF1lwpwX6JaO3Wy2S1Nh_Bx7QlcadRak-Y-PbSOQRXNgy39Lxltbn8gULEl0IaExnl2jNydx3Lf9BIQaxg,,,USD
Nothing,mobile,Nothing Phone,$799.99,799.99,799.99,4.7,493.0,Best Buy,2,Free delivery,"https://www.google.com/search?ibp=oshop&q=Nothing&prds=catalogid:3520551243489243715,productid:4012672635672424154,headlineOfferDocid:17296074380414690097,imageDocid:10952966088663035078,rds:PC_16127829128511898291|PROD_PC_16127829128511898291,gpcid:16127829128511898291,mid:576462835053825743,pvt:hg&hl=en&gl=us&udm=28",https://encrypted-tbn2.gstatic.com/shopping?q=tbn:ANd9GcT06amVQsBNnfvhTOiuvRoVCdnCw5IXNsb_1EiRULFyhGfhBZuggwqORGtOt1mZiwaAjKC3x6aN13oW1L_fPZh3EcQLp8k7Z9kcLb9x-q29lIZ8LqHxcqfn,,,USD
Nothing,mobile,Nothing Ear 2024 Wireless Earbuds,$109.00,109.0,109.0,4.6,891.0,Nothing US,3,Free delivery by Wed,"https://www.google.com/search?ibp=oshop&q=Nothing&prds=catalogid:8234494512552705530,productid:4438899476593456363,headlineOfferDocid:13002765508858305402,imageDocid:14243858679467131185,rds:PC_1369772385361214601|PROD_PC_1369772385361214601,gpcid:1369772385361214601,mid:576462529878060707,pvt:hg&hl=en&gl=us&udm=28",https://encrypted-tbn1.gstatic.com/shopping?q=tbn:ANd9GcThkVi9XcwB2e4LvkeGHjbYvPzk7Nzn9ty3E5nFNNmY2O_ghf6zEe-s977VHv5NUj9WWwKRFW5XqFoJa-qEjd305MH9OHgJBEjKcz4Gx5TUNVPSoCErwEa1hw0,,,USD
Nothing,mobile,Nothing Phone 4 a 5G 128GB 8GB RAM Gsm Unlocked Phone Qualcomm SM7635-AC Snapdragon 7s Gen 4 50MP,$350.99,350.99,350.99,4.4,1200.0,Swiftronics USA,4,,"https://www.google.com/search?ibp=oshop&q=Nothing&prds=catalogid:8508199431863139552,productid:2695270217015438501,headlineOfferDocid:6809240134049708539,imageDocid:12189941724446486452,rds:PC_5001907228501824688|PROD_PC_5001907228501824688,gpcid:5001907228501824688,mid:576462881555721880,pvt:hg&hl=en&gl=us&udm=28",https://encrypted-tbn0.gstatic.com/shopping?q=tbn:ANd9GcRu4NefcRPn786hCOfWEmtLnRMCVToKikhGSHdSBicQyD-XDDXLM6vwXRbdZCMUr-NhGeErcPm-LIQB1fMOh6_Ar6ISdarsFd6whAY8f1V5,,,USD
Nothing,mobile,Nothing Headphone Hybrid Active Noise Cancelling Headphones,$299.00,299.0,299.0,4.8,373.0,Best Buy,5,Free delivery,"https://www.google.com/search?ibp=oshop&q=Nothing&prds=catalogid:9465036878436651571,productid:6301785134951310526,headlineOfferDocid:4156268253425997331,imageDocid:3321368407530078399,rds:PC_12534570111090811875|PROD_PC_12534570111090811875,gpcid:12534570111090811875,mid:576462833516418749,pvt:hg&hl=en&gl=us&udm=28",https://encrypted-tbn3.gstatic.com/shopping?q=tbn:ANd9GcR_TIRugN5VyjOTv5v2wcGBu6ZPOlfcp5jQI2YQbd2HkUfVMpu8endWqZZ5O3gT-wn0SA060I_kom-EHEKc5xzpo_GvFAu5jBzvjX1DIS033GBuTD-V0a_g,,,USD
Nothing,mobile,Nothing Phone Dual SIM 5G,$379.99,379.99,379.99,4.8,468.0,eBay,6,Free delivery,"https://www.google.com/search?ibp=oshop&q=Nothing&prds=catalogid:7325217047670441261,productid:11991870832017456189,headlineOfferDocid:3166035982048057076,imageDocid:13028006968106750764,rds:PC_17436641115210096660|PROD_PC_17436641115210096660,gpcid:17436641115210096660,mid:576462460361716521,pvt:hg&hl=en&gl=us&udm=28",https://encrypted-tbn0.gstatic.com/shopping?q=tbn:ANd9GcQsXKeAQRwa9aWIywckqvSJdD2PcQRtIy_S1zuZHQ4BBK5SwyDmBAuIqh6HGVItQKRtl5WWAp8GstQWD_2Ohpdrh3996WwPY6YryayaIyAC6GwB53QPjaY-GA,,,USD
Nothing,mobile,Nothing - Phone (4a) Pro 256GB (Unlocked) - Black,$599.99,599.99,599.99,4.4,676.0,Best Buy,7,Free delivery by Sat,"https://www.google.com/search?ibp=oshop&q=Nothing&prds=productid:7670836587855907815,headlineOfferDocid:7670836587855907815,imageDocid:4005955712911739143,rds:PC_2901239192010480193|PROD_PC_2901239192010480193,pvt:hg&hl=en&gl=us&udm=28",https://encrypted-tbn3.gstatic.com/shopping?q=tbn:ANd9GcQw9MvsbFvmKXJWf-a-FcfUKTrFalP9w9J30jL79CkYtQ5WhyAXp8wylKQ3nXsnkDb9yFqii3nkM3OXyoP2ZtMwRVjMF2nCNLvmOSHkPZKO8aURmtP3TOqN,,,USD
Nothing,mobile,Nothing Phone 256GB,$301.88,301.88,301.88,4.7,1000.0,Bfix,8,,"https://www.google.com/search?ibp=oshop&q=Nothing&prds=catalogid:15050673865048022596,productid:11116990345789575097,headlineOfferDocid:13650284184205402627,imageDocid:2864638858020815455,rds:PC_13684307289004167628|PROD_PC_13684307289004167628,gpcid:13684307289004167628,mid:576462814202792322,pvt:hg&hl=en&gl=us&udm=28",https://encrypted-tbn3.gstatic.com/shopping?q=tbn:ANd9GcQmM1pfL7HB8KTNc4Bsksj60m9Y49ghEG6lImhWutYtbAuHVZdY0cgW7yrZmU36rP4L5nQNFKdJJib-RNMne1SBjkLaok8AIfbwSmDidHukZna03SYVGSGByw,,,USD
Nothing,mobile,Nothing Phone 2a Plus 5G Smartphone,$130.00,130.0,130.0,4.8,221.0,heesakkersinfra.nl,9,Free delivery,"https://www.google.com/search?ibp=oshop&q=Nothing&prds=catalogid:10526438601547189805,productid:15411521639370074669,headlineOfferDocid:16596415746179583119,imageDocid:9493395316159587747,rds:PC_5237687304842151423|PROD_PC_5237687304842151423,gpcid:5237687304842151423,mid:576462782974217784,pvt:hg&hl=en&gl=us&udm=28",https://encrypted-tbn3.gstatic.com/shopping?q=tbn:ANd9GcSkkb3EvQJ9ImMAbIFbkyaZ2Zen8m-Hx0SPNqKa--SOcJhKRSTPTmhuDmLrC6PX570WZrj8Z4gtLEJeE8z2_qUzcPWSQDuwng,,,USD
Nothing,mobile,Nothing Ears True Wireless Bluetooth Earphones,$179.00,179.0,179.0,4.8,206.0,Best Buy,10,Free delivery,"https://www.google.com/search?ibp=oshop&q=Nothing&prds=catalogid:3291657717481451993,productid:6976358242660567416,headlineOfferDocid:15757297731592457720,imageDocid:6902033903780942232,rds:PC_425888014126946729|PROD_PC_425888014126946729,gpcid:425888014126946729,pvt:hg&hl=en&gl=us&udm=28",https://encrypted-tbn0.gstatic.com/shopping?q=tbn:ANd9GcTfyZ-oDNzAXDnvqNOZc8Y-4kfvHaARgM9QdOVM3zr3AlM9mBC80AL4u0Uhtal6fk2tvwmpYSmV8oGWOufywzMAHgWy_NoRzMzB-aCYcYfLMkUrAWvuza3J,,,USD
Nothing,mobile,Nothing Phone 3a Lite 5G,$369.98,369.98,369.98,4.8,213.0,eBay - globaltone05,11,Free delivery,"https://www.google.com/search?ibp=oshop&q=Nothing&prds=catalogid:14107119450368430174,productid:495689171678228933,headlineOfferDocid:18094447596758870317,imageDocid:11056660021304623107,rds:PC_1188226152943200491|PROD_PC_1188226152943200491,gpcid:1188226152943200491,mid:576462524089789996,pvt:hg&hl=en&gl=us&udm=28",https://encrypted-tbn3.gstatic.com/shopping?q=tbn:ANd9GcRkX0CUXKyZz808qNH5tfIAjh3pi_XkiFyM1dxSSY30GCkfjRMOxxdd2eqQq631WijR9ddbH-Y5itRVhGqqzCaFi3vRgCGcyQWDyfbMt8ju,,,USD
Nothing,mobile,"Nothing - Guilty Of Everything (10th Anniversary, Silver) LP (Vinyl)",$14.00,14.0,14.0,,,Oldies.com,12,,"https://www.google.com/search?ibp=oshop&q=Nothing&prds=catalogid:13901559279562450115,productid:14533771707759642023,headlineOfferDocid:14104406007534876382,imageDocid:14659792018044668327,pvt:hg&hl=en&gl=us&udm=28",https://encrypted-tbn3.gstatic.com/shopping?q=tbn:ANd9GcTRRT8ncIe9k_oufNWfEupWmHBjODdD_NAyWDDZOS_Ue-YSF-vSn8twFfm8nXIsN9Cz4T0q74PmCsR0nOuGlFkA0mo4ZeLhEQ,,,USD
Nothing,mobile,Nothing: A Portrait of Insomnia,$13.54,13.54,13.54,,,Target,13,Free delivery on $35+,"https://www.google.com/search?ibp=oshop&q=Nothing&prds=catalogid:11191780760857976764,productid:11741074191097046989,headlineOfferDocid:1945198686804118534,imageDocid:17816145458024487846,gpcid:10457701711061105647,mid:576460832400496221,pvt:hg&hl=en&gl=us&udm=28",https://encrypted-tbn2.gstatic.com/shopping?q=tbn:ANd9GcR_O0nUly1lTJz6VARErBdZ9jDx-YiODdcrqXvltZ18w-CXWYNuYFX_SgmqS5bAZ5hob0K8zCzvrGbpjDl7aFyVz-TXFttemQ,,,USD
Nothing,mobile,Nothing CMF Buds 2,$41.99,41.99,41.99,4.6,938.0,Dressinn.com,14,,"https://www.google.com/search?ibp=oshop&q=Nothing&prds=catalogid:12659234616454849232,productid:8574666090947318137,headlineOfferDocid:6846879526299944021,imageDocid:6125577596353914428,rds:PC_13887802858395412725|PROD_PC_13887802858395412725,gpcid:13887802858395412725,mid:576462889934333704,pvt:hg&hl=en&gl=us&udm=28",https://encrypted-tbn0.gstatic.com/shopping?q=tbn:ANd9GcSkd6PTtSwQZRfxWfaa7Sne58mXJehG0r1z0HTKisSy1gNLFkK4DZYIJBofkPfNF89oVfNFXv8fw4PQs7k3oCQKkyLuRj0gOPet4mlH1_6eXApJmrhxVQt7CQ,,,USD
Nothing,mobile,Nothing,$0.99,0.99,0.99,,,Barnes & Noble - NOOK,15,Free delivery,"https://www.google.com/search?ibp=oshop&q=Nothing&prds=catalogid:15428676666891031544,productid:729542585439132393,headlineOfferDocid:9054064722142598789,imageDocid:17670098832373362043,gpcid:1930788569298309497,mid:576462731993000422,pvt:hg&hl=en&gl=us&udm=28",https://encrypted-tbn3.gstatic.com/shopping?q=tbn:ANd9GcRgCVZ2nmz47_Gaf_ZDLbt5hYBnZzmHzD5tHN_6ZIZVD4MvqIyfZeAxM5a2ty2GY3BMV711XprMbaf9BtgPiSDe-CQAH-Ob8Q,,,USD
Nothing,mobile,Nothing Phone Pro 256GB,$733.20,733.2,733.2,4.4,676.0,eBay - ak.smartphones,16,,"https://www.google.com/search?ibp=oshop&q=Nothing&prds=catalogid:2550583599251989093,productid:13009643793002790116,headlineOfferDocid:8575915879309489052,imageDocid:8043832655519768217,rds:PC_2901239192010480193|PROD_PC_2901239192010480193,gpcid:2901239192010480193,pvt:hg&hl=en&gl=us&udm=28",https://encrypted-tbn1.gstatic.com/shopping?q=tbn:ANd9GcR8_sDwhuXHVnS8AuCQ_RIZp2xgp-5113crOWc-RfhdthBE1hqUjblmrDPwVv_rgl8-LlsIqrODX4xIy3MHlGFQzvUZ_DIka4JDa9hSmSM,,,USD
Nothing,mobile,Nothing - Dance On The Blacktop (LP/Vinyl),$19.99,19.99,19.99,5.0,1.0,Music Direct,17,,"https://www.google.com/search?ibp=oshop&q=Nothing&prds=catalogid:13225180076442707653,productid:7903666168818795869,headlineOfferDocid:3820090911423367112,imageDocid:1925398392059272031,rds:PC_15398882245214741511|PROD_PC_15398882245214741511,gpcid:15398882245214741511,mid:576462859584335939,pvt:hg&hl=en&gl=us&udm=28",https://encrypted-tbn3.gstatic.com/shopping?q=tbn:ANd9GcScpOCgNcuBXPHyjLfLBegLnpBnmjHqieMtN0Ni3rerZXLeO2PVL6m6BrMbcoX7JPX_l8s-hwgqOnrYx-FkFbBXQmBZpjyz,,,USD
Nothing,mobile,Nothing Ear Stick Wireless Earbuds,$79.99,79.99,79.99,4.3,466.0,Walmart - luoheshianhaoshangmaoyo,18,Free delivery,"https://www.google.com/search?ibp=oshop&q=Nothing&prds=catalogid:3986665957412755763,productid:4951066930713357502,headlineOfferDocid:11118560158783130074,imageDocid:781950004628807023,rds:PC_12527464623683721488|PROD_PC_12527464623683721488,gpcid:12527464623683721488,pvt:hg&hl=en&gl=us&udm=28",https://encrypted-tbn3.gstatic.com/shopping?q=tbn:ANd9GcQb5bBdgITckC_ruR3RUIj5A4UZhoGwlAwHjm7UZUVwk16YR4IVtU1_E0ZoY4-gYTANIr0GtiYAAiWQEU-86q09oYz8ct4PEQ,,,USD
Nothing,mobile,Nothing - A Short History Of Decay (LP/Vinyl),$19.37,19.37,19.37,,,Target,19,Free delivery on $35+,"https://www.google.com/search?ibp=oshop&q=Nothing&prds=catalogid:14154146075343229012,productid:227786893507619189,headlineOfferDocid:5452582508550539837,imageDocid:4388254885981528494,pvt:hg&hl=en&gl=us&udm=28",https://encrypted-tbn2.gstatic.com/shopping?q=tbn:ANd9GcShJhUGVR5JS7RfrNr38FK18Akmv24MEPJiG7mP0lghcncDwmcoPn3WR5dvF51RsuNwnpa7Ip6b-L_SInFwGM0SAdBTZCO4fw,,,USD
Nothing,mobile,Nothing Ear,$99.00,99.0,99.0,4.6,2100.0,eBay - multistore4all,20,Free delivery,"https://www.google.com/search?ibp=oshop&q=Nothing&prds=catalogid:11847874174640422873,productid:8047890997993935720,headlineOfferDocid:756498665883962009,imageDocid:13291311936887408733,rds:PC_18175989244255226091|PROD_PC_18175989244255226091,gpcid:18175989244255226091,mid:576462807426984518,pvt:hg&hl=en&gl=us&udm=28",https://encrypted-tbn1.gstatic.com/shopping?q=tbn:ANd9GcSpAUNbeTLjY00SzHwO5eWywIxu3ZabL8ONOR2ifr_aP5WWs88VnIUHhaexGqmbm8mM1QZ1eMri0DTgf_pE_riqqotKURo4a-hAp3INVKE,,,USD
Nothing,mobile,Nothing : Surprising Insights Everywhere from Zero to Oblivion,$8.99,8.99,8.99,5.0,2.0,Barnes & Noble - NOOK,21,Free delivery,"https://www.google.com/search?ibp=oshop&q=Nothing&prds=catalogid:4446457156581263649,productid:7824536028139996397,headlineOfferDocid:9642764045708692595,imageDocid:8546983936310326689,rds:PC_120666564587068527|PROD_PC_120666564587068527,gpcid:120666564587068527,mid:576462775169043418,pvt:hg&hl=en&gl=us&udm=28",https://encrypted-tbn1.gstatic.com/shopping?q=tbn:ANd9GcTTnavJ7EbahPYNRmMi4O_MfMT98w0G2S-EJ6pPa5JwE_x0nElQm4kMjhdxApCq8-L3BDdwu79CZlHN2Z2K8tcafgT9aBCfbw,,,USD
Nothing,mobile,Nothing Phone 1 8GB RAM,$609.87,609.87,609.87,4.4,982.0,TopMarket.co.il,22,,"https://www.google.com/search?ibp=oshop&q=Nothing&prds=catalogid:17631202813198457267,productid:2982178431372135557,headlineOfferDocid:10452503915604521643,imageDocid:7770752521639540812,rds:PC_10473219694968610472|PROD_PC_10473219694968610472,gpcid:10473219694968610472,mid:576462716600474923,pvt:hg&hl=en&gl=us&udm=28",https://encrypted-tbn0.gstatic.com/shopping?q=tbn:ANd9GcQixs9WdNn7Xh1mbwdec5i5XoT3Qk-5cPtTj6oYMzRNhlWZY7uxG29EoBLOjqRCLFzGtneTS817EsGNEZv5ZGq-VLzEGCCq,,,USD
Nothing,mobile,Nothing Phone Pro Snapdragon 7 Gen 4,$788.98,788.98,788.98,5.0,8.0,eBay,23,Free delivery,"https://www.google.com/search?ibp=oshop&q=Nothing&prds=catalogid:14882160812235216753,productid:12602271916938464102,headlineOfferDocid:12328290758333574570,imageDocid:11929244946844901109,rds:PC_17904064784808497354|PROD_PC_17904064784808497354,gpcid:17904064784808497354,pvt:hg&hl=en&gl=us&udm=28",https://encrypted-tbn1.gstatic.com/shopping?q=tbn:ANd9GcROihawFcaYt2C95MMYf-FLSi4ExrRq-IN0AwFrvC8NtEBFoBhDhv9Qd3Hu3fXo_ntuRfvgl20kz0HboOdS4T2DhN2yjKK0LlPckdE33WojErduybXFxuY,,,USD
Nothing,mobile,Nothing Ear 1 Wireless Earbuds,$100.00,100.0,100.0,4.6,343.0,Uncrate,24,Free delivery on $199+,"https://www.google.com/search?ibp=oshop&q=Nothing&prds=catalogid:2232234002614607250,productid:6922543985907199151,headlineOfferDocid:9263726874835377476,imageDocid:11926467782557552806,rds:PC_541808107873134328|PROD_PC_541808107873134328,gpcid:541808107873134328,mid:576462890235627387,pvt:hg&hl=en&gl=us&udm=28",https://encrypted-tbn2.gstatic.com/shopping?q=tbn:ANd9GcRxB_38kKJfp010Ofq-KTt_rQPVkcMyO8OQH7wQEEtAMgOD6H6DeNSCXW51DR8tcFjeiIhzWLGQvjCK-1w8HNaWf6rK4Wy7kiWJUaXvideoN7Qad-zkoFbJ,,,USD
Nothing,mobile,"Pre order nothing 3a pro 5g phone, 6. 77-inch, 12gb ram, 256gb - gray",$394.77,394.77,394.77,5.0,33.0,Bfix,25,,"https://www.google.com/search?ibp=oshop&q=Nothing&prds=catalogid:16240410788433289670,productid:14997144199376756715,headlineOfferDocid:2036499975913555767,imageDocid:3393281449345866059,rds:CID_16240410788433289670|PROD_CID_16240410788433289670,pvt:hg&hl=en&gl=us&udm=28",https://encrypted-tbn3.gstatic.com/shopping?q=tbn:ANd9GcTi9Mt2rZ6F7P7D3QQpDPwdQ68IikblX1igU27LLH_4dZ8S9e62eG7zIelok80PlPvbwIaY8Of1DmJVPzOsI0xyqDEIUjdKgPpc96p7_sl5Y5wDfBsTgwQUwXc,,,USD
Nothing,mobile,"Nothing Phone (4a) 5g - 6.78"" 120hz Amoled 50mp Periscope 5400mah -",$629.00,629.0,629.0,4.4,676.0,eBay - leadsky2,26,Free delivery,"https://www.google.com/search?ibp=oshop&q=Nothing&prds=productid:4213540054789042518,headlineOfferDocid:4213540054789042518,imageDocid:16345982225366565159,rds:PC_2901239192010480193|PROD_PC_2901239192010480193,pvt:hg&hl=en&gl=us&udm=28",https://encrypted-tbn3.gstatic.com/shopping?q=tbn:ANd9GcR6SjbMX0tvMJsoCwaxAo4iEJfmHDk9xZ9J4q_F7lL3tnyeDiWNwrhHjbApHbQtVOwqf2Vu93sqtlgFcjx1vCi0StzYXEfVx3Ci0fzZ3T2x,,,USD
Nothing,mobile,"25+ Copies Paperback Book Nothing (Surprising Insights Everywhere from Zero to Oblivion) by New Scientist, 9781615192052",$275.50,275.5,275.5,5.0,2.0,Bulk Bookstore,27,Free delivery,"https://www.google.com/search?ibp=oshop&q=Nothing&prds=productid:6429970691172824582,headlineOfferDocid:6429970691172824582,imageDocid:8814491385756315809,rds:PC_120666564587068527|PROD_PC_120666564587068527,pvt:hg&hl=en&gl=us&udm=28",https://encrypted-tbn1.gstatic.com/shopping?q=tbn:ANd9GcRcCGQVRNQWpgvpWka5FI_PnyZyXSEq7bt-YVR7vozYDz5sp26XKjAirF2QeG0OcYYA5izWOUSxsW5in8sjaqlHC7D_-14f,,,USD
Nothing,mobile,"Nothing: The Art of Doing Nothing: Simple Ways to Make Time for Yourself. by Zeddini, Wissem by Independently Published, Paperback",$5.90,5.9,5.9,,,Walmart,28,,"https://www.google.com/search?ibp=oshop&q=Nothing&prds=catalogid:2845775939597186465,productid:17650419379522338856,headlineOfferDocid:4525713684795926171,imageDocid:15978573115449761595,gpcid:10490222950753407032,mid:576462411284893249,pvt:hg&hl=en&gl=us&udm=28",https://encrypted-tbn3.gstatic.com/shopping?q=tbn:ANd9GcRb0jc8c-RQgokfGhdNGRuAo0AhSlBDGX0dcN_tcqY6WWhTC44z8-6WuD6cxTafky7VP39ne4IVrvgTfNOcToiLF5swIWKxT6zF-MZr_y0g2qO69vbPHuOBFI4,,,USD
Nothing,mobile,CMF Phone 2 Pro,$383.00,383.0,383.0,4.7,530.0,TopMarket.co.il,29,,"https://www.google.com/search?ibp=oshop&q=Nothing&prds=catalogid:16312655377565487689,productid:3322321303293638694,headlineOfferDocid:14494739978114756309,imageDocid:10323817433553712922,rds:PC_12151823873269025214|PROD_PC_12151823873269025214,gpcid:12151823873269025214,mid:576462893660631159,pvt:hg&hl=en&gl=us&udm=28",https://encrypted-tbn2.gstatic.com/shopping?q=tbn:ANd9GcST8KOuuzjheOhPq7oKr6VXwr1sH1ybS4uXaJmnsWQ7xlZifz1d7EuvsUByV1faDBndc0ob8ehfPPQ7gmK44oSUHSoXcjcl8XZUSgNxwg0,,,USD
Nothing,mobile,"Nothing Phone (4a) Pro (silver, 128 Gb) (8 Gb Ram) Unlocked Gobal",$648.63,648.63,648.63,,,eBay - ak.smartphones,30,,"https://www.google.com/search?ibp=oshop&q=Nothing&prds=productid:2375347453793736549,headlineOfferDocid:2375347453793736549,imageDocid:14603432702695634120,pvt:hg&hl=en&gl=us&udm=28",https://encrypted-tbn0.gstatic.com/shopping?q=tbn:ANd9GcTumxzL2jQ9XlBSp53FnirklE3Jz4Ohw-mLI3YXj62_IJpG75NZYKxmcU4HhdUmjDuqj7blXbE5edtyaVrb1OrktETaShKp4xaCBYXm2bw4,,,USD
Nothing,mobile,Nothing Ear Open Wireless Earbuds,$115.89,115.89,115.89,4.6,206.0,Microless.com,31,,"https://www.google.com/search?ibp=oshop&q=Nothing&prds=catalogid:10354836412575846735,productid:3738344720525350978,headlineOfferDocid:9343059453429684053,imageDocid:2960463184343146103,rds:PC_759853609761582129|PROD_PC_759853609761582129,gpcid:759853609761582129,mid:576462832966367811,pvt:hg&hl=en&gl=us&udm=28",https://encrypted-tbn3.gstatic.com/shopping?q=tbn:ANd9GcTkdMstGmcbjMFmeogZ0E-2uuKRqRPsBLmzv6Kqg9KZBtF6X9EFRvKV9NuObEea9wnRKjxkyiqRTN2sx9r2WaVnKKPs2IXsh234Cm5wRVc,,,USD
Nothing,mobile,Nothing Téléphone Noir 128GB 8GB + Transparent Téléphone Étui - Mondial Fedex,"$1,743.32",1743.32,1743.32,,,eBay,32,,"https://www.google.com/search?ibp=oshop&q=Nothing&prds=productid:14803452043575514745,headlineOfferDocid:14803452043575514745,imageDocid:17648197019906287233,pvt:hg&hl=en&gl=us&udm=28",https://encrypted-tbn1.gstatic.com/shopping?q=tbn:ANd9GcSxULUBeTyP1juqMsySYQfbkLvVHLGbFnoLuLbMG4k2e3TUfzM2GZIQJyPdCwZ0W3tkeo1D8-gJ2PK5cTK_mF-C4X_dOmLVdeoTXiyVGjjsZNsSf4u8noEP,,,USD
Nothing,mobile,CMF Watch Pro 2 Smartwatch,$54.99,54.99,54.99,4.6,829.0,eBay - aimportar17,33,Free delivery,"https://www.google.com/search?ibp=oshop&q=Nothing&prds=catalogid:12236768186349651638,productid:18335974926364460465,headlineOfferDocid:9301441362734498919,imageDocid:3999923446994601000,rds:PC_7393642629287823022|PROD_PC_7393642629287823022,gpcid:7393642629287823022,pvt:hg&hl=en&gl=us&udm=28",https://encrypted-tbn0.gstatic.com/shopping?q=tbn:ANd9GcT80l3O9cDDd-dKTRhr-bamLwSj9EYWoqOlwFswhaLhIBAhEUA9Wqu3EPvAjnTTW7SAVuWvX4PBzGQydel_3CVz3ZwrAfhh90wOojm1YJrrTBPweL9OQ2qxxzE,,,USD
Nothing,mobile,"Cmf By Nothing Buds Pro 2 Wireless Earbuds, Active Noise Cancelling Bluetooth Earphones with Spatial Audio & Bass, Black",$120.00,120.0,120.0,,,Walmart - Selly Studios,34,Free delivery,"https://www.google.com/search?ibp=oshop&q=Nothing&prds=productid:5124904811588666360,headlineOfferDocid:5124904811588666360,imageDocid:7983590032150752501,pvt:hg&hl=en&gl=us&udm=28",https://encrypted-tbn1.gstatic.com/shopping?q=tbn:ANd9GcS-9Zdogb-b3dHSpZkgQSohTFC_yvSb4ajeH97MNoUUJbcMQDKHJUQKZ3lXGNobivxxjLSd0aACt9T07Hm5Jl7lIHtKD2JI,,,USD
Nothing,mobile,Nothing Ear Buds 2 Hi-Res Wireless Earbuds,$149.00,149.0,149.0,4.8,125.0,Uncrate,35,Free delivery on $199+,"https://www.google.com/search?ibp=oshop&q=Nothing&prds=catalogid:4253895510230732341,productid:14296736042691702799,headlineOfferDocid:11129101271971285837,imageDocid:9108814099440471780,rds:PC_6509761756475231119|PROD_PC_6509761756475231119,gpcid:6509761756475231119,pvt:hg&hl=en&gl=us&udm=28",https://encrypted-tbn0.gstatic.com/shopping?q=tbn:ANd9GcSAsbRJy2Nfo-1WvXGJGuAju4o_X-AW2GoQCqhQp2mOdbxh6UibPVzBBDfOCxWq7DjG7IHUTNAkPM2i_axpr66xPY_jzq-Na0A2sCC_uObcOLEFfTvSz7A,,,USD
Nothing,mobile,Nothing Phone 3a 5g Black 8gb Ram 128gb,$447.99,447.99,447.99,4.7,1000.0,eBay - soundsolutions_worldwide,36,Free delivery,"https://www.google.com/search?ibp=oshop&q=Nothing&prds=productid:5042854549336200812,headlineOfferDocid:5042854549336200812,imageDocid:12519688768835185288,rds:PC_13684307289004167628|PROD_PC_13684307289004167628,pvt:hg&hl=en&gl=us&udm=28",https://encrypted-tbn0.gstatic.com/shopping?q=tbn:ANd9GcSb00R9Gj3uPXKcmWd4y_4KJB0omj-4BkUTk4iYlhjWlUxaTPLeA_Xs9USAZDxjDPV9dCOQqxohM7h_WTxke7sK7AtrU2103i8aZiKCukbW,,,USD
Nothing,mobile,Nothing Phone 3a Pro 5G Smartphone,$609.52,609.52,609.52,4.7,641.0,TopMarket.co.il,37,,"https://www.google.com/search?ibp=oshop&q=Nothing&prds=catalogid:12765514455711540594,productid:17906190039133199792,headlineOfferDocid:8603319007874963358,imageDocid:14177673596891661844,rds:PC_7251712868301782063|PROD_PC_7251712868301782063,gpcid:7251712868301782063,mid:576462817410920607,pvt:hg&hl=en&gl=us&udm=28",https://encrypted-tbn0.gstatic.com/shopping?q=tbn:ANd9GcRTcUlxONfi9HoPgFDeum1uFS1yqgIJbYIVIosYfh4cdDNQw6xUQL2N1BWuHSlVjSpCvtAZo1A4ldbM1R_RMyuGbl03BkGFwn1_KjcmmMc,,,USD
Nothing,mobile,Nothing Phone (3) - White - 256 GB - Unlocked,$500.00,500.0,500.0,4.7,493.0,Swappa,38,Free delivery,"https://www.google.com/search?ibp=oshop&q=Nothing&prds=productid:1480846238925856601,headlineOfferDocid:1480846238925856601,imageDocid:10040319300481280190,rds:PC_16127829128511898291|PROD_PC_16127829128511898291,pvt:hg&hl=en&gl=us&udm=28",https://encrypted-tbn2.gstatic.com/shopping?q=tbn:ANd9GcQ-2pUQLRSVyXm91GdV7zQiTQ5yaJhh0mgCCHlvEnigCffNyJnnv8qToOn-kZzF7cxNV38nOYMddn1dou_6ohWyGePDieYIUQ,,,USD
Nothing,mobile,"Nothing Phone (2) 5g 6.7"" 12+256gb Qualcomm Sm8475 Snapdragon 8+ Gen 1",$279.00,279.0,279.0,4.8,468.0,eBay - westlife-1998,39,Free delivery,"https://www.google.com/search?ibp=oshop&q=Nothing&prds=productid:4124374027577006106,headlineOfferDocid:4124374027577006106,imageDocid:13442084820708621145,rds:PC_17436641115210096660|PROD_PC_17436641115210096660,pvt:hg&hl=en&gl=us&udm=28",https://encrypted-tbn1.gstatic.com/shopping?q=tbn:ANd9GcQf9fc_YCxjN5IHJ9VL00DgogVWpMLXgYNYFKV5hsPV04B-YCr7CWbCZa006Pz7eoagDiMg5VOMWE3XOGVMaz7YHJdIk3Gn9EiZYkQryCFVMk03O-slqs6f,,,USD
Nothing,mobile,Nothing Phone (4a) 12/256GB White - BFIX,$449.34,449.34,449.34,4.4,1200.0,Bfix,40,,"https://www.google.com/search?ibp=oshop&q=Nothing&prds=productid:13112318432889617824,headlineOfferDocid:13112318432889617824,imageDocid:16141737438478091477,rds:PC_5001907228501824688|PROD_PC_5001907228501824688,pvt:hg&hl=en&gl=us&udm=28",https://encrypted-tbn1.gstatic.com/shopping?q=tbn:ANd9GcQS8yLLBarqCA4uqg6EAtdHqK4bMKk4wP1KXBXleYfDKJfN9zQBixclsJbNbThihiOFU8JG9U7OcKhm3Fu8CWetOzn1wpIeKmqTPcePgLv93ivJMKfNs83V-A,,,USD
Motorola,mobile,Motorola moto G play,$49.88,49.88,49.88,3.6,130.0,Walmart,1,Free delivery,"https://www.google.com/search?ibp=oshop&q=Motorola&prds=catalogid:8972845747721516552,productid:3944630478664970641,headlineOfferDocid:2121466562873790060,imageDocid:10144531270489641636,rds:PC_16607148997783142493|PROD_PC_16607148997783142493,gpcid:16607148997783142493,mid:576462849384656886,pvt:hg&hl=en&gl=us&udm=28",https://encrypted-tbn0.gstatic.com/shopping?q=tbn:ANd9GcR4L7dYq9Rp-PiUiKbLE8LFOuydqYHtzTseoICv8v3EJEK1hruonzvcmqdGvIDfykmJh4eoNeF4fm4_K3d2IbhzvqJIQnKXfVaeQyDmsAjKabXznrvJrJxx,,,USD
Motorola,mobile,Motorola Razr Ultra 2025,$799.99,799.99,799.99,4.0,519.0,Motorola - United States,2,Free delivery,"https://www.google.com/search?ibp=oshop&q=Motorola&prds=catalogid:15684811715507154802,productid:4135226443868192557,headlineOfferDocid:10614124255929888686,imageDocid:15549437115254538527,rds:PC_4561565024881707461|PROD_PC_4561565024881707461,gpcid:4561565024881707461,mid:576462537164466956,pvt:hg&hl=en&gl=us&udm=28",https://encrypted-tbn3.gstatic.com/shopping?q=tbn:ANd9GcQO6TxG3AD_gaVxHXAhEKgj3DzlaTWDtERCN0UuyD22tiphBGWgydPKwTnskwsqD0dLlTmspOOhQHqQY-qF_r028g757DpGlofxHHCqwQCwSVlVdLqENtUZNw,,,USD
Motorola,mobile,Motorola Moto G Stylus 5G,$199.99,199.99,199.99,4.2,1700.0,Best Buy,3,Free delivery by Sat,"https://www.google.com/search?ibp=oshop&q=Motorola&prds=catalogid:12270293941179377973,productid:17956624391462532710,headlineOfferDocid:17224216977332249347,imageDocid:14262375938786758531,rds:PC_6076741790411226558|PROD_PC_6076741790411226558,gpcid:6076741790411226558,mid:576462828071602158,pvt:hg&hl=en&gl=us&udm=28",https://encrypted-tbn3.gstatic.com/shopping?q=tbn:ANd9GcTZ7TxDsHdhDL-UMWvj_GZYD7aMLSnUl5oJ7zsRcQzyZ5hHCzF1JYTcs4V4px81TeoMqaMZp8ePs4MfwiOuQ77IkMyJilzAj9uVwP3YzHQ,,,USD
Motorola,mobile,Motorola Moto G Power 5G 2024,$129.99,129.99,129.99,4.0,3200.0,Motorola - United States,4,Free delivery,"https://www.google.com/search?ibp=oshop&q=Motorola&prds=catalogid:16768952130088763242,productid:15054909857579886781,headlineOfferDocid:12440755384690353616,imageDocid:1690060239128844379,rds:PC_9131605894125381693|PROD_PC_9131605894125381693,gpcid:9131605894125381693,mid:576462808137735980,pvt:hg&hl=en&gl=us&udm=28",https://encrypted-tbn0.gstatic.com/shopping?q=tbn:ANd9GcTEaQK-sSvyZxErbgQU8hrU-KILi96UGn1WLK3PMIQbgp1vM-9oRy83RHHegnIQfI9HBToMaijFKH-8-HgRsOQXlsmhOx-6O9YZWT9CMNT1pNm2NLe-mucJOQ,,,USD
Motorola,mobile,Motorola Razr 2024,$399.99,399.99,399.99,3.8,279.0,Motorola - United States,5,Free delivery,"https://www.google.com/search?ibp=oshop&q=Motorola&prds=catalogid:9527050291276922248,productid:17609823086725607066,headlineOfferDocid:8587767220237572243,imageDocid:12743093463797849699,rds:PC_12108599778057196319|PROD_PC_12108599778057196319,gpcid:12108599778057196319,mid:576462517427930063,pvt:hg&hl=en&gl=us&udm=28",https://encrypted-tbn0.gstatic.com/shopping?q=tbn:ANd9GcQ37AUuTJoqszs8ZIr8Vl_QAHRziHP7CcsAdfkHLYzSVKu1Gm9OvRRLeIGWhRWR5GcMAfmqNhKxMz1y_kY4KYpIHsmNpASdgr5jGx2z3B8AOiI85i_zq6fA,,,USD
Motorola,mobile,Motorola razr+ 2024,$549.99,549.99,549.99,3.9,543.0,Motorola - United States,6,Free delivery,"https://www.google.com/search?ibp=oshop&q=Motorola&prds=catalogid:1404814746338760323,productid:2190831176385111449,headlineOfferDocid:6227577421609612011,imageDocid:9967054425221916381,rds:PC_7899704140179134608|PROD_PC_7899704140179134608,gpcid:7899704140179134608,mid:576462503359077820,pvt:hg&hl=en&gl=us&udm=28",https://encrypted-tbn1.gstatic.com/shopping?q=tbn:ANd9GcRJQEo1Vl0PTxpw6nRKgFmEleDvY8sT9ZXYcdCfYcdL2ZaOm1rlC6cmAPq4dy_zszqMdcB6VyQKtZtEY-UUbmJpJ0cK0mMxw3chGOKAy2DSK2Vhc01KvD-d,,,USD
Motorola,mobile,Motorola Moto G Stylus 2025,$399.99,399.99,399.99,4.2,1200.0,Motorola - United States,7,Free delivery,"https://www.google.com/search?ibp=oshop&q=Motorola&prds=catalogid:8571133406097711879,productid:12505613153795080253,headlineOfferDocid:10533988972721719333,imageDocid:6406789894603531186,rds:PC_5786943769061632783|PROD_PC_5786943769061632783,gpcid:5786943769061632783,mid:576462883194899972,pvt:hg&hl=en&gl=us&udm=28",https://encrypted-tbn3.gstatic.com/shopping?q=tbn:ANd9GcQgdJjHXLC3QxntLOVhUfJaZvRESUmwKD-ukFXmvSP4jljguPkFiZ0gyspKenBWPFUcy4s3Q7SK_K_aXhaRw89_2dBHMbSfI0OoMbgTovGYg9pI9pxuQiuY,,,USD
Motorola,mobile,Motorola 2025 Moto G,$199.99,199.99,199.99,4.0,3500.0,Best Buy,8,Free delivery,"https://www.google.com/search?ibp=oshop&q=Motorola&prds=catalogid:13078729291008953468,productid:11656667044948041378,headlineOfferDocid:5288348716804380874,imageDocid:5510840786704772601,rds:PC_5435713101217100535|PROD_PC_5435713101217100535,gpcid:5435713101217100535,mid:576462877172249355,pvt:hg&hl=en&gl=us&udm=28",https://encrypted-tbn2.gstatic.com/shopping?q=tbn:ANd9GcQZXCSb79yNsFSzbWl3UneEzl2YYxjMSqNPwOj3vmfTAL_gOd-pfMPEji3MoAG-F1J5nv7kVrzUfqqhL9ZhpErfb11kUKLuc_YLDynYhTUT,,,USD
Motorola,mobile,Motorola Edge 2024,$6.94/mo,6.94,6.94,4.3,560.0,Verizon,9,Free delivery,"https://www.google.com/search?ibp=oshop&q=Motorola&prds=catalogid:9619587699260751247,productid:13785485479972613824,headlineOfferDocid:1916775581089013678,imageDocid:3089623636639826192,rds:PC_9368566844791574223|PROD_PC_9368566844791574223,gpcid:9368566844791574223,mid:576462813346158194,pvt:hg&hl=en&gl=us&udm=28",https://encrypted-tbn0.gstatic.com/shopping?q=tbn:ANd9GcTf8AMGrqnVto4zd4_lGxikbSfDXISHadiY3n1EZnkUxwsmJYkzOX8ZK1RhjbGtGMFNn4QFbZUf5KGGc-K0qy6AU51NutIn9w,6.94,36.0,USD
Motorola,mobile,Motorola Moto G Power 2025,$149.00,149.0,149.0,4.1,701.0,Walmart,10,Free delivery by Sat,"https://www.google.com/search?ibp=oshop&q=Motorola&prds=catalogid:619757825910960329,productid:8116619281811831285,headlineOfferDocid:9938012898217602409,imageDocid:1009795917156896113,rds:PC_4030597426313790588|PROD_PC_4030597426313790588,gpcid:4030597426313790588,mid:576462821504849276,pvt:hg&hl=en&gl=us&udm=28",https://encrypted-tbn0.gstatic.com/shopping?q=tbn:ANd9GcRzDWGPfE6KiPta1NPoRU-P1znr9ctSIGkttUdXtTzy2jQD0MvFKQyyjsLjsgDl9a2gT7Z3UHUeFYR9PIJbyEeGgL1ru4z7jDJzdY1WPxC8ClFs8UVznNYW,,,USD
Motorola,mobile,moto g power - 2026 - PANTONE Pure Cashmere,$399.99,399.99,399.99,4.2,216.0,Motorola - United States,11,Free delivery,"https://www.google.com/search?ibp=oshop&q=Motorola&prds=productid:6494960371880209362,headlineOfferDocid:6494960371880209362,imageDocid:10445802028768144233,rds:PC_11729514467490982025|PROD_PC_11729514467490982025,pvt:hg&hl=en&gl=us&udm=28",https://encrypted-tbn1.gstatic.com/shopping?q=tbn:ANd9GcTq8KCL8diCGyIJ9IbClfeGbBLNhv80uoSJ6DlAE8wrmw-ZkDX5ll1kC7JR__fV7J0827Drf0zaSRlYKDl1pt5k5A147bB-XuPKqYrSZV5-XILG5SFhmS01xw,,,USD
Motorola,mobile,Motorola Razr 2025,$399.99,399.99,399.99,4.0,383.0,Best Buy,12,,"https://www.google.com/search?ibp=oshop&q=Motorola&prds=catalogid:7456200138833448653,productid:3869418799151727546,headlineOfferDocid:4092470400064742759,rds:PC_5308374268804883473|PROD_PC_5308374268804883473,gpcid:5308374268804883473,mid:576462860393912817,pvt:hg&hl=en&gl=us&udm=28",https://encrypted-tbn3.gstatic.com/shopping?q=tbn:ANd9GcT2rbDvBr35GqrB4FmB8NfRwcdeTiBxMZDdVKTsJs3S4CDYB8r9-Vjj3fevzoZSGOBnycx8NC_zHP07AkHoAzT-pyr1SJBWfEqe4KmQs4M,,,USD
Motorola,mobile,moto g power - 2026 - PANTONE Evening Blue,$399.99,399.99,399.99,4.2,216.0,Motorola - United States,13,Free delivery,"https://www.google.com/search?ibp=oshop&q=Motorola&prds=productid:12748155070418351985,headlineOfferDocid:12748155070418351985,imageDocid:10417429152464428551,rds:PC_11729514467490982025|PROD_PC_11729514467490982025,pvt:hg&hl=en&gl=us&udm=28",https://encrypted-tbn3.gstatic.com/shopping?q=tbn:ANd9GcTswgWZPdrLhLU2fwi4V_FoLlcknZX4YDeWLIRuUOmHZvkv4hmbPZfwiK9fH1QBQKcyqTj0UIaFYofnoMxwVHkD-OpsVKJ-EofQPE1Ahmmt63Nb7Xmeoykxsg,,,USD
Motorola,mobile,Motorola Razr+ 2025,$999.99,999.99,999.99,4.1,194.0,Motorola - United States,14,Free delivery,"https://www.google.com/search?ibp=oshop&q=Motorola&prds=catalogid:365009442917988387,productid:6049545859068024648,headlineOfferDocid:208982446670141728,rds:PC_2685707611212869219|PROD_PC_2685707611212869219,gpcid:2685707611212869219,mid:576462821006368115,pvt:hg&hl=en&gl=us&udm=28",https://encrypted-tbn1.gstatic.com/shopping?q=tbn:ANd9GcQ6GOyycRqZ6QSOydk3OaGw9mFnARqylJneBXHZDbk4ujClTYupkDWahtuDoI75a9bhodV3KyY1nqORHcph77a8hphP4U5ANhotuoinWTd7YqVtON3P226D,,,USD
Motorola,mobile,Motorola Edge 2025,$549.99,549.99,549.99,4.3,370.0,Best Buy,15,Free delivery by Sat,"https://www.google.com/search?ibp=oshop&q=Motorola&prds=catalogid:4459785641505020355,productid:18007595681263795158,headlineOfferDocid:16860295318540438834,imageDocid:661510535163123738,rds:PC_18085109372963773867|PROD_PC_18085109372963773867,gpcid:18085109372963773867,mid:576462887967137580,pvt:hg&hl=en&gl=us&udm=28",https://encrypted-tbn2.gstatic.com/shopping?q=tbn:ANd9GcQVxb0oI_d_Lt9IoKgX9kd7SGoMmzZc4CbR1xBBLknNI5QLs5erivNiofnlut7_7SeRqqyrIJLmD4fJ3Km0vK8MUZ-w0S4wJ38SUnnmLyw,,,USD
Motorola,mobile,Walmart Motorola Moto g Play Prepaid Smartphone,$49.88,49.88,49.88,3.2,5.0,Walmart,16,Free delivery,"https://www.google.com/search?ibp=oshop&q=Motorola&prds=catalogid:15753608247862974090,productid:11147226400238442050,headlineOfferDocid:12054315637832332350,imageDocid:11047122658452307499,rds:PC_11653402547671044815|PROD_PC_11653402547671044815,gpcid:11653402547671044815,pvt:hg&hl=en&gl=us&udm=28",https://encrypted-tbn3.gstatic.com/shopping?q=tbn:ANd9GcRo8jTMDZdlJ-4jAZoMhVry2UqPPZ0Ueq5ZyWcJhh5AWBKr4JQO1JdcP7ehNibo0kWyLSzh8de0DxRHGerQO6hJEsvAmKU5Mxvnv4gsQN1B4cWGZIsGPb0UiA,,,USD
Motorola,mobile,Motorola Moto G Play 2024,$109.00,109.0,109.0,3.9,4300.0,Best Buy,17,,"https://www.google.com/search?ibp=oshop&q=Motorola&prds=catalogid:11728931125208695182,productid:18227072505466509915,headlineOfferDocid:16535970222317657504,imageDocid:8133280389532838798,rds:PC_6747545124227736512|PROD_PC_6747545124227736512,gpcid:6747545124227736512,mid:576462861379967234,pvt:hg&hl=en&gl=us&udm=28",https://encrypted-tbn2.gstatic.com/shopping?q=tbn:ANd9GcQM44m8vBVpR5KstoLEgRYZQJpIza3Ag-B6BQn6b9WEySHDcCc_LVXAhXid_145TFhQ_DJib1WyDykesWRjWFhqPZ0XFrrKGtStfbCUXug,,,USD
Motorola,mobile,Consumer Cellular Moto G Play 2024,$89.99,89.99,89.99,3.7,84.0,Target,18,Free delivery by Wed,"https://www.google.com/search?ibp=oshop&q=Motorola&prds=catalogid:3682148509535969014,productid:11662073489289592927,headlineOfferDocid:196686901456936879,imageDocid:2415055929256832393,rds:PC_5934731416694990122|PROD_PC_5934731416694990122,gpcid:5934731416694990122,pvt:hg&hl=en&gl=us&udm=28",https://encrypted-tbn2.gstatic.com/shopping?q=tbn:ANd9GcQ7pI7WOJYl5jvkTY82k8Sj9Gxa_9h04Bys_DiLq7leLNgg1YpDPVXH2L1gCxUaYEcWDI8VzJXEUcEav_-zl9z88Igg1N-e_g,,,USD
Motorola,mobile,Motorola Ace 5G One,$109.99,109.99,109.99,3.8,1100.0,Walmart - Esquared Shop,19,,"https://www.google.com/search?ibp=oshop&q=Motorola&prds=catalogid:3088247956474726616,productid:6786007281374275879,headlineOfferDocid:16147813717187590479,imageDocid:3196643142819057799,rds:PC_2275183611647638691|PROD_PC_2275183611647638691,gpcid:2275183611647638691,mid:576462777708642039,pvt:hg&hl=en&gl=us&udm=28",https://encrypted-tbn3.gstatic.com/shopping?q=tbn:ANd9GcQCcwkD9uXe9XoSAEPRkmuFavcFIR-JbgCL0Bo80fw4TBG3Nhl6V-dkH5p52zvFaCLGll6wSnyzESA3sr1PM-6PiYUJJo0pPg,,,USD
Motorola,mobile,Motorola moto g 2026,$299.99,299.99,299.99,4.3,125.0,Best Buy,20,Free delivery by Mon,"https://www.google.com/search?ibp=oshop&q=Motorola&prds=catalogid:2573120649916652599,productid:5687049677273570177,headlineOfferDocid:5261019387316190796,imageDocid:8509037641116169283,rds:PC_268066273970111391|PROD_PC_268066273970111391,gpcid:268066273970111391,mid:576462531117578770,pvt:hg&hl=en&gl=us&udm=28",https://encrypted-tbn3.gstatic.com/shopping?q=tbn:ANd9GcSkc_A_zH3Zdu0oheP8NQfWm60sC_W6hkUYKgIm_teY8GvKmVB643DxmjT13SblXho517tMCkZiciZrTIjutaDDBsJw-_f_nIJQsGQrWw3Bv_O8HnWPAf1W,,,USD
Motorola,mobile,Motorola razr - 2025 256GB Parfait Pink - Available With Cricket Wireless Plan,$149.99,149.99,149.99,4.0,383.0,Cricket Wireless,21,Free delivery,"https://www.google.com/search?ibp=oshop&q=Motorola&prds=productid:2317939715847329618,headlineOfferDocid:2317939715847329618,imageDocid:10457536698268119008,rds:PC_5308374268804883473|PROD_PC_5308374268804883473,pvt:hg&hl=en&gl=us&udm=28",https://encrypted-tbn0.gstatic.com/shopping?q=tbn:ANd9GcR2JX7WwVHt92v5wxlS4O8NBDwpNqb572BOFTYOki2Q7TPmiKQLOHfoL0ORt88dQLXzx5Cr8hfoHzWyxgv4FHgmp65PPmAlgZ1d8CcQkhe0ALSn77sCD3ouQg,,,USD
Motorola,mobile,Motorola Moto G 5G 2024,$46.64,46.64,46.64,3.9,2800.0,Walmart - B2B MOBILE,22,Free delivery,"https://www.google.com/search?ibp=oshop&q=Motorola&prds=catalogid:1316525159498704854,productid:2881608249226343526,headlineOfferDocid:8946631449433943307,imageDocid:1880618510675258240,rds:PC_7513639985055019931|PROD_PC_7513639985055019931,gpcid:7513639985055019931,mid:576462828007088352,pvt:hg&hl=en&gl=us&udm=28",https://encrypted-tbn1.gstatic.com/shopping?q=tbn:ANd9GcQlAhsM5opuLivY0Pij-RfE5e5NJBTJl-VmxNVu5g5q46OBpm2KlOObpxhpe-phddCzyW4Aiyz_Ia-N1LIqe8ypvR9AT7kVrw,,,USD
Motorola,mobile,Motorola Moto G Stylus 2026,$499.99,499.99,499.99,5.0,1.0,Best Buy,23,Free delivery by Mon,"https://www.google.com/search?ibp=oshop&q=Motorola&prds=catalogid:10437728525181303209,productid:10424998619633753594,headlineOfferDocid:3490307010169390418,imageDocid:4276708984568877750,rds:PC_5902192194297956019|PROD_PC_5902192194297956019,gpcid:5902192194297956019,mid:576462888991658446,pvt:hg&hl=en&gl=us&udm=28",https://encrypted-tbn2.gstatic.com/shopping?q=tbn:ANd9GcT5W50roevWEz_O7ostvDYpae0V_r68oCGE159joOCZsHLwp2ifVxSiaEY3A_SOhIzV593SndAVd7Kr7jEln7DTDWYAqGY0I9k--lB7gqUH7EsUT3w2PgtR,,,USD
Motorola,mobile,Motorola Moto G Power 5G 2024 Prepaid Phone,$4.72/mo,4.72,4.72,3.5,40.0,Verizon,24,Free delivery,"https://www.google.com/search?ibp=oshop&q=Motorola&prds=catalogid:12656911123428237362,productid:12025289988336195416,headlineOfferDocid:15865073074533706366,imageDocid:15789017944781791259,rds:PC_7124281211428237911|PROD_PC_7124281211428237911,gpcid:7124281211428237911,pvt:hg&hl=en&gl=us&udm=28",https://encrypted-tbn1.gstatic.com/shopping?q=tbn:ANd9GcRn1Vpvadh9T0oydUDr4iJl2o2TXoBuH6pHh4fFa5Dnhwk6IFZpb8zG-ZLgdE3UGBKoFfvHlGTwjpv7ZBn_KDbMuMQE2TlJ4A,4.72,36.0,USD
Motorola,mobile,Motorola razr - 2025 256GB Spring Bud - Available With Cricket Wireless Plan,$149.99,149.99,149.99,4.0,383.0,Cricket Wireless,25,Free delivery,"https://www.google.com/search?ibp=oshop&q=Motorola&prds=productid:13199652586802720539,headlineOfferDocid:13199652586802720539,imageDocid:8479770041992604479,rds:PC_5308374268804883473|PROD_PC_5308374268804883473,pvt:hg&hl=en&gl=us&udm=28",https://encrypted-tbn3.gstatic.com/shopping?q=tbn:ANd9GcRnJjdzRCMuRFKqShRRLse4DMFMTkXxWnZdRmIdhldIYX9H84SvO2q_kILVYRtA4_VdzWPg5ntEhplNIsCDh8--lQVLn8HOVDAXKV-1ASix2QPXxPd1jlmb,,,USD
Motorola,mobile,Motorola Moto G Power 5G,$99.88,99.88,99.88,3.2,901.0,Walmart,26,Free delivery by Wed,"https://www.google.com/search?ibp=oshop&q=Motorola&prds=catalogid:10791759722389052341,productid:16485797394816916722,headlineOfferDocid:423260157565499471,imageDocid:15391536672349658400,rds:PC_7172346223386841611|PROD_PC_7172346223386841611,gpcid:7172346223386841611,mid:576462550675089958,pvt:hg&hl=en&gl=us&udm=28",https://encrypted-tbn3.gstatic.com/shopping?q=tbn:ANd9GcTn0UUcMD98ghiaPuc6r8ySkl1VhzB7Id4gpiHNekY51Uxl1rTBResNEQ99JPO7mOb3ew6DWqAbziNDY4mP33VLIapbzsut7Oae1ReN9rYH50_rnJFmPn11,,,USD
Motorola,mobile,Moto G Stylus Motorola,$159.99,159.99,159.99,4.2,1700.0,Best Buy,27,,"https://www.google.com/search?ibp=oshop&q=Motorola&prds=catalogid:6171577338550485677,productid:8604304750942651315,headlineOfferDocid:10619749861192508672,imageDocid:7040961761822883637,rds:PC_8434251766564161125|PROD_PC_8434251766564161125,gpcid:8434251766564161125,mid:576462555683658886,pvt:hg&hl=en&gl=us&udm=28",https://encrypted-tbn1.gstatic.com/shopping?q=tbn:ANd9GcRwaLo5fSKFaK36KhHh3usYKAO4rAwkg6TrKYH313cX_p359KUux0LsuHb-TjXZg1jahOYqtiFy_x-lpvcUWtg7mzmrMLv5w5QvmjmdZ1shM2rRofpBmUUZcw,,,USD
Motorola,mobile,Consumer Cellular Moto G 5G 128GB Gray,$169.99,169.99,169.99,4.3,33.0,Target,28,Free delivery by Wed,"https://www.google.com/search?ibp=oshop&q=Motorola&prds=catalogid:6632092325971272827,productid:5171480019265248281,headlineOfferDocid:1256558904038073842,imageDocid:7450881276751337919,rds:PC_10442482697160658629|PROD_PC_10442482697160658629,gpcid:10442482697160658629,pvt:hg&hl=en&gl=us&udm=28",https://encrypted-tbn2.gstatic.com/shopping?q=tbn:ANd9GcTefs877hFJIh37VG6odVpjVmapfEaaa9H9TGYIXfO-JnPHUnFjcN_vcbzqcL2tPRVT4fozzbpRZuioONNsLlekN9Ipx69x,,,USD
Motorola,mobile,Motorola Moto E20 6.5 Dual SIM,$12.00,12.0,12.0,4.4,2700.0,ravir.de,29,,"https://www.google.com/search?ibp=oshop&q=Motorola&prds=catalogid:17808098648296305242,productid:16393916936547626832,headlineOfferDocid:11262774209176175964,imageDocid:15242318439944646564,rds:PC_3097721817950113019|PROD_PC_3097721817950113019,gpcid:3097721817950113019,mid:576462656035075552,pvt:hg&hl=en&gl=us&udm=28",https://encrypted-tbn0.gstatic.com/shopping?q=tbn:ANd9GcQIomUfGQj3TJnG8b8y64e4waZSHv3ciB0wRviGEzSccorOlh0wmJLthwTfRTsDdLi2o3XahDgkBRTRxV0d1CTq8SBaejLakQ,,,USD
Motorola,mobile,Moto E Motorola,$89.98,89.98,89.98,4.0,1200.0,Walmart - ML Tech Store,30,,"https://www.google.com/search?ibp=oshop&q=Motorola&prds=catalogid:8425199216350356625,productid:16045733330641091109,headlineOfferDocid:7283911641121872441,imageDocid:1431634353678729610,rds:PC_15630321065037373201|PROD_PC_15630321065037373201,gpcid:15630321065037373201,mid:576462890278600689,pvt:hg&hl=en&gl=us&udm=28",https://encrypted-tbn2.gstatic.com/shopping?q=tbn:ANd9GcRcGInaUg6EyZ6qvj9h5ZPOv9kK7TglGyR2NgqJ8JTxDadLYnNRgVpoJ8-oA5G5eQK66aE7l96yLyCM-gyYPIH3OoHUg2j0,,,USD
Motorola,mobile,Motorola Moto G Play,$119.00,119.0,119.0,3.7,3300.0,Best Buy,31,,"https://www.google.com/search?ibp=oshop&q=Motorola&prds=catalogid:10064001721983786341,productid:11409862899335243118,headlineOfferDocid:17157852005525846177,imageDocid:13716209170311909902,rds:PC_5618553093737121452|PROD_PC_5618553093737121452,gpcid:5618553093737121452,mid:576462827440715268,pvt:hg&hl=en&gl=us&udm=28",https://encrypted-tbn3.gstatic.com/shopping?q=tbn:ANd9GcRg3aqEM4IJNOAe5j7AUG7RCSjgorTHz4mJRzweJ7UdHJk1ItIGs3IE2TC30y6OqakqOADO-j2jEms3QjvaaX45k4ejC7-L3lZhvsqSWs4,,,USD
Motorola,mobile,Motorola Edge 50 Pro 5G,$462.99,462.99,462.99,4.5,1100.0,ElectronicsForce.com,32,Free delivery by Tue,"https://www.google.com/search?ibp=oshop&q=Motorola&prds=catalogid:16835958491166601507,productid:6010768177937418367,headlineOfferDocid:11821330903350218544,imageDocid:3984120859345430174,rds:PC_18098994143561565699|PROD_PC_18098994143561565699,gpcid:18098994143561565699,mid:576462852749623984,pvt:hg&hl=en&gl=us&udm=28",https://encrypted-tbn2.gstatic.com/shopping?q=tbn:ANd9GcRQXYXSe_h-GlMui57iQ4APhmXb_OLmGvGCp18GebWeUh8G2xJbU5gxvSgS5wjV4Kke8cvB0evQ07JIj_zu2M44EwoO-01XvdODjfoyqAaJM2uxK_mPRWe6,,,USD
Motorola,mobile,Motorola Moto G86 Power 5G,$299.00,299.0,299.0,4.8,2000.0,Walmart - Omega Distributions FLORIDA,33,Free delivery,"https://www.google.com/search?ibp=oshop&q=Motorola&prds=catalogid:1650501423380690523,productid:14666361125342858245,headlineOfferDocid:5963778797267850401,imageDocid:12127300988723155378,rds:PC_10070241047954077575|PROD_PC_10070241047954077575,gpcid:10070241047954077575,mid:576462845701307090,pvt:hg&hl=en&gl=us&udm=28",https://encrypted-tbn2.gstatic.com/shopping?q=tbn:ANd9GcTRU-hZETFpxByU_3tdWAGiE1vgpUOLyawgjOkQ1K8aJtlAXPVKRtWBc8QCjjQWk7OWSrRCjuOBA-HP9M9XT2xXyvzb-JuIqA,,,USD
Motorola,mobile,Motorola Edge 60 Pro,$599.50,599.5,599.5,4.8,2300.0,Wireless Place,34,Free delivery by Wed,"https://www.google.com/search?ibp=oshop&q=Motorola&prds=catalogid:111784404075133050,productid:5479418138137531046,headlineOfferDocid:1573503217996284158,imageDocid:18082388342778160307,rds:PC_10360787057128524745|PROD_PC_10360787057128524745,gpcid:10360787057128524745,mid:576462821304904296,pvt:hg&hl=en&gl=us&udm=28",https://encrypted-tbn3.gstatic.com/shopping?q=tbn:ANd9GcSQEUvNpBnaOy81WNa1OoSoQuDHoSw6i5TV3ktXbJO-kBZsI5Dq1KCMQykhlB78cjAbNoKqtdKxbieZM7YyCcoNGL7bV8oVugcojHkZj8T9d-ow3qFpVX1ETw,,,USD
Motorola,mobile,Motorola CARAMEL LATTE 8256GB,$251.18,251.18,251.18,4.2,1700.0,Connection,35,Free delivery,"https://www.google.com/search?ibp=oshop&q=Motorola&prds=productid:11775543309586147781,headlineOfferDocid:11775543309586147781,imageDocid:11275088563685567524,rds:PC_6076741790411226558|PROD_PC_6076741790411226558,pvt:hg&hl=en&gl=us&udm=28",https://encrypted-tbn0.gstatic.com/shopping?q=tbn:ANd9GcRKdGs8-EojosRLZzZcLWKXEfeq0FDg2bpkhr2BYYwm2b4hMefN83isUuVC2lwdmzhP3XUy_15m6PQs9AOyM4H6KJ23nKCKs7Nmf5QEHT9KiI9LTa2Vn9hgAqw,,,USD
Motorola,mobile,Motorola Edge 40 Neo,$259.99,259.99,259.99,4.5,2400.0,Walmart - Lifeline786,36,Free delivery by Mon,"https://www.google.com/search?ibp=oshop&q=Motorola&prds=catalogid:10199752312628833184,productid:7578035163906831105,headlineOfferDocid:10357024718696921135,imageDocid:12009369393550011031,rds:PC_12189461407785188162|PROD_PC_12189461407785188162,gpcid:12189461407785188162,mid:576462783414164411,pvt:hg&hl=en&gl=us&udm=28",https://encrypted-tbn3.gstatic.com/shopping?q=tbn:ANd9GcQmOKpz161iwKLBjK7i9-c31IumyoPT2DE9iGvXWAWvRkxf1VJxCZAQFvnaekAFVY4-qC5t38icn-SEQzyJl9b2Sjk0Yyif,,,USD
Motorola,mobile,Motorola Moto G7 Power,$94.95,94.95,94.95,4.5,2100.0,Cell2Get,37,Free delivery,"https://www.google.com/search?ibp=oshop&q=Motorola&prds=catalogid:14339654568605356315,productid:13778010800176740482,headlineOfferDocid:844156457077113330,imageDocid:3180887683071490940,rds:PC_14453845215847658218|PROD_PC_14453845215847658218,gpcid:14453845215847658218,mid:576462374136013091,pvt:hg&hl=en&gl=us&udm=28",https://encrypted-tbn0.gstatic.com/shopping?q=tbn:ANd9GcQloVEujDZKR1QNkhmEEB2oiVJxwkLUP1S9ZT5Xq_qRzAHODrLmwcEKMnMFuPe8Z9cGej7FTkuIcoHQ1D_bhkCc22cAz6u8MO3suwY_1amk3kNiSW_c9Pws,,,USD
Motorola,mobile,motorola razr - 2024,$399.99,399.99,399.99,3.8,249.0,motorola.com,38,Free delivery,"https://www.google.com/search?ibp=oshop&q=Motorola&prds=productid:1749446998104038755,headlineOfferDocid:1749446998104038755,imageDocid:11079671382417882898,rds:LO_1749446998104038755|PROD_LO_1749446998104038755,pvt:hg&hl=en&gl=us&udm=28",https://encrypted-tbn2.gstatic.com/shopping?q=tbn:ANd9GcSPKGCLUexmkbVqnmyJ9svGy-8ZHnFCD0MN0OT4LLiisqCfliBSgPdUN2aKUhqiBCf2r2TDNxkobkBcXL45EqwizrnnBbUq0WZEVHg_bcORVz3gtos1dwU4nA,,,USD
Motorola,mobile,Moto G Power Motorola,$43.95,43.95,43.95,3.5,707.0,Walmart - The Wireless Circle,39,Free delivery,"https://www.google.com/search?ibp=oshop&q=Motorola&prds=catalogid:12414450283312290654,productid:6533139290811977701,headlineOfferDocid:14751452909164612488,imageDocid:9536124441081688185,rds:PC_11026679200519449081|PROD_PC_11026679200519449081,gpcid:11026679200519449081,mid:576462820078097183,pvt:hg&hl=en&gl=us&udm=28",https://encrypted-tbn1.gstatic.com/shopping?q=tbn:ANd9GcRir9BXpB8B1AcDhPx4Gb0MRyOLSFeL9uOduz96RyoWjX59IWFtgkCAemqnxaXi1hF_bIemZxcQm-v9IHAlreArmlY1EveW,,,USD
Motorola,mobile,Motorola Edge 30 Neo,$172.99,172.99,172.99,4.6,869.0,ElectronicsForce.com,40,Free delivery by Tue,"https://www.google.com/search?ibp=oshop&q=Motorola&prds=catalogid:14299597226601975523,productid:1218180829922959203,headlineOfferDocid:3341845602267340932,imageDocid:4528052666939181349,rds:PC_16706953311445062639|PROD_PC_16706953311445062639,gpcid:16706953311445062639,mid:576462461857971493,pvt:hg&hl=en&gl=us&udm=28",https://encrypted-tbn1.gstatic.com/shopping?q=tbn:ANd9GcROyAgm47kyTaqOrC4Yc5Zo4AQkaZcxoP8zQhqjsXYDxfWgu3W6PfpLqMK-Eddzlki5jNV4S53eNV0sgTn4nvxjLnjznBdDCx1dtPBkiUuEqJdbppu1EpxUSg,,,USD
Oppo,mobile,Oppo Find X9 Pro 5G Dual SIM,$989.99,989.99,989.99,4.8,906.0,Bludiode European Transactions,1,Free delivery,"https://www.google.com/search?ibp=oshop&q=Oppo&prds=catalogid:9218328707498074173,productid:7199869773649133492,headlineOfferDocid:2911743372477564290,imageDocid:4474370882710012088,rds:PC_17934193114201683408|PROD_PC_17934193114201683408,gpcid:17934193114201683408,pvt:hg&hl=en&gl=us&udm=28",https://encrypted-tbn0.gstatic.com/shopping?q=tbn:ANd9GcTfH0Uuar4NOT7hZ2ZMPBO6FSXWNZ_dDYoO2nSsguUQpCCmzMDUYX7x1PejXXIWRT9LoWmmTjDiPnpPoxcMSNClB26HIme8ef1FwH6WUogbTxs2IUdMSprxQA,,,USD
Oppo,mobile,Oppo A5,$234.00,234.0,234.0,4.8,4300.0,eBay,2,Free delivery,"https://www.google.com/search?ibp=oshop&q=Oppo&prds=catalogid:4622366324354216828,productid:14862452380232282211,headlineOfferDocid:753463071397615201,imageDocid:12811374701521831874,rds:PC_17022493137122983417|PROD_PC_17022493137122983417,gpcid:17022493137122983417,mid:576462376315084472,pvt:hg&hl=en&gl=us&udm=28",https://encrypted-tbn2.gstatic.com/shopping?q=tbn:ANd9GcR7sgAyZqain6RS-YCkyzQnmaPZnQwBfferf0RCTHW0FGEHIRfUZQ6A7odl75EvxzjJ9v3QUJD4Uz_Nv6LPNwX6MUNnwasc2Q03ukwRzeNCwVN89BJsC6pGuA,,,USD
Oppo,mobile,Oppo A40,$122.52,122.52,122.52,4.5,454.0,Mr Price,3,,"https://www.google.com/search?ibp=oshop&q=Oppo&prds=catalogid:9174579875209243803,productid:642023534813306365,headlineOfferDocid:10919065579982657451,imageDocid:4920356203133897618,rds:PC_5230338539649127543|PROD_PC_5230338539649127543,gpcid:5230338539649127543,mid:576462796157124377,pvt:hg&hl=en&gl=us&udm=28",https://encrypted-tbn2.gstatic.com/shopping?q=tbn:ANd9GcTvOHQ5gizV59Nq9qIa6q8aEpy9GTuV3udItTgX7jj06LrilYCRI41HNeaHvgrGxucP4BelF1Ce4aKBLdjJgzdcu7fIM_9ymMRga3qo-VWJCVPcAPqYGg-p3A,,,USD
Oppo,mobile,Oppo Find X8 Ultra 5G,"$1,132.00",1132.0,1132.0,4.7,45.0,PDAPlaza Canada,4,,"https://www.google.com/search?ibp=oshop&q=Oppo&prds=catalogid:3463150148232796173,productid:16581352374397683002,headlineOfferDocid:8751056211696743909,imageDocid:5243124378885742712,rds:PC_10787957164585113512|PROD_PC_10787957164585113512,gpcid:10787957164585113512,mid:576462823496975370,pvt:hg&hl=en&gl=us&udm=28",https://encrypted-tbn0.gstatic.com/shopping?q=tbn:ANd9GcThPhuZOuiKW2vFknc3Q4KhYPOv4vPKVYIZ5J5l4sTrQdzhd9pQF6k9Jha82RQ6W7GbdDvFKUSmxK2KKKS1kt5Hibji8UdwLip-bifFsp0cjdH9pYjfDb0b3w,,,USD
Oppo,mobile,Oppo Find X9 5G Phone,$685.99,685.99,685.99,4.9,822.0,Bludiode European Transactions,5,Free delivery,"https://www.google.com/search?ibp=oshop&q=Oppo&prds=catalogid:15937189807951835016,productid:3871436217107643221,headlineOfferDocid:15521497533855600340,imageDocid:17737771238339384590,rds:PC_11055514017706683545|PROD_PC_11055514017706683545,gpcid:11055514017706683545,mid:576462523589399271,pvt:hg&hl=en&gl=us&udm=28",https://encrypted-tbn2.gstatic.com/shopping?q=tbn:ANd9GcRXrbmlNNhaJPnRb4DnGJK6HVo_iIBVh9sg011f5naTeVLd9-XZyPC68HAIZsPOR6cS1OK3kT0iPgqn8UbQpsi_RJZRNCatt5A9-VtEw6i0VGRnaRatdoYbrA,,,USD
Oppo,mobile,Oppo A5 Pro 5G Unlocked Smartphone 8GB RAM 256GB,$259.12,259.12,259.12,4.8,2200.0,eBay - one.stop.shoppee,6,,"https://www.google.com/search?ibp=oshop&q=Oppo&prds=catalogid:7631344756048969356,productid:6953940176286315603,headlineOfferDocid:10110908710628593544,imageDocid:3784427963556410689,rds:PC_13781768416438394369|PROD_PC_13781768416438394369,gpcid:13781768416438394369,mid:576462502516407907,pvt:hg&hl=en&gl=us&udm=28",https://encrypted-tbn1.gstatic.com/shopping?q=tbn:ANd9GcQzHFpYyEAJZYk5cRIpKPWLLFD2LPDzxkjtBONDe5WJ_aMoiFGkKaIMPmQvnvAezTpXDLKSZ-knLdkbPoXqMegINwOneRec1nDFJR89aLB0kSpvQxQpbGWJlw,,,USD
Oppo,mobile,Oppo Reno 10 5G,$772.15,772.15,772.15,4.7,892.0,Sears - FastMedia,7,Free delivery,"https://www.google.com/search?ibp=oshop&q=Oppo&prds=catalogid:12506949051996155736,productid:5229040743339784783,headlineOfferDocid:17943493824011317697,imageDocid:13310512387354564033,rds:PC_10220598693089468684|PROD_PC_10220598693089468684,gpcid:10220598693089468684,mid:576462461115823279,pvt:hg&hl=en&gl=us&udm=28",https://encrypted-tbn1.gstatic.com/shopping?q=tbn:ANd9GcTtIkepjMAWQojV8HZOjPyDrGm67IY0p-V16qAQjNwutnUElMR-lxsci87Bv5gO3yc8ondfxNwlUBjAK787ZSRUok07dU7M87Se8UjS820-VVw3WU7GQBEj,,,USD
Oppo,mobile,Oppo Reno14 5G Phone,$462.90,462.9,462.9,4.8,978.0,eBay - one.stop.shoppee,8,,"https://www.google.com/search?ibp=oshop&q=Oppo&prds=catalogid:1713323849004952965,productid:15694743894073613127,headlineOfferDocid:595548582594968880,imageDocid:8771603338279670872,rds:PC_4740669652361733114|PROD_PC_4740669652361733114,gpcid:4740669652361733114,mid:576462843069152218,pvt:hg&hl=en&gl=us&udm=28",https://encrypted-tbn0.gstatic.com/shopping?q=tbn:ANd9GcQngOCF55XUAhMXAYMhaSBD4ad8GXmoweuI8wh1ZRp8lHBPAv4gkthHi-O6Syo_avN1qxUYGh17vvG9W0H7wajL9uvsiQFrVZ-yvE0p-fY,,,USD
Oppo,mobile,Oppo A5x 16.9 cm Android 15 4G,$159.00,159.0,159.0,4.9,3700.0,fruugo.com,9,,"https://www.google.com/search?ibp=oshop&q=Oppo&prds=catalogid:15836846558085607287,productid:2331446119587165512,headlineOfferDocid:12541165550731421990,imageDocid:12695353306356684686,rds:PC_14716644100545248708|PROD_PC_14716644100545248708,gpcid:14716644100545248708,mid:576462866790489765,pvt:hg&hl=en&gl=us&udm=28",https://encrypted-tbn2.gstatic.com/shopping?q=tbn:ANd9GcT32qSe78_ade-M8sFmJYeviHLPCCQiD8LMJSX8biZVUnQ7lPmdcBLAVdWB6JYa0_dugpSJA7IHCRBCIG5YH1dwm9nc7GsumCaE-UYtlwdxhK4LV-eqb02a,,,USD
Oppo,mobile,Oppo Reno 15 Pro Max Dual SIM Unlocked Global,$799.00,799.0,799.0,4.8,1100.0,eBay,10,Free delivery,"https://www.google.com/search?ibp=oshop&q=Oppo&prds=catalogid:14839683012257229085,productid:4285725016978820719,headlineOfferDocid:2890287562340988214,imageDocid:6258881269983195442,rds:PC_15165609738237294282|PROD_PC_15165609738237294282,gpcid:15165609738237294282,mid:576462536889293444,pvt:hg&hl=en&gl=us&udm=28",https://encrypted-tbn2.gstatic.com/shopping?q=tbn:ANd9GcSw4wt2OXGASyQRih0ZIwiLKde0xH2zN0M28FFW_TTTGORkj-Yydk0ko4Dl743ofpEhWRy21Y22v-s1Ayem3P1lDMzuoaWT3AvO9b4Sv6Cv0v3wXHUz5xk5nw,,,USD
Oppo,mobile,Oppo Reno15 5G Phone,$777.47,777.47,777.47,4.9,2100.0,Grooves-Inc.com,11,,"https://www.google.com/search?ibp=oshop&q=Oppo&prds=catalogid:15932487002229962356,productid:11349959268752425417,headlineOfferDocid:14318069756773861793,imageDocid:9276015126961218150,rds:PC_14499913919177247152|PROD_PC_14499913919177247152,gpcid:14499913919177247152,mid:576462876189582346,pvt:hg&hl=en&gl=us&udm=28",https://encrypted-tbn2.gstatic.com/shopping?q=tbn:ANd9GcSrgSoO0zwTGU6iS1FLwDZqaFf6M4hYA8d9sdwAnxbj82H84iotM3CarKG5tE7kTh3nFA3Lvz6cEeNecoPbmJoj3OLtsYAF8w,,,USD
Oppo,mobile,OPPO FIND X9 Pro 12GB+512GB Titanium + 1-Year Warranty,$869.99,869.99,869.99,4.8,882.0,Bludiode European Transactions,12,Free delivery,"https://www.google.com/search?ibp=oshop&q=Oppo&prds=productid:5428125922087183402,headlineOfferDocid:5428125922087183402,imageDocid:4474370882710012088,rds:PC_17934193114201683408|PROD_PC_17934193114201683408,pvt:hg&hl=en&gl=us&udm=28",https://encrypted-tbn0.gstatic.com/shopping?q=tbn:ANd9GcTfH0Uuar4NOT7hZ2ZMPBO6FSXWNZ_dDYoO2nSsguUQpCCmzMDUYX7x1PejXXIWRT9LoWmmTjDiPnpPoxcMSNClB26HIme8ef1FwH6WUogbTxs2IUdMSprxQA,,,USD
Oppo,mobile,Oppo F31 5G Phone,$280.39,280.39,280.39,5.0,5.0,eBay - one.stop.shoppee,13,,"https://www.google.com/search?ibp=oshop&q=Oppo&prds=catalogid:558966784141821938,productid:8538627852888144280,headlineOfferDocid:10992777560352335154,imageDocid:16929756005356362989,rds:PC_2578258728722556212|PROD_PC_2578258728722556212,gpcid:2578258728722556212,mid:576462843023119524,pvt:hg&hl=en&gl=us&udm=28",https://encrypted-tbn1.gstatic.com/shopping?q=tbn:ANd9GcQ0dAs-Tz70fnNDQIYb_F8msrH8VANwkrQ7Q8bWvwIGmovZoKYSTVKRdfer9Nufu_1hwcE-bYlYAh5V_bn-1qgSA1R4l01pWLA1AhDgvc8,,,USD
Oppo,mobile,Oppo Reno 5 Pro 5G 256GB Galactic Silver,$606.31,606.31,606.31,4.6,155.0,友和 Yoho,14,,"https://www.google.com/search?ibp=oshop&q=Oppo&prds=catalogid:3141069630333815450,productid:15451105846153922545,headlineOfferDocid:1401123904666156663,imageDocid:1011561297658749235,rds:PC_6169907748645758628|PROD_PC_6169907748645758628,gpcid:6169907748645758628,mid:576462833044607325,pvt:hg&hl=en&gl=us&udm=28",https://encrypted-tbn3.gstatic.com/shopping?q=tbn:ANd9GcQ4hPUCIbBMF7xaEFOlFs1UwcrLNaZjzAt_f2HJ6iOhKZjdoLj3yIjy1AQ58tPNHrwV2LxPBcyqCAz_M-C1ak4AVe1r1iCN6w,,,USD
Oppo,mobile,Oppo R9S 64GB 4GB RAM International Version,$82.94,82.94,82.94,4.8,161.0,eBay - phone360,15,,"https://www.google.com/search?ibp=oshop&q=Oppo&prds=catalogid:9610636697263049955,productid:10060917747016967727,headlineOfferDocid:4450842604875037388,imageDocid:7258608878043351351,rds:PC_4622943325137664967|PROD_PC_4622943325137664967,gpcid:4622943325137664967,mid:576462446874077478,pvt:hg&hl=en&gl=us&udm=28",https://encrypted-tbn3.gstatic.com/shopping?q=tbn:ANd9GcSupU2K6tiqdtUQkxDhsd5eCDhA3MHdOrGVWlh7mJM5ukwey5OHAfL96eeMWwsyouej9zMZADU0G1gvC9nntv8n81zqJ3jE6EphGqPPta0,,,USD
Oppo,mobile,Oppo Reno15 FS 5G,$644.96,644.96,644.96,4.7,55.0,Grooves-Inc.com,16,,"https://www.google.com/search?ibp=oshop&q=Oppo&prds=catalogid:6764771131733733506,productid:2990006790883668816,headlineOfferDocid:4384919567408390667,imageDocid:7248595203374853864,rds:PC_12879859643909894454|PROD_PC_12879859643909894454,gpcid:12879859643909894454,pvt:hg&hl=en&gl=us&udm=28",https://encrypted-tbn0.gstatic.com/shopping?q=tbn:ANd9GcS8fVcOX0i4zNlARpUovArA2MNk08MrzvEAVTmIyIeDAjswy8RXLzKyP5MobfqJxhLRLrbiDBVn17APbztgk7tmGLMu-9EeqQ,,,USD
Oppo,mobile,OPPO FIND X9 12GB+256GB Red + 1-Year Warranty,$685.99,685.99,685.99,4.9,822.0,Bludiode European Transactions,17,Free delivery,"https://www.google.com/search?ibp=oshop&q=Oppo&prds=productid:1889545246792662746,headlineOfferDocid:1889545246792662746,imageDocid:17760207503145172990,rds:PC_11055514017706683545|PROD_PC_11055514017706683545,pvt:hg&hl=en&gl=us&udm=28",https://encrypted-tbn2.gstatic.com/shopping?q=tbn:ANd9GcTUGToWhrd_vQcuc3ig1oGJxoD17s16SWannz6fEGifCi2kIzIooVXPG3rU_e2-gg9rLRRy1E_4ZRn4O-w_G_4ryFTgGymEB5azl9BsHNgp0sWSw7MWMpla,,,USD
Oppo,mobile,Oppo Find X8 Pro 5G Premium Edition Phone,$283.00,283.0,283.0,4.9,284.0,eBay - 5gsmartphonestore,18,Free delivery,"https://www.google.com/search?ibp=oshop&q=Oppo&prds=catalogid:6932524683402964378,productid:9078560266224401576,headlineOfferDocid:10500346128985273695,imageDocid:546145665383605893,rds:PC_3278886869862978887|PROD_PC_3278886869862978887,gpcid:3278886869862978887,mid:576462555532620275,pvt:hg&hl=en&gl=us&udm=28",https://encrypted-tbn1.gstatic.com/shopping?q=tbn:ANd9GcTW3YonNBTpyVA8tikcth8yvQnuLGmKyFSAblLKpqt6hlCRIm6_xZ1ng_OCfkKjrObEGEMfQ3GkHHRtJejOPAR2R3KMWqZePmWkJ_Hl32vh1O3tHM4sLYRN,,,USD
Oppo,mobile,Oppo F29 Pro 5g,$340.32,340.32,340.32,4.4,11.0,eBay,19,Free delivery,"https://www.google.com/search?ibp=oshop&q=Oppo&prds=catalogid:5656549858126596792,productid:9489755639720412707,headlineOfferDocid:2770839269621834438,imageDocid:5611326344538598646,rds:PC_11862035825091832885|PROD_PC_11862035825091832885,gpcid:11862035825091832885,mid:576462516962479457,pvt:hg&hl=en&gl=us&udm=28",https://encrypted-tbn2.gstatic.com/shopping?q=tbn:ANd9GcQvXYJqydLNfF1IdL5V2CPyBi7un2R3LLdzaR3RJO_zIJ-Gn5DdRDbQWdoi5_GXah6CF6jSrzWFZX8BmONkLf4fsZjOON4q613Z-5a5cgxAPbqO5q1vZIZf,,,USD
Oppo,mobile,Oppo F31 Pro 5G Phone,$420.72,420.72,420.72,4.7,56.0,eBay,20,,"https://www.google.com/search?ibp=oshop&q=Oppo&prds=catalogid:17460534948218302080,productid:2751224330636192695,headlineOfferDocid:7575721598538291893,imageDocid:16518225839316444809,rds:PC_5222894929218803228|PROD_PC_5222894929218803228,gpcid:5222894929218803228,mid:576462866598538581,pvt:hg&hl=en&gl=us&udm=28",https://encrypted-tbn1.gstatic.com/shopping?q=tbn:ANd9GcShTzCeqOm8kJjr4Gs3fuFy-u52EPfNASGoUDJ_A_QLNiI5EsarKD9b_qtYjCC_mn5VpS92FJ-mqU6gy6vcoJx3WOYaETyv1S5_J9FINSJ3,,,USD
Oppo,mobile,Oppo Find N6 5G Global Version,"$1,849.99",1849.99,1849.99,4.4,48.0,Swiftronics USA,21,,"https://www.google.com/search?ibp=oshop&q=Oppo&prds=catalogid:12036438457373256572,productid:4307605663227147774,headlineOfferDocid:2410484319622463568,imageDocid:15012418265484165310,rds:PC_10038101715326410062|PROD_PC_10038101715326410062,gpcid:10038101715326410062,pvt:hg&hl=en&gl=us&udm=28",https://encrypted-tbn2.gstatic.com/shopping?q=tbn:ANd9GcQn4VsG21xdD3hwSv_tSoiRyOcG8RhO3ENmq-tdUskZ64rDivfy541XZMHU_z2ByerHkx9PgMvd792pQcHQOM42ZZOxwHD2PGSxsXVEJ4LrQrdLw2FsMoQd,,,USD
Oppo,mobile,Oppo A6x India 5G Phone,$169.00,169.0,169.0,4.9,745.0,eBay - one.stop.shoppee,22,,"https://www.google.com/search?ibp=oshop&q=Oppo&prds=catalogid:3876912990055226586,productid:8998840900879716482,headlineOfferDocid:14359144379126058675,imageDocid:3847010604443266573,rds:PC_7545848912888893488|PROD_PC_7545848912888893488,gpcid:7545848912888893488,pvt:hg&hl=en&gl=us&udm=28",https://encrypted-tbn1.gstatic.com/shopping?q=tbn:ANd9GcQTpqaCWB3AoId1QT4SVrU7-9DEvSNRzxlW1S0ctqpy-CU33zt4i0ePyhD3hMquzAW8P_tTaxQdU5XPq-GYsw79udbhZK6eLhNcB7U1WIW-,,,USD
Oppo,mobile,OPPO A76 128GB1,$174.16,174.16,174.16,,,Whatnot,23,,"https://www.google.com/search?ibp=oshop&q=Oppo&prds=productid:2059260337011436819,headlineOfferDocid:2059260337011436819,imageDocid:17453553873117027615,pvt:hg&hl=en&gl=us&udm=28",https://encrypted-tbn3.gstatic.com/shopping?q=tbn:ANd9GcScWBsXtvQJ6gn5CYP5YpGFM-kVLs_6g6v6e5sjH8WhCE4OZVlKp1uF-WSgluQWBRtnCSQPwhSOYgCdWyfVMId_sl_BJ6wuTWFomPovbKvbl9kdcUoQFM2b,,,USD
Oppo,mobile,Oppo F31 Pro Plus 5G,$459.99,459.99,459.99,4.9,391.0,eBay - lifestylegallery2010,24,Free delivery,"https://www.google.com/search?ibp=oshop&q=Oppo&prds=catalogid:15349911925959120747,productid:7051611842020985852,headlineOfferDocid:16851078713488735204,imageDocid:7298698880448106875,rds:PC_14460159882872349056|PROD_PC_14460159882872349056,gpcid:14460159882872349056,mid:576462847861126813,pvt:hg&hl=en&gl=us&udm=28",https://encrypted-tbn3.gstatic.com/shopping?q=tbn:ANd9GcTVYrK7AwsdH-NZEBNdP0C_xEo9qrVeViRHXDiF2VwPCAmdK2GpQ5o5nWbVBmVFZbNTyIKXlLE7Q7UKbs0ZKzyz2b2wSRayMDWTE6xCHHZVAByoCUO3rihX,,,USD
Oppo,mobile,OPPO Reno5 Z 5G Dual CPH2211 128GB 8GB RAM Factory Unlocked International Version,$242.47,242.47,242.47,4.5,48.0,友和 Yoho,25,,"https://www.google.com/search?ibp=oshop&q=Oppo&prds=catalogid:6016221745501557623,productid:2544865830200051360,headlineOfferDocid:7563407969766261907,imageDocid:14256044788842703128,rds:PC_10786006768650590732|PROD_PC_10786006768650590732,gpcid:10786006768650590732,mid:576462810768569320,pvt:hg&hl=en&gl=us&udm=28",https://encrypted-tbn0.gstatic.com/shopping?q=tbn:ANd9GcSdSo1u9cUqC1WUwfPTqL7qej7MvUnDGUfvXBz2ajxovOPwfgbkXMFYWHEV0FNAJgWUuZOkXh50M7E3roHPMuhJpekw8bCR,,,USD
Oppo,mobile,"Oppo K13 Turbo Pro 5g Smartphone Snapdragon 8s Gen4 6.8"" Amoled 120hz",$378.65,378.65,378.65,4.9,575.0,eBay,26,Free delivery,"https://www.google.com/search?ibp=oshop&q=Oppo&prds=productid:3281518750395231336,headlineOfferDocid:3281518750395231336,imageDocid:5006032840238463645,rds:PC_12348416440097942318|PROD_PC_12348416440097942318,pvt:hg&hl=en&gl=us&udm=28",https://encrypted-tbn1.gstatic.com/shopping?q=tbn:ANd9GcS5S5Nktd9JBa-65-OnC4NId_ZdjzvhWCl_qDUGKRJfMZXr4m8hetoBRryimPWmayIIhjsmojvtIG_RdUYP9jIrM5nqHQKL9UA26rcYOG16t__dsPVQfqG2,,,USD
Oppo,mobile,Oppo Enco X3i True Wireless Earphones,$100.99,100.99,100.99,4.9,132.0,Dressinn.com,27,,"https://www.google.com/search?ibp=oshop&q=Oppo&prds=catalogid:1958990741626841203,productid:8741535850625263670,headlineOfferDocid:3830725680381521429,imageDocid:5272245524257651406,rds:PC_16744716228522130393|PROD_PC_16744716228522130393,gpcid:16744716228522130393,mid:576462796159149650,pvt:hg&hl=en&gl=us&udm=28",https://encrypted-tbn2.gstatic.com/shopping?q=tbn:ANd9GcQmkDtYe8yu1nCrHIhEgkKuJhidGy1SSx07ck-IgLLwUceUNSN6DcAiMAunZ1cyKs1DQRXdzljeOEioxgopOvU5nbMINuJ0ESXnHqY7wwtnSJt-D0TDf4iwzzU,,,USD
Oppo,mobile,Oppo Reno8 5G 256GB,$205.00,205.0,205.0,4.6,1000.0,eBay - 5gsmartphonestore,28,Free delivery,"https://www.google.com/search?ibp=oshop&q=Oppo&prds=catalogid:3292411903847384611,productid:6923135064068245310,headlineOfferDocid:17618353375068938913,imageDocid:14084400433329126809,rds:PC_18097487757791687346|PROD_PC_18097487757791687346,gpcid:18097487757791687346,mid:576462503318271411,pvt:hg&hl=en&gl=us&udm=28",https://encrypted-tbn1.gstatic.com/shopping?q=tbn:ANd9GcTg9jnH86bpRQSB-8wVaOQq7-Mn8IzmlLefKU5ktBC6sOb9wWQ79qIZi7LxdMyTbaJnPB6JE1C1Ar-Q0pW8VUit7fLnmEI_N-4lJDgmImSGeRgtcLQAbDRy,,,USD
Oppo,mobile,Oppo Enco W12 Wireless In-ear Calls/Music Headset,$77.00,77.0,77.0,4.6,116.0,Poshmark,29,,"https://www.google.com/search?ibp=oshop&q=Oppo&prds=catalogid:11178009679222993512,productid:1491828436033712477,headlineOfferDocid:7214837981230925255,imageDocid:2205416334433661286,rds:PC_7719473996083397685|PROD_PC_7719473996083397685,gpcid:7719473996083397685,mid:576462816337337058,pvt:hg&hl=en&gl=us&udm=28",https://encrypted-tbn2.gstatic.com/shopping?q=tbn:ANd9GcSYNguwblvA6LJPkek0yaYhBYdeRYJnDuKnE7bLhqbMpRTJwLx5Z1mqdTRB6eD1wsz8_Z8Tg1tWyeTEvoTE9Yo3jaYhfCv2JLVwE0tM29jDzT4B75p607bLSA,,,USD
Oppo,mobile,Oppo F15 4 GB 128 GB Blazing Blue-igT,$96.74,96.74,96.74,3.7,26.0,eBay - phone360,30,,"https://www.google.com/search?ibp=oshop&q=Oppo&prds=catalogid:14744253256054141066,productid:4083164307624232742,headlineOfferDocid:9264689826145362861,imageDocid:1491638625641076763,rds:PC_4149665386926014381|PROD_PC_4149665386926014381,gpcid:4149665386926014381,mid:576462324462249217,pvt:hg&hl=en&gl=us&udm=28",https://encrypted-tbn3.gstatic.com/shopping?q=tbn:ANd9GcRQmPBcT3rkWeZJAboS6-Gw1Y7mUksxi3jTT_qzSdXAbQIynMG2Mc3G9oGDzacpKF10XqNbNtBvy7-kIwqNOvoIQ4t-431DQTdNMSCIomoV,,,USD
Oppo,mobile,Oppo K13 5G Phone,$300.25,300.25,300.25,4.7,63.0,eBay - one.stop.shoppee,31,,"https://www.google.com/search?ibp=oshop&q=Oppo&prds=catalogid:1210995953964787477,productid:9057621121592813374,headlineOfferDocid:17880095101130131625,rds:PC_15625062721609304184|PROD_PC_15625062721609304184,gpcid:15625062721609304184,pvt:hg&hl=en&gl=us&udm=28",https://encrypted-tbn3.gstatic.com/shopping?q=tbn:ANd9GcSgNRaMP4E8RuiOmABEHhC2x0onZAz35uKgmNSoSG0ajzrzuysB8e8tin9sLVBkdFWcZBBjxHGZ8g_v3Wr2X1PrAOgHZLTrB92Hh0uh-s_d,,,USD
Oppo,mobile,Oppo A53s 128GB,$92.33,92.33,92.33,4.4,585.0,eBay - lt-trading,32,,"https://www.google.com/search?ibp=oshop&q=Oppo&prds=catalogid:18157627457898230949,productid:17838448798261231007,headlineOfferDocid:12277358213693036317,imageDocid:17612493842461126006,rds:PC_13630566069111432270|PROD_PC_13630566069111432270,gpcid:13630566069111432270,mid:576462808300468001,pvt:hg&hl=en&gl=us&udm=28",https://encrypted-tbn2.gstatic.com/shopping?q=tbn:ANd9GcSHLouIPZqe2oqvav09ut5YIs5iS8ornXPyVdcynVP2EebF6IjIxAuVciWuAtXT-A-1n0s0CQbYA8R91sFqoW5RSJpCWutK3GJnUCW1Axz3O5m-UrCw3hfK,,,USD
Oppo,mobile,Oppo Reno15 F 5G Phone,$542.54,542.54,542.54,4.9,4700.0,Grooves-Inc.com,33,,"https://www.google.com/search?ibp=oshop&q=Oppo&prds=catalogid:7746457390108235169,productid:7028612061424708443,headlineOfferDocid:3187354429269032425,imageDocid:5546373889627875203,rds:PC_9187637350202559634|PROD_PC_9187637350202559634,gpcid:9187637350202559634,mid:576462878158078295,pvt:hg&hl=en&gl=us&udm=28",https://encrypted-tbn3.gstatic.com/shopping?q=tbn:ANd9GcT0qf0xW6pCUD3g6j6ml_dtoglIU0nPD6GGlCjF3aWAuvFYYMHNZEPKFzGpS_UMDEuy5JnKY2WJYIaE0li5evKeOqJmvnLg,,,USD
Oppo,mobile,Oppo Find N2 Flip 5g-factory Unlocked Dual Sim-8gb,"$1,215.00",1215.0,1215.0,4.7,385.0,eBay - multistore4all,34,Free delivery,"https://www.google.com/search?ibp=oshop&q=Oppo&prds=productid:2110400915984290357,headlineOfferDocid:2110400915984290357,imageDocid:3971185277510864081,rds:PC_7170885819452021215|PROD_PC_7170885819452021215,pvt:hg&hl=en&gl=us&udm=28",https://encrypted-tbn1.gstatic.com/shopping?q=tbn:ANd9GcQtT8h2NWZOCbddHblVdqzR9MCFyndWDKZ8s9R1j-64fxD9RbynQwVbaNwGGUgXyQnIEw6WrK9OFvjCeN4rGdTPKxKnzb3yzg,,,USD
Oppo,mobile,Oppo F19s Phone,$249.00,249.0,249.0,,,eBay - lifestylegallery2010,35,Free delivery,"https://www.google.com/search?ibp=oshop&q=Oppo&prds=catalogid:7187684915817082759,productid:14516327262757082468,headlineOfferDocid:10915000759289028586,imageDocid:7235850836310924995,gpcid:10637859382590406631,mid:576462859583737192,pvt:hg&hl=en&gl=us&udm=28",https://encrypted-tbn3.gstatic.com/shopping?q=tbn:ANd9GcRuH8lYNjsbiU4CbEH4tr2o77KWIYvqpvzWmtchECYaPP9sZsnvdBPXlU7yTu07Q85gClSKmx_56-Bi3DJKSums_eAQOjs4_uflzFHxeL-y,,,USD
Oppo,mobile,Oppo F21s Pro 5G,$426.54,426.54,426.54,3.0,74.0,eBay - soundsolutions_worldwide,36,Free delivery,"https://www.google.com/search?ibp=oshop&q=Oppo&prds=catalogid:2108518420291873361,productid:2990723027241328386,headlineOfferDocid:15904710768237213077,imageDocid:4704796614317233410,rds:PC_3380847548131204610|PROD_PC_3380847548131204610,gpcid:3380847548131204610,mid:576462749118118089,pvt:hg&hl=en&gl=us&udm=28",https://encrypted-tbn2.gstatic.com/shopping?q=tbn:ANd9GcRuLVDDwVIq18E7uj2gIODbVtJHz7tIf00q1Y-VvsqBgCXww1klqqjXDqf9Tz_dniSuzWDNjWT_sxh_SdBHrmCYwXg-qCNwI94RslCF0Un6v5-GCxt0mtuH,,,USD
Oppo,mobile,OPPO Find X 8GB,"$1,099.99",1099.99,1099.99,4.0,116.0,Overseas Electronics,37,,"https://www.google.com/search?ibp=oshop&q=Oppo&prds=catalogid:5841362843078461701,productid:2840738675658298887,headlineOfferDocid:8518336581740401937,imageDocid:6950099609384233053,rds:PC_3707968819272914944|PROD_PC_3707968819272914944,gpcid:3707968819272914944,mid:576462305421186037,pvt:hg&hl=en&gl=us&udm=28",https://encrypted-tbn1.gstatic.com/shopping?q=tbn:ANd9GcRYP9B2Ha2-DN5yyZsWSSEvLe1bLlm2Nq8vKphfY1za_S-HJudkYmGDxonY6Fjkc9LNtJiumqSp57iow9ofXcalBtIY85ey,,,USD
Oppo,mobile,Oppo K 14 5G Phone,$279.96,279.96,279.96,4.9,267.0,eBay,38,Free delivery,"https://www.google.com/search?ibp=oshop&q=Oppo&prds=catalogid:3155834996100982330,productid:2162132747521668103,headlineOfferDocid:11300092243332498494,imageDocid:7334462800407919648,rds:PC_10026223426496679408|PROD_PC_10026223426496679408,gpcid:10026223426496679408,mid:576462890279301772,pvt:hg&hl=en&gl=us&udm=28",https://encrypted-tbn0.gstatic.com/shopping?q=tbn:ANd9GcTZWwUBhS0L9TSZQycpRV6UfOW42Q3KjI5ejf5v1dkEy2Jjez2zpKb-JUdJVZpyMY13JL1AoX5zd7Oh53sGrRsCBKRuCDTANU9kJ2lGC-8B,,,USD
Oppo,mobile,"OPPO Find X Find X8 16.7 cm (6.59"") Dual SIM Android 15 5G USB Type-C 16 GB 512 GB 5630 mAh Black",$814.99,814.99,814.99,4.7,95.0,eBay - ahappyprice,39,,"https://www.google.com/search?ibp=oshop&q=Oppo&prds=catalogid:7045430303653555883,productid:15135124174219605960,headlineOfferDocid:15967994855383651248,imageDocid:7058341167017681430,rds:PC_12021943976800917299|PROD_PC_12021943976800917299,gpcid:12021943976800917299,mid:576462808840486963,pvt:hg&hl=en&gl=us&udm=28",https://encrypted-tbn2.gstatic.com/shopping?q=tbn:ANd9GcRpZcaeWEj1nNvbrTQV9bx54JaPjM8haUz5tp6twDBCf3oeOSvfNa4HPE4DMpu8XToc8VOupg5Eu1Uf-grixjaWcldKtPjViPpZZ-MIj93uSz3L_zRoj8Ut,,,USD
Oppo,mobile,Oppo F23 256GB 8GB RAM Gsm Unlocked Phone Qualcomm SM6375 Snapdragon 695 5G 64MP,$355.68,355.68,355.68,,,eBay - lifestylegallery2010,40,Free delivery,"https://www.google.com/search?ibp=oshop&q=Oppo&prds=catalogid:3003975767157550823,productid:15287398895869661164,headlineOfferDocid:6978785869240505729,imageDocid:8183326832173022089,gpcid:12166707641408396515,mid:576462749386932381,pvt:hg&hl=en&gl=us&udm=28",https://encrypted-tbn1.gstatic.com/shopping?q=tbn:ANd9GcRSYpusBqbMeT4QuC_wtjbOl9VVpSyu-6v-aV_mAszqMBzMnL6eA-PXCCuszmdvar_W4gY24zZqQSXcbuYZreEC_B6PSBi4azZLE-MnD5pit3MsRUSwJ7_T,,,USD
Vivo,mobile,vivo X300 Pro 5G Phone,"$1,142.00",1142.0,1142.0,4.9,1600.0,eBay - dentalcity05,1,,"https://www.google.com/search?ibp=oshop&q=Vivo&prds=catalogid:12956734992168732912,productid:12715628527628460408,headlineOfferDocid:5928659829589337760,imageDocid:10071891488052886132,rds:PC_13681025360575688838|PROD_PC_13681025360575688838,gpcid:13681025360575688838,mid:576462901156609522,pvt:hg&hl=en&gl=us&udm=28",https://encrypted-tbn0.gstatic.com/shopping?q=tbn:ANd9GcTR_aMsxU8E7_q0XzeVcclwgBj4shHcMFUtV56P_hYZao_tQHg8kv3zk0fs5hapgSdgJKqbFQDB,,,USD
Vivo,mobile,Vivo X200 Ultra 5G,"$1,027.33",1027.33,1027.33,4.8,245.0,PDAPlaza,2,,"https://www.google.com/search?ibp=oshop&q=Vivo&prds=catalogid:2945836674627406025,productid:7341275943534327283,headlineOfferDocid:14220728717959366728,imageDocid:15953171951133998571,rds:PC_4692266727087395925|PROD_PC_4692266727087395925,gpcid:4692266727087395925,mid:576462821472994727,pvt:hg&hl=en&gl=us&udm=28",https://encrypted-tbn3.gstatic.com/shopping?q=tbn:ANd9GcScrZnPCjnaHWjDO9gAprQisiQnk5WZGf3QwiVPxFuL0mI-ihbG1N1RMrM4iN0uTZ6cLgp90Mg,,,USD
Vivo,mobile,"Vivo X200 Ultra 5G Smartphone - Snapdragon 8 Elite, 16GB RAM, 512GB/1TB, 6.82"" Zeiss Camera, Unlocked",$639.00,639.0,639.0,,,barnagarbed.org,3,Free delivery,"https://www.google.com/search?ibp=oshop&q=Vivo&prds=productid:1995803433446402511,headlineOfferDocid:1995803433446402511,imageDocid:14884364334426038278,pvt:hg&hl=en&gl=us&udm=28",https://encrypted-tbn2.gstatic.com/shopping?q=tbn:ANd9GcQCaN8H2O01yUTNizSNWJAm-H70UVq7II5q0-fo4iFQtp3WjKlk4Ot9bHAu1VeaSytDkjKk-UaE,,,USD
Vivo,mobile,vivo Y 51 Pro 5G Phone,$259.00,259.0,259.0,,,eBay - one.stop.shoppee,4,,"https://www.google.com/search?ibp=oshop&q=Vivo&prds=catalogid:737701392273602866,productid:8374327510616877454,headlineOfferDocid:9796701469156984477,imageDocid:1715168560917914982,gpcid:16475196785377918572,mid:576462883959910787,pvt:hg&hl=en&gl=us&udm=28",https://encrypted-tbn2.gstatic.com/shopping?q=tbn:ANd9GcQAeACXnqVrfSaO6v9rb-_y9iK7XtEWkTaDL7Vz-j3C7KQPJL92MvfJdMhVM7ns6VosTGIuE-2Y,,,USD
Vivo,mobile,vivo T4x 5G Phone,$214.85,214.85,214.85,4.2,19.0,eBay,5,Free delivery,"https://www.google.com/search?ibp=oshop&q=Vivo&prds=catalogid:1855074261900934803,productid:1800235117605657442,headlineOfferDocid:11625079702411624386,rds:PC_7212758760538777712|PROD_PC_7212758760538777712,gpcid:7212758760538777712,mid:576462819643553877,pvt:hg&hl=en&gl=us&udm=28",https://encrypted-tbn3.gstatic.com/shopping?q=tbn:ANd9GcS0PKGyxfJixKPP_M_TEhurfTAxgZHBNttuE7y0oSrUXqJzYXls,,,USD
Vivo,mobile,vivo V 70 Elite 5G Phone,$569.00,569.0,569.0,1.0,1.0,eBay - one.stop.shoppee,6,,"https://www.google.com/search?ibp=oshop&q=Vivo&prds=catalogid:12427021934698865603,productid:7664989880582536520,headlineOfferDocid:17712557307197198642,imageDocid:17916651407148115092,rds:PC_9946881937574870795|PROD_PC_9946881937574870795,gpcid:9946881937574870795,mid:576462881544250136,pvt:hg&hl=en&gl=us&udm=28",https://encrypted-tbn0.gstatic.com/shopping?q=tbn:ANd9GcQKdb1zvKUTH6vZbwCc5NVtKBtSWPvmlJ2YuF0akRM4BtG1DLOaigcDupJn6_AKE23-JfwrVR-M,,,USD
Vivo,mobile,Official Global Version Vivo X20 6.01 Inch 4GB 64GB Smartphone Gold,$488.37,488.37,488.37,,,geekbuying.com,7,,"https://www.google.com/search?ibp=oshop&q=Vivo&prds=productid:2676934487586008277,headlineOfferDocid:2676934487586008277,imageDocid:13790993812428384926,pvt:hg&hl=en&gl=us&udm=28",https://encrypted-tbn2.gstatic.com/shopping?q=tbn:ANd9GcRCyEUPGRpmxXgPNes-ZX9Bp6Pds8O7fAZWXzglL58BBZO-T8V_HehxqZt_WpYJ5CTR0o4V7rs,,,USD
Vivo,mobile,Vivobarefoot Women's Sensus Shoes,$59.99,59.99,59.99,4.5,179.0,Sierra,8,,"https://www.google.com/search?ibp=oshop&q=Vivo&prds=catalogid:15914298527545476615,productid:11111520708118194124,headlineOfferDocid:7852108390755892846,imageDocid:10814844135881030376,rds:PC_4465148093101411266|PROD_PC_4465148093101411266,gpcid:4465148093101411266,mid:576462771394115133,pvt:hg&hl=en&gl=us&udm=28",https://encrypted-tbn0.gstatic.com/shopping?q=tbn:ANd9GcSiRKEiHlm5YIm2Pn81RNJTjbIVPeriBXbi9fVp9ynB0dqw2Cs,,,USD
Vivo,mobile,Vivo X300 Ultra 5G Smartphone,"$1,465.99",1465.99,1465.99,4.9,878.0,eBay - likesell365,9,,"https://www.google.com/search?ibp=oshop&q=Vivo&prds=catalogid:13370042521278860395,productid:13025976650668529232,headlineOfferDocid:14304383562321618934,imageDocid:4281652567502835824,rds:PC_13532948184088778801|PROD_PC_13532948184088778801,gpcid:13532948184088778801,mid:576462888042966548,pvt:hg&hl=en&gl=us&udm=28",https://encrypted-tbn0.gstatic.com/shopping?q=tbn:ANd9GcSkX96SHbaGSFV3ydOQ6g_CXx-iRpKIPs-xKtJJv4wVL5bkdMyT4FecljTvQH-1wLa564iw7ZM,,,USD
Vivo,mobile,Vivo V20 8gb Ram In 2021 8gb Ram 128gb Vivo V20 256gb Amazon Vivo V20 Review With Pros And,$47.00,47.0,47.0,,,LIMES academy,10,,"https://www.google.com/search?ibp=oshop&q=Vivo&prds=productid:9208044015373286897,headlineOfferDocid:9208044015373286897,imageDocid:487274749637361324,pvt:hg&hl=en&gl=us&udm=28",https://encrypted-tbn0.gstatic.com/shopping?q=tbn:ANd9GcTA3NEJFPsuIuDsBF4Vnln7yiDjfMp3-Brepm6zDGMGa_ZkDGNxIX1b0ITbUCTJddZvA__o4mSg,,,USD
Vivo,mobile,Vivo X100 Pro 5G,$468.80,468.8,468.8,4.8,281.0,eBay - 5gsmartphonestore,11,Free delivery,"https://www.google.com/search?ibp=oshop&q=Vivo&prds=catalogid:10213752647547370163,productid:9311979335426337517,headlineOfferDocid:11736052681794814537,imageDocid:3901599215998416055,rds:PC_11599115531409523360|PROD_PC_11599115531409523360,gpcid:11599115531409523360,mid:576462762672181670,pvt:hg&hl=en&gl=us&udm=28",https://encrypted-tbn3.gstatic.com/shopping?q=tbn:ANd9GcSrZC5nk8Pz63XThRTK1ivoxzTIy43GrtCfD3UpzjBsM8wY-spkzylqP_sY5GQo_-u-qL9T4t4t,,,USD
Vivo,mobile,Garmin Vivomove Trend Smartwatch,$299.99,299.99,299.99,4.3,880.0,Garmin - United States,12,Free delivery by Mon,"https://www.google.com/search?ibp=oshop&q=Vivo&prds=catalogid:2407631528428994118,productid:13819950599753120369,headlineOfferDocid:9253778864051210247,imageDocid:7415712490768281444,rds:PC_16402420171555854809|PROD_PC_16402420171555854809,gpcid:16402420171555854809,mid:576462854577743808,pvt:hg&hl=en&gl=us&udm=28",https://encrypted-tbn0.gstatic.com/shopping?q=tbn:ANd9GcQPQgQxAaWemYqmOboFuxF8a-IpGCkH6ukjCF6haoy18BByK7M,,,USD
Vivo,mobile,Vivobarefoot Primus Flow Women's,$84.00,84.0,84.0,3.8,70.0,Vivobarefoot,13,Free delivery on $120+,"https://www.google.com/search?ibp=oshop&q=Vivo&prds=catalogid:13118641668154362622,productid:8535637845505137893,headlineOfferDocid:16667584635701798485,imageDocid:13612926104362160334,rds:PC_11091184906843827630|PROD_PC_11091184906843827630,gpcid:11091184906843827630,mid:576462815082786045,pvt:hg&hl=en&gl=us&udm=28",https://encrypted-tbn2.gstatic.com/shopping?q=tbn:ANd9GcSbSFzNZGWmJDSAyVJ9l-dd_IE21xUVYkfeyu8zV3S50f_x9wNnFTA0coMKdYAtelBSfvwRCBvs6g,,,USD
Vivo,mobile,vivo T5 Pro 5G Phone,$345.00,345.0,345.0,5.0,164.0,eBay - one.stop.shoppee,14,,"https://www.google.com/search?ibp=oshop&q=Vivo&prds=catalogid:9063011068073218963,productid:7762220997716638763,headlineOfferDocid:6954480903745813312,imageDocid:3197954514772910573,rds:PC_5815783446691921986|PROD_PC_5815783446691921986,gpcid:5815783446691921986,mid:576462889189655564,pvt:hg&hl=en&gl=us&udm=28",https://encrypted-tbn1.gstatic.com/shopping?q=tbn:ANd9GcTog2_UGaho_CwYr0tvJYfxycRJEBjNxuJ0sCNecmb-sFthyteFN46T4M3WFQ,,,USD
Vivo,mobile,Vivo Y21 5G Smartphone,$178.41,178.41,178.41,4.9,45.0,友和 Yoho,15,,"https://www.google.com/search?ibp=oshop&q=Vivo&prds=catalogid:1966287581440929903,productid:10447646652056473053,headlineOfferDocid:18136787768971811293,imageDocid:8013164297342673302,rds:PC_4551126704461803439|PROD_PC_4551126704461803439,gpcid:4551126704461803439,mid:576462886940791903,pvt:hg&hl=en&gl=us&udm=28",https://encrypted-tbn2.gstatic.com/shopping?q=tbn:ANd9GcTRQ_2ENWoDUXzIFU4TjEMa_f0h8vKfZHPahvp2exa-pTNf3k2B8Ew4MrxOwA,,,USD
Vivo,mobile,vivo X200 Pro 5G 512GB 16GB RAM Blue,$958.90,958.9,958.9,4.6,153.0,eBay - one.stop.shoppee,16,,"https://www.google.com/search?ibp=oshop&q=Vivo&prds=catalogid:11001011375118417596,productid:1735261787872617211,headlineOfferDocid:4395701830484542591,imageDocid:12676639098336498855,rds:PC_12821247379401184217|PROD_PC_12821247379401184217,gpcid:12821247379401184217,pvt:hg&hl=en&gl=us&udm=28",https://encrypted-tbn3.gstatic.com/shopping?q=tbn:ANd9GcQlKmkqSbQUWsSDfplcWYGfPyUv_NIOegH3UCAiiBjeG-_xZwH7wQoGcPpgoNPGKTlcZFJ1eS_b,,,USD
Vivo,mobile,Vivobarefoot Men's Primus Flow,$110.00,110.0,110.0,4.1,141.0,ReVivo by Vivobarefoot,17,Free delivery on $120+,"https://www.google.com/search?ibp=oshop&q=Vivo&prds=catalogid:8228367697013523958,productid:15011988749385185832,headlineOfferDocid:12907876725006203952,imageDocid:13612926104362160334,rds:PC_9064127807363935574|PROD_PC_9064127807363935574,gpcid:9064127807363935574,mid:576462516936333577,pvt:hg&hl=en&gl=us&udm=28",https://encrypted-tbn2.gstatic.com/shopping?q=tbn:ANd9GcSbSFzNZGWmJDSAyVJ9l-dd_IE21xUVYkfeyu8zV3S50f_x9wNnFTA0coMKdYAtelBSfvwRCBvs6g,,,USD
Vivo,mobile,vivo Y400 Pro 5G Phone,$470.00,470.0,470.0,4.0,7.0,eBay,18,Free delivery,"https://www.google.com/search?ibp=oshop&q=Vivo&prds=catalogid:11313228776344521546,productid:10102918882186434903,headlineOfferDocid:15157878140616793218,imageDocid:6533013306669784050,rds:PC_4030564779211160233|PROD_PC_4030564779211160233,gpcid:4030564779211160233,mid:576462834916742934,pvt:hg&hl=en&gl=us&udm=28",https://encrypted-tbn2.gstatic.com/shopping?q=tbn:ANd9GcQZVxIJ-x32O6sRfuvEEsRkM62weOR7eh5Ok1Lm-W2rjI0P6_8HKRxsyr1lKMp1l3ROWKCPLXRa,,,USD
Vivo,mobile,Vivobarefoot Primus Trail Flow Womens,$133.00,133.0,133.0,4.0,19.0,Vivobarefoot,19,Free delivery,"https://www.google.com/search?ibp=oshop&q=Vivo&prds=catalogid:18249413073187031724,productid:9939144760536692471,headlineOfferDocid:7656361911482919819,imageDocid:14996210353897543538,rds:PC_8847580578617956929|PROD_PC_8847580578617956929,gpcid:8847580578617956929,mid:576462863862709777,pvt:hg&hl=en&gl=us&udm=28",https://encrypted-tbn2.gstatic.com/shopping?q=tbn:ANd9GcSupBBR5NsmU_utVA9GfdopnhJhsM_1bM8lYv8qoGedG_QPT1pJhmOAhmCbn71rKnHxWWDOg-6mAw,,,USD
Vivo,mobile,vivo V50 12gb 6.7,$518.00,518.0,518.0,4.8,3000.0,eBay - soundsolutions_worldwide,20,Free delivery,"https://www.google.com/search?ibp=oshop&q=Vivo&prds=catalogid:3474427161112542282,productid:10009613197368850888,headlineOfferDocid:3480815050824227561,imageDocid:11498457037662999467,rds:PC_8994858988823932495|PROD_PC_8994858988823932495,gpcid:8994858988823932495,mid:576462816953095362,pvt:hg&hl=en&gl=us&udm=28",https://encrypted-tbn3.gstatic.com/shopping?q=tbn:ANd9GcR-Ahx2qGNZ4jukRv4FXVhMGxvG6eQVTwuiwybswiTTfyGeIdP0sO5w53CTDSoXyLsvJfDhYko,,,USD
Vivo,mobile,Garmin vivosmart 5,$149.99,149.99,149.99,4.0,2800.0,Best Buy,21,Free delivery by Sat,"https://www.google.com/search?ibp=oshop&q=Vivo&prds=catalogid:18357166239817761858,productid:3387416314563525830,headlineOfferDocid:970560163964701258,imageDocid:2169468597451908628,rds:PC_8813342061987079288|PROD_PC_8813342061987079288,gpcid:8813342061987079288,mid:576462775330093656,pvt:hg&hl=en&gl=us&udm=28",https://encrypted-tbn0.gstatic.com/shopping?q=tbn:ANd9GcTGOuz87CgLD9tirQn8RIal4xLRkEycl8mYxSbM94GhfcgxCBU8UbbNRaMXRHiKaWOzF52wpgIz,,,USD
Vivo,mobile,Mastercard $100 OFF vivo X90 12GB+8GB/256GB 5G Smartphone,$350.00,350.0,350.0,4.5,11.0,eBay - one.stop.shoppee,22,,"https://www.google.com/search?ibp=oshop&q=Vivo&prds=catalogid:6728752037158477214,productid:10352083608963177785,headlineOfferDocid:10344395165072655541,imageDocid:9217638806734790502,rds:PC_4759732433824077502|PROD_PC_4759732433824077502,gpcid:4759732433824077502,mid:576462879105657288,pvt:hg&hl=en&gl=us&udm=28",https://encrypted-tbn2.gstatic.com/shopping?q=tbn:ANd9GcQLxZPB6nPri97mFAxR8B1BNvmo89vfXuNrzeGP1T2AYjOzSf458y-CdmhKig,,,USD
Vivo,mobile,Vivobarefoot Men's Primus Trail Flow Mid Boots,$154.00,154.0,154.0,4.1,60.0,Vivobarefoot,23,Free delivery,"https://www.google.com/search?ibp=oshop&q=Vivo&prds=catalogid:11243136888351770460,productid:892081813937566508,headlineOfferDocid:14501892667916030251,imageDocid:10262225257681759877,rds:PC_832130379497091136|PROD_PC_832130379497091136,gpcid:832130379497091136,mid:576462832807741679,pvt:hg&hl=en&gl=us&udm=28",https://encrypted-tbn1.gstatic.com/shopping?q=tbn:ANd9GcSXHS-Zb0ZvVTIVQOR8DzKDGF9UUXzkvgU_WXU9EGdWGXwDnH45H8kS1UQ3nxK0ACvXS-znucu-,,,USD
Vivo,mobile,vivo V29 5G Smartphone,$540.00,540.0,540.0,4.8,986.0,eBay - soundsolutions_worldwide,24,Free delivery,"https://www.google.com/search?ibp=oshop&q=Vivo&prds=catalogid:605018498745472909,productid:15188492602729635875,headlineOfferDocid:2800111370004644681,imageDocid:3727068617648135000,rds:PC_16457251350742553936|PROD_PC_16457251350742553936,gpcid:16457251350742553936,mid:576462863779199233,pvt:hg&hl=en&gl=us&udm=28",https://encrypted-tbn0.gstatic.com/shopping?q=tbn:ANd9GcTMt1bE9VlqoCFeyoT1P_LXP6JqspFy9fHcvQaT67QXS5SdfX2HR9yt2cq2EBY,,,USD
Vivo,mobile,Vivobarefoot Women's Primus Trail Flow Mid Boots,$170.00,170.0,170.0,4.0,22.0,ReVivo by Vivobarefoot,25,Free delivery,"https://www.google.com/search?ibp=oshop&q=Vivo&prds=catalogid:1466029493352678080,productid:16910241407066699085,headlineOfferDocid:12654417039284243730,imageDocid:17870941610868057847,rds:PC_57026737755213020|PROD_PC_57026737755213020,gpcid:57026737755213020,mid:576462830307942882,pvt:hg&hl=en&gl=us&udm=28",https://encrypted-tbn3.gstatic.com/shopping?q=tbn:ANd9GcQw87C-khnl1hHw_bXLvTeMQZIAO8tI3CtCMFJSbFYHpY6uqTvAoc2H-BBK2IubEdEd9BsG5ng,,,USD
Vivo,mobile,vivo X 300 FE 5G Phone,$529.00,529.0,529.0,4.7,139.0,eBay - lifestylegallery2010,26,Free delivery,"https://www.google.com/search?ibp=oshop&q=Vivo&prds=catalogid:2778609929414663683,productid:6132202445017559141,headlineOfferDocid:4922505228596752256,imageDocid:14596304228264085681,rds:PC_11590105150961403641|PROD_PC_11590105150961403641,gpcid:11590105150961403641,mid:576462884839413378,pvt:hg&hl=en&gl=us&udm=28",https://encrypted-tbn1.gstatic.com/shopping?q=tbn:ANd9GcROuTD4nAEuaHyqOP41qe6uvV1qx_njS3z2VuxXAvjkFr6rgWI,,,USD
Vivo,mobile,Vivobarefoot Primus Trail Flow Mens,$133.00,133.0,133.0,4.3,30.0,Vivobarefoot,27,Free delivery,"https://www.google.com/search?ibp=oshop&q=Vivo&prds=catalogid:1757559113445566107,productid:6288005375018575727,headlineOfferDocid:126094050402818938,imageDocid:2816730857781364046,rds:PC_9417133826810885242|PROD_PC_9417133826810885242,gpcid:9417133826810885242,mid:576462836158960719,pvt:hg&hl=en&gl=us&udm=28",https://encrypted-tbn2.gstatic.com/shopping?q=tbn:ANd9GcRBZ3fEEZaX-_FSoPVJPy8inWkR3MgyvE4I9dt31zdOIrsVkzmH8skwYTszTw80vZPeaoOQUU7k,,,USD
Vivo,mobile,Vivo Y19s 6.7,$189.00,189.0,189.0,4.9,8100.0,eBay - one.stop.shoppee,28,,"https://www.google.com/search?ibp=oshop&q=Vivo&prds=catalogid:6472791403299501991,productid:9047800030445286489,headlineOfferDocid:14831443491474438407,imageDocid:8820989529534562373,rds:PC_15326257138536901460|PROD_PC_15326257138536901460,gpcid:15326257138536901460,mid:576462859587695345,pvt:hg&hl=en&gl=us&udm=28",https://encrypted-tbn1.gstatic.com/shopping?q=tbn:ANd9GcSifF347APzg8N5ewMyI7KlRQxmaVH6-j3DFcEBqaI8kJN5gldkj3zGBJI-O0tlVouYOsDqPQA,,,USD
Vivo,mobile,"Asus Vivobook Go 15 15.6"" FHD AMD Ryzen 5 40 Laptop",$430.00,430.0,430.0,4.3,59.0,Best Buy,29,,"https://www.google.com/search?ibp=oshop&q=Vivo&prds=catalogid:10926018676271345086,productid:8119067224274957569,headlineOfferDocid:13851000189127569543,imageDocid:12605463005144614251,rds:PC_5889331782187114897|PROD_PC_5889331782187114897,gpcid:5889331782187114897,pvt:hg&hl=en&gl=us&udm=28",https://encrypted-tbn3.gstatic.com/shopping?q=tbn:ANd9GcT5mwK4hA3fYW6YoF55sBmOv4LjqKNDBF0vL7hek8CBEMse2m3BZ9dcnk1E0QnReZ5W9guzMxU,,,USD
Vivo,mobile,vivo X100 Android 14 Smartphone,"$1,249.99",1249.99,1249.99,4.8,67.0,eBay - multistore4all,30,Free delivery,"https://www.google.com/search?ibp=oshop&q=Vivo&prds=catalogid:1295168257222397576,productid:5133342436228113422,headlineOfferDocid:7828181845663438717,imageDocid:14258848146123212966,rds:PC_16483103908187640868|PROD_PC_16483103908187640868,gpcid:16483103908187640868,mid:576462823566166536,pvt:hg&hl=en&gl=us&udm=28",https://encrypted-tbn2.gstatic.com/shopping?q=tbn:ANd9GcRFRvs9MD8QfA2F9CkeeBLdVdLeR-VwOoayt01Hn_69rDxtaBuS,,,USD
Vivo,mobile,Vivobarefoot Tracker Textile AT Womens,$180.00,180.0,180.0,4.7,6.0,ReVivo by Vivobarefoot,31,Free delivery,"https://www.google.com/search?ibp=oshop&q=Vivo&prds=catalogid:7184581821119449107,productid:6520985153980724364,headlineOfferDocid:11422466537412965818,imageDocid:5482871367057143426,rds:PC_10164897697281440683|PROD_PC_10164897697281440683,gpcid:10164897697281440683,mid:576462492997339681,pvt:hg&hl=en&gl=us&udm=28",https://encrypted-tbn2.gstatic.com/shopping?q=tbn:ANd9GcTtF0MNNPz8oV97dDxClWcYRQ68aGoVDTv2HCLMoCcoOtaaumZLoM6usgU1PbPtdWByB_G2jEuS,,,USD
Vivo,mobile,Vivo T4 5G,$332.96,332.96,332.96,4.8,5.0,eBay - one.stop.shoppee,32,,"https://www.google.com/search?ibp=oshop&q=Vivo&prds=catalogid:590424587768895242,productid:2627134812913516903,headlineOfferDocid:2582146592233877389,rds:PC_16478055662144515017|PROD_PC_16478055662144515017,gpcid:16478055662144515017,mid:576462828271374769,pvt:hg&hl=en&gl=us&udm=28",https://encrypted-tbn2.gstatic.com/shopping?q=tbn:ANd9GcRZRm7uKJ5vahwBr7fpN9FAjCUziXl1yopR1NPBlXvuup_OUACEmaJkIjRcCDY,,,USD
Vivo,mobile,"Vivobarefoot Primus Flow Mens Barefoot Road Running, size 13",$84.00,84.0,84.0,4.1,138.0,Vivobarefoot,33,Free delivery on $120+,"https://www.google.com/search?ibp=oshop&q=Vivo&prds=productid:15797267248030861254,headlineOfferDocid:15797267248030861254,imageDocid:13612926104362160334,rds:PC_3768238176305243584|PROD_PC_3768238176305243584,pvt:hg&hl=en&gl=us&udm=28",https://encrypted-tbn2.gstatic.com/shopping?q=tbn:ANd9GcSbSFzNZGWmJDSAyVJ9l-dd_IE21xUVYkfeyu8zV3S50f_x9wNnFTA0coMKdYAtelBSfvwRCBvs6g,,,USD
Vivo,mobile,Genuine Vivo X300 Pro Master Photography Edition BLUE 1TB 16GB China Model | 6 in or More | More than 20.0 MP | Wi-Fi | Android | Touchscreen,"$1,599.00",1599.0,1599.0,,,eBay,34,Free delivery,"https://www.google.com/search?ibp=oshop&q=Vivo&prds=productid:6328131722029289704,headlineOfferDocid:6328131722029289704,imageDocid:10545501285106133473,pvt:hg&hl=en&gl=us&udm=28",https://encrypted-tbn1.gstatic.com/shopping?q=tbn:ANd9GcT_7NOMfxHoimc5mNKuB1b1OSGvY7Qt-OSBWS3tc1zwX8MEe7VCRde6h4fsqg,,,USD
Vivo,mobile,Vivobarefoot Primus Lite Knit Natural Womens,$170.00,170.0,170.0,4.1,224.0,REI,35,Free delivery,"https://www.google.com/search?ibp=oshop&q=Vivo&prds=catalogid:4503755685491628640,productid:2644998575526749466,headlineOfferDocid:16969486011940480256,imageDocid:5198011935549890489,rds:PC_12506329682296467519|PROD_PC_12506329682296467519,gpcid:12506329682296467519,mid:576462820838628860,pvt:hg&hl=en&gl=us&udm=28",https://encrypted-tbn1.gstatic.com/shopping?q=tbn:ANd9GcR8NX1zASG2F6P_dE7LG2lnifJUl8RkNlMtEW8zjaCJM_qgRcTekZFZ0OZDdFkpG7zxuPPMhSjy,,,USD
Vivo,mobile,"Vivo V60 Lite 5G Smartphone 6.77"" 12Gb 512Gb Black",$500.14,500.14,500.14,4.9,3100.0,eBay - globaltone05,36,Free delivery,"https://www.google.com/search?ibp=oshop&q=Vivo&prds=catalogid:10902235882043548583,productid:15094722054385597211,headlineOfferDocid:1530918615363250295,imageDocid:9621100025637152156,rds:PC_8479612586089355488|PROD_PC_8479612586089355488,gpcid:8479612586089355488,mid:576462550431828152,pvt:hg&hl=en&gl=us&udm=28",https://encrypted-tbn0.gstatic.com/shopping?q=tbn:ANd9GcTyG_87rMizZosf4BxnG9OTRX-oQGyv8rYq9g_KrJY8AHd0zEjEn3SyKVh3mHzUy9zfNvMYUKU,,,USD
Vivo,mobile,Men Vivobarefoot Sensus,$150.00,150.0,150.0,4.4,300.0,ReVivo by Vivobarefoot,37,Free delivery,"https://www.google.com/search?ibp=oshop&q=Vivo&prds=catalogid:8362155865001261326,productid:10748061407941337908,headlineOfferDocid:4299633276546368183,imageDocid:12015605175835282009,rds:PC_7335955165382725|PROD_PC_7335955165382725,gpcid:7335955165382725,mid:576462771393619102,pvt:hg&hl=en&gl=us&udm=28",https://encrypted-tbn1.gstatic.com/shopping?q=tbn:ANd9GcRjN1bBZ72dBOsANjT0vG1ES50r8_GtzMpsAL8JUis_nw-aJy0rbvDzJUQtSKERpFi2p8297ZmBUQ,,,USD
Vivo,mobile,"Vivo Y19 6.53"" 128GB Spring White",$93.50,93.5,93.5,4.6,520.0,eBay - phoneandaccessory,38,,"https://www.google.com/search?ibp=oshop&q=Vivo&prds=catalogid:9798480715666262671,productid:5911424839495430846,headlineOfferDocid:11116932919132728618,imageDocid:14451000401305673801,rds:PC_9886161905014003962|PROD_PC_9886161905014003962,gpcid:9886161905014003962,mid:576462853240679549,pvt:hg&hl=en&gl=us&udm=28",https://encrypted-tbn1.gstatic.com/shopping?q=tbn:ANd9GcS7oU7fwe0YS1IIz_LUL_br5hFn49iSTkzaO78J_p9Apl1_mra0TX-fpMpn5DwFZlrgis7vWss,,,USD
Vivo,mobile,"Vivobarefoot Primus Flow Mens Barefoot Road Running, size 12",$84.00,84.0,84.0,4.1,137.0,Vivobarefoot,39,Free delivery on $120+,"https://www.google.com/search?ibp=oshop&q=Vivo&prds=productid:10022336220785727975,headlineOfferDocid:10022336220785727975,imageDocid:18078856251951313195,rds:PC_9231265505042795790|PROD_PC_9231265505042795790,pvt:hg&hl=en&gl=us&udm=28",https://encrypted-tbn3.gstatic.com/shopping?q=tbn:ANd9GcTo-ZZBr5zXW9V59YWn_u6Pw0nVbsLSMwhl3UINgeWXsENk65SCElpIp05gS7VVcbWEMWyMCNT_dQ,,,USD
Vivo,mobile,vivo V30 5G Smartphone,$574.00,574.0,574.0,4.8,809.0,eBay,40,Free delivery,"https://www.google.com/search?ibp=oshop&q=Vivo&prds=catalogid:1900504614117391485,productid:8601428097271128373,headlineOfferDocid:7157430841211297445,rds:PC_11234179776842186479|PROD_PC_11234179776842186479,gpcid:11234179776842186479,mid:576462769396606784,pvt:hg&hl=en&gl=us&udm=28",https://encrypted-tbn0.gstatic.com/shopping?q=tbn:ANd9GcT-mUG3YCpc3jvoC6mijQGuKjvjARCUbpIF9qdpzANPYSNgAP9lrzr1elmnCtnAh8k5YgJZa_k,,,USD
Nokia,mobile,Nokia 105 4G GSM Unlocked Mobile Phone,$59.99,59.99,59.99,4.2,4700.0,Walmart - Virtual Depot,1,Free delivery,"https://www.google.com/search?ibp=oshop&q=Nokia&prds=catalogid:8884951865369389809,productid:2933310917005392961,headlineOfferDocid:18065560749761852407,imageDocid:13197319889532110848,rds:PC_16477983328762973648|PROD_PC_16477983328762973648,gpcid:16477983328762973648,mid:576462460512351156,pvt:hg&hl=en&gl=us&udm=28",https://encrypted-tbn0.gstatic.com/shopping?q=tbn:ANd9GcTlvlzbfhP-BFveQI8KdRPdQSAN-zeUDG1W1JB6bVIrabpGllSxkgKNRCKjhITOIe5ccwcCgx9sn8IzpT9Py5Zs_lT5vyXZ,,,USD
Nokia,mobile,Nokia - 2780 Flip Phone (Unlocked) - Black,$99.99,99.99,99.99,3.8,588.0,Best Buy,2,,"https://www.google.com/search?ibp=oshop&q=Nokia&prds=productid:5011075800613424578,headlineOfferDocid:5011075800613424578,imageDocid:12716905705737662622,rds:PC_3417045310835387500|PROD_PC_3417045310835387500,pvt:hg&hl=en&gl=us&udm=28",https://encrypted-tbn2.gstatic.com/shopping?q=tbn:ANd9GcSHmNRURNybNMw5glRwO_E5r1Ciu4iwdo4z3cLaQZcCAJZwOr8xWN-O_rT23QHNViETNNzyJXAi6qS76IPucfjhNQnFRs5v,,,USD
Nokia,mobile,Nokia 8.3 5G TA-1243 128GB Dual SIM Unlocked,$88.93,88.93,88.93,4.3,280.0,eBay - chonglietech,3,Free delivery,"https://www.google.com/search?ibp=oshop&q=Nokia&prds=catalogid:8655452217730602226,productid:3350305025724157801,headlineOfferDocid:9727927672477341535,imageDocid:6168994758368178719,rds:PC_901389335228294528|PROD_PC_901389335228294528,gpcid:901389335228294528,mid:576462325569928827,pvt:hg&hl=en&gl=us&udm=28",https://encrypted-tbn3.gstatic.com/shopping?q=tbn:ANd9GcQaIBH60QfgEPmMvOAqTbsjXCVWpeQZYPwYSNl3RU8cuZn49XKc7q1QK3hsCpaMMxHLBeDC8O9koxGD5zuMiYcpood_hNALy_tWNQHIsbM,,,USD
Nokia,mobile,Nokia G60 5G,$219.99,219.99,219.99,4.3,118.0,Cellification.com,4,Free delivery by Wed,"https://www.google.com/search?ibp=oshop&q=Nokia&prds=catalogid:8863978535262867559,productid:11764706665406745881,headlineOfferDocid:10110682550487848927,imageDocid:14668676741270255189,rds:PC_2637055571241759713|PROD_PC_2637055571241759713,gpcid:2637055571241759713,mid:576462690311511147,pvt:hg&hl=en&gl=us&udm=28",https://encrypted-tbn1.gstatic.com/shopping?q=tbn:ANd9GcR8Jbvx-NNndvYMsU1X70Fe56kYnx8meOTCS7tHMMI-lbMkixpuI6kotBasDPmg1CpMUWyCfvgyZHihD5orksmaT2jOIu1FZfU_R1IhEBlMK_8S-tKwJnmn,,,USD
Nokia,mobile,Nokia 5310,$35.55,35.55,35.55,4.1,1600.0,eBay - utechmobile,5,,"https://www.google.com/search?ibp=oshop&q=Nokia&prds=catalogid:15275686916332168394,productid:14385821429265656631,headlineOfferDocid:10218450419792156150,imageDocid:1919409837875638460,rds:PC_9503385221192993158|PROD_PC_9503385221192993158,gpcid:9503385221192993158,mid:576462325570249740,pvt:hg&hl=en&gl=us&udm=28",https://encrypted-tbn0.gstatic.com/shopping?q=tbn:ANd9GcQcFKrcyfXYUhrm8xfkV1PwrUe7WqeX5px3OvdQ3xKQ4gHORv0ZgRhxR_BUhjXpRY579JQ8u7ky7AFhywTUufyR1TT7X9O6nA,,,USD
Nokia,mobile,Nokia Lumia 1020 Smartphone,$140.00,140.0,140.0,4.4,305.0,TECHDaddy Accs,6,Free delivery,"https://www.google.com/search?ibp=oshop&q=Nokia&prds=catalogid:17954261850983841642,productid:15005609972793581402,headlineOfferDocid:5955999677363574292,imageDocid:6931813045726336267,rds:PC_8177627643785230129|PROD_PC_8177627643785230129,gpcid:8177627643785230129,mid:913998865,pvt:hg&hl=en&gl=us&udm=28",https://encrypted-tbn3.gstatic.com/shopping?q=tbn:ANd9GcR42CkWmO2gLvNZUS0eayXmRkmfYyqdXDmW24egbU_GJLHAeh33ZkmSTe6LU1E5FueBthQZJuR8HwJTRq6cSvd4iI3BeOwM,,,USD
Nokia,mobile,Nokia 2780 - Kai OS Flip Phone (Unlocked),$139.00,139.0,139.0,3.8,588.0,Dumb Wireless,7,Free delivery by Sun,"https://www.google.com/search?ibp=oshop&q=Nokia&prds=productid:5247033909488087667,headlineOfferDocid:5247033909488087667,imageDocid:16579424623559191489,rds:PC_3417045310835387500|PROD_PC_3417045310835387500,pvt:hg&hl=en&gl=us&udm=28",https://encrypted-tbn1.gstatic.com/shopping?q=tbn:ANd9GcSPuwBmvgSmKJhJ7XxSNlhYCKiTU4y0n1uO61ejz2W3PdSimkvw8tACD1023YUVRqBpXcGJUVySEf-yEvGz7CEbRqtzHkuoqMDWdh4vgZC5XXvNqBRV7kds,,,USD
Nokia,mobile,Nokia 9 Pureview 128GB GSM Unlocked Android,$164.49,164.49,164.49,4.5,117.0,eBay - 1-dna,8,,"https://www.google.com/search?ibp=oshop&q=Nokia&prds=catalogid:448249591077810862,productid:992343599785135579,headlineOfferDocid:1008118878005905192,imageDocid:2160703477565624377,rds:PC_10408036698299049745|PROD_PC_10408036698299049745,gpcid:10408036698299049745,mid:576462317052881035,pvt:hg&hl=en&gl=us&udm=28",https://encrypted-tbn1.gstatic.com/shopping?q=tbn:ANd9GcTxzD4gF14ij9Gw7dJp0uMKz_PINrQiRYJD_YIQ5SyRHJ-ky-qmnRN-LqGSPhwQDel80tjuPH5TRet_PiJNRJOnqF4bGt4gfNTTHRPh4YLp,,,USD
Nokia,mobile,Nokia C300,$299.99,299.99,299.99,3.0,83.0,Montgomery Ward,9,,"https://www.google.com/search?ibp=oshop&q=Nokia&prds=catalogid:6075242320369173529,productid:4478144635764966613,headlineOfferDocid:12526061854730986735,imageDocid:12145344973958691833,rds:PC_12800928234731426425|PROD_PC_12800928234731426425,gpcid:12800928234731426425,mid:576462839511612211,pvt:hg&hl=en&gl=us&udm=28",https://encrypted-tbn3.gstatic.com/shopping?q=tbn:ANd9GcSG4YkSs1y2xQzwuFcAfx-4SFSDrq4ujD7IL4YnjUp7kTTlT0GILms9Va3RQJjt93iIHnDIYJlV-7q0penUuYSls8LToZpTgFa81KYMk-gng7r-1uJtColO4A,,,USD
Nokia,mobile,Verizon Nokia 2V Tella Prepaid Cell Phones,$69.00,69.0,69.0,2.1,46.0,Walmart,10,Free delivery,"https://www.google.com/search?ibp=oshop&q=Nokia&prds=productid:15944495196917471506,headlineOfferDocid:15944495196917471506,imageDocid:11336134996213240077,rds:PC_13659996715866447159|PROD_PC_13659996715866447159,pvt:hg&hl=en&gl=us&udm=28",https://encrypted-tbn1.gstatic.com/shopping?q=tbn:ANd9GcQPiDINMiYe_35u-8n6PFnu1py0laicfgert0wFdTAOcST76wT6N-E-rXIod3ohP25NwybXiYm7wqvYXMa0WbhusbsMC01mA8rivLbKaoCtj581AFNHkzfFiCuP,,,USD
Nokia,mobile,Nokia 6300 4G,$72.00,72.0,72.0,4.0,1200.0,eBay - luckystore111,11,,"https://www.google.com/search?ibp=oshop&q=Nokia&prds=catalogid:8702635084464502825,productid:3999161018861470470,headlineOfferDocid:5269821213968123685,imageDocid:287089930625450348,rds:PC_13960227695771018192|PROD_PC_13960227695771018192,gpcid:13960227695771018192,mid:576462632343395573,pvt:hg&hl=en&gl=us&udm=28",https://encrypted-tbn0.gstatic.com/shopping?q=tbn:ANd9GcTxp5r4UZ2PQ5jxPoC0sw7xZ23gSzYE5ILkEHVLr3up8Y26vTSauccMPuQoBCKD1MJWUahCO3No7edLeFY4RO7BYTOAwDF4m_toyjUaTkcwwDi3EkMHbcqxNA,,,USD
Nokia,mobile,Nokia 1 Android One Go Edition Smartphone,$141.17,141.17,141.17,4.2,298.0,ElectronicsForce.com,12,Free delivery by Tue,"https://www.google.com/search?ibp=oshop&q=Nokia&prds=catalogid:1722688118791377043,productid:6906475557496956628,headlineOfferDocid:11899372141589349731,imageDocid:9771195985299071593,rds:PC_15820226897041792909|PROD_PC_15820226897041792909,gpcid:15820226897041792909,mid:576462303508004146,pvt:hg&hl=en&gl=us&udm=28",https://encrypted-tbn1.gstatic.com/shopping?q=tbn:ANd9GcQV828JGoXBOdJnwnUaXPP92FHgo8m_PyiKopndke_C3LjQ4zqVPUbf8-nOHGRUku92DLM63na5e3FFXQiLi3EEWaYnR7e8lg,,,USD
Nokia,mobile,Nokia 2780 Flip Phone,$72.62,72.62,72.62,3.8,588.0,eBay - tech-link-all,13,,"https://www.google.com/search?ibp=oshop&q=Nokia&prds=catalogid:4853165066075626209,productid:8140927736903055291,headlineOfferDocid:3397417662284414551,imageDocid:15573781244352563531,rds:PC_3417045310835387500|PROD_PC_3417045310835387500,gpcid:3417045310835387500,mid:576462694891853788,pvt:hg&hl=en&gl=us&udm=28",https://encrypted-tbn3.gstatic.com/shopping?q=tbn:ANd9GcT6QniivK8x6WLBK0iZYbi0q3aj6dHX3G3f8qNfqvLVzMsz9XnhzYVRcwC8dVhfVlXhXAPb9R3sW5E1Cd-OfAWv9oo7ALb-Jm6x7m2YVqgpd1qoK9aREFGP,,,USD
Nokia,mobile,Nokia 6 32GB Unlocked Smartphone,$134.99,134.99,134.99,4.3,873.0,Cellification.com,14,Free delivery by Wed,"https://www.google.com/search?ibp=oshop&q=Nokia&prds=catalogid:5562158906330590400,productid:1936777904091222994,headlineOfferDocid:12504016307375278274,imageDocid:1670768120925202754,rds:PC_9974016020120336588|PROD_PC_9974016020120336588,gpcid:9974016020120336588,mid:576462232661840779,pvt:hg&hl=en&gl=us&udm=28",https://encrypted-tbn2.gstatic.com/shopping?q=tbn:ANd9GcQTDVrQGdfxC3ezYDdfuIjxLtjYxso_Xptp7G_5BC7zCvXdqJEXXfpHBfCpEpAv6SPP7X3SJTlGdiPmLEH2tf_aUd1jv7Py,,,USD
Nokia,mobile,Nokia 6210 Cellular Phone,$50.34,50.34,50.34,4.2,20.0,eBay - cell-on-sale,15,,"https://www.google.com/search?ibp=oshop&q=Nokia&prds=catalogid:7691904561211717369,productid:8261764010691929096,headlineOfferDocid:1356478415793991593,imageDocid:4984358772151570863,rds:PC_13318868472404342419|PROD_PC_13318868472404342419,gpcid:13318868472404342419,mid:329413835,pvt:hg&hl=en&gl=us&udm=28",https://encrypted-tbn3.gstatic.com/shopping?q=tbn:ANd9GcR3aGMsRAVC5G0I6xaCPRfA_gnaDTE76zbAdEMkZ2OAlBOgT2BUOSYLToqnmP5EjFd-uc74zCtxkolR9Dt0lIG5B56yzoDXGiCbUEMafaKjbzlH1xKUerNMAA,,,USD
Nokia,mobile,Nokia C210 32GB - Gray - Locked T-Mobile,$104.00,104.0,104.0,,,Back Market,16,,"https://www.google.com/search?ibp=oshop&q=Nokia&prds=productid:4341319549844266524,headlineOfferDocid:4341319549844266524,imageDocid:17572980046605320156,pvt:hg&hl=en&gl=us&udm=28",https://encrypted-tbn0.gstatic.com/shopping?q=tbn:ANd9GcSyRrGJbxbGWEwSYu-bJGcmQvA2PWsMORiryVwdtsRSoOGSVC2FTWTRQcQ40IwFVldJZ0RL7S8sgNPdRYSlnVCvDUGGjh8WrEUpZXBLdqeHBNLz789bO4c8,,,USD
Nokia,mobile,Nokia N900 Smartphone,$116.69,116.69,116.69,4.5,8.0,eBay - globalmobilephone,17,,"https://www.google.com/search?ibp=oshop&q=Nokia&prds=catalogid:9073925572986201274,productid:4151236994827773266,headlineOfferDocid:12768998802171283866,imageDocid:7071702897823469927,rds:PC_5674169139077830152|PROD_PC_5674169139077830152,gpcid:5674169139077830152,mid:576462771741203868,pvt:hg&hl=en&gl=us&udm=28",https://encrypted-tbn3.gstatic.com/shopping?q=tbn:ANd9GcTvxLxRW2veJCQLj73E_MO8EZTPp8poKLnCOXtUEwGROI2DHCbkcESbpuY5fFiyDz_nFJHOe895ZeVhCDaC2-s6Gr4hOa_v,,,USD
Nokia,mobile,"Consumer Cellular, Nokia G400, 5G, 64gb, Gray - Smartphone",$126.90,126.9,126.9,4.0,26.0,Walmart - VIPOUTLET,18,Free delivery,"https://www.google.com/search?ibp=oshop&q=Nokia&prds=productid:10391516992700290312,headlineOfferDocid:10391516992700290312,imageDocid:1462089380365259969,rds:PC_10725351032047139726|PROD_PC_10725351032047139726,pvt:hg&hl=en&gl=us&udm=28",https://encrypted-tbn1.gstatic.com/shopping?q=tbn:ANd9GcSPMoqhlIppDw5-UP64L6VyeUOH0nT33WWIXhMgFSCG3UeNSdrmKObOB7yHpu7HEuuPOYkk0nLWm4eirGdMW1orFhUMI9bW,,,USD
Nokia,mobile,Nokia 6303 Classic Feature Phone,$40.99,40.99,40.99,4.3,153.0,eBay - lt-trading,19,,"https://www.google.com/search?ibp=oshop&q=Nokia&prds=catalogid:18298595269604781521,productid:13389321050224247656,headlineOfferDocid:3283742531250755967,imageDocid:12346375055066823340,rds:PC_1743338190657818060|PROD_PC_1743338190657818060,gpcid:1743338190657818060,mid:317375574,pvt:hg&hl=en&gl=us&udm=28",https://encrypted-tbn0.gstatic.com/shopping?q=tbn:ANd9GcQm56baqIyUPEbUkQnxu0yRiOsE6pYyTCZn5b5_ppdhASqnOt6LQeyTQWa3juMohKAV7N-Ym4cpxVUms4ujWW9PJZjwd-in,,,USD
Nokia,mobile,"Nokia G400 5G | Verizon, AT&T, T-Mobile | Android 12 | Unlocked Smartphone | 3-Day Battery | US Version | 4/64GB | 6.58-Inch Screen | 48MP Triple",$35.60,35.6,35.6,,,bebeochaud.com,20,,"https://www.google.com/search?ibp=oshop&q=Nokia&prds=productid:4891779957454476700,headlineOfferDocid:4891779957454476700,imageDocid:9294201804482949600,pvt:hg&hl=en&gl=us&udm=28",https://encrypted-tbn0.gstatic.com/shopping?q=tbn:ANd9GcS5UeHPCsJVsBgDKexaA_SerQsjdB4NZMvvxk3BJeGf7n1z9zw66xb75avPfKQwUt8cL8DNMGM43cMmZsn2SWQuirT7AvKFK79st_dDwpkcBat3sxuiB67R,,,USD
Nokia,mobile,Nokia G50 5G 128GB GSM Phone,$111.13,111.13,111.13,4.4,521.0,eBay - lt-trading,21,,"https://www.google.com/search?ibp=oshop&q=Nokia&prds=catalogid:8892849393381950005,productid:16707625228530915301,headlineOfferDocid:3210290881903290386,imageDocid:15705120336397744325,rds:PC_17268747929361528872|PROD_PC_17268747929361528872,gpcid:17268747929361528872,mid:576462848658541109,pvt:hg&hl=en&gl=us&udm=28",https://encrypted-tbn1.gstatic.com/shopping?q=tbn:ANd9GcTBHeeCiMzBfxcm9AS8Q8UGfyh4kPBqeehpSE_-5OZaVNsNmNAFd8J1-TtVjDMqAPSBmkcZAGwLEauaqNv5u4lNnVRSn5eOOvcr90k3W98,,,USD
Nokia,mobile,Refurbished Nokia Unlocked Original Nokia 2323 Classic GSM Mobile Phone With 1 SIM charger,$24.20,24.2,24.2,4.6,12.0,Etsy - Seller,22,,"https://www.google.com/search?ibp=oshop&q=Nokia&prds=catalogid:2670024330278877162,productid:9519223363079279986,headlineOfferDocid:10769130436413168973,imageDocid:7296295395373172947,rds:PC_16683072586720587731|PROD_PC_16683072586720587731,gpcid:16683072586720587731,mid:576460820942415752,pvt:hg&hl=en&gl=us&udm=28",https://encrypted-tbn3.gstatic.com/shopping?q=tbn:ANd9GcQ4YhudkoA5NXt15wAfCFmEJDj5KZVGSqJMyeXh_m6EjeHaeJLRBo3vqxCokxhZo06AaaP3M8cC5X-xJkGuwflm0dbpuVx8lRJnUQi353C9uNyKDOpi1-DaSQ,,,USD
Nokia,mobile,Nokia 2720 Flip,$81.99,81.99,81.99,3.3,1400.0,eBay - jingyu2014,23,,"https://www.google.com/search?ibp=oshop&q=Nokia&prds=catalogid:6239281578657816646,productid:14768088470566701899,headlineOfferDocid:12315941577643735106,imageDocid:515310063003077930,rds:PC_18291227296811503834|PROD_PC_18291227296811503834,gpcid:18291227296811503834,mid:576462321526079317,pvt:hg&hl=en&gl=us&udm=28",https://encrypted-tbn2.gstatic.com/shopping?q=tbn:ANd9GcTc2PFgjBS6VAJ1QwhQU4OvdHHvOWyc2qSuAtkX3q24MWru3bo0COY8JKwngnV3OM2j6DV3mPQ-8wfcYG_0G0OPPY3KQpDQoKboTIy6G9etYONNgLtaaGiemA,,,USD
Nokia,mobile,"New (nokia) 472704a.103, Black","$1,299.99",1299.99,1299.99,,,Walmart - Mega Mart Warehouse LLC,24,,"https://www.google.com/search?ibp=oshop&q=Nokia&prds=catalogid:16326067870135273048,productid:3580703137389445118,headlineOfferDocid:16089507052068053588,imageDocid:11941357276529451734,pvt:hg&hl=en&gl=us&udm=28",https://encrypted-tbn2.gstatic.com/shopping?q=tbn:ANd9GcRc6xi0dYiupL1H00h8qwqdiFzZz8NFgieDBhsgpw4sBTIvl4SqqzkLP1Wl9pc5rimb4CX--aD-hmultPFOuIlAsOsNnqwa,,,USD
Nokia,mobile,Nokia N91 3G Smartphone,$121.49,121.49,121.49,5.0,2.0,eBay - digital-home888,25,,"https://www.google.com/search?ibp=oshop&q=Nokia&prds=catalogid:647033380035339812,productid:3702352018317440233,headlineOfferDocid:14017144030291567298,imageDocid:8005595251539597749,rds:PC_13140556782036937147|PROD_PC_13140556782036937147,gpcid:13140556782036937147,mid:576462445962675270,pvt:hg&hl=en&gl=us&udm=28",https://encrypted-tbn1.gstatic.com/shopping?q=tbn:ANd9GcTq3N2no4h4aOiHrlxTZn561k2sVGmNLiE5OGPpL6m_SS9RJxD5X3_Kc6k6Ael0oIsYho7VKoQmSUAnkMBSIzD3OC8gEp8h,,,USD
Nokia,mobile,Nokia 2.2 TA-1179 32GB GSM Unlocked Android Phone,$124.99,124.99,124.99,4.1,278.0,Cellification.com,26,Free delivery by Wed,"https://www.google.com/search?ibp=oshop&q=Nokia&prds=catalogid:1248728781553755959,productid:17468568631855888705,headlineOfferDocid:13349187052802251902,imageDocid:17655740153461604534,rds:PC_2514644572806988823|PROD_PC_2514644572806988823,gpcid:2514644572806988823,mid:576462380863948448,pvt:hg&hl=en&gl=us&udm=28",https://encrypted-tbn2.gstatic.com/shopping?q=tbn:ANd9GcRLVMEoajQWiAwEUbHpkrh1BJjAd-b3FPTOgCU6793J23NEnMqHTnjm_lv18ZzVh5Kp66NuQUSGuvDEiOH30lef_6H-Wl8ODA,,,USD
Nokia,mobile,Nokia C32 Dual SIM,"$1,459.97",1459.97,1459.97,4.1,833.0,eBay,27,Free delivery,"https://www.google.com/search?ibp=oshop&q=Nokia&prds=catalogid:18308360874934076128,productid:5241703740861414181,headlineOfferDocid:3644571476945265676,imageDocid:1151531684190269944,rds:PC_12121769624499720638|PROD_PC_12121769624499720638,gpcid:12121769624499720638,mid:576462726360318565,pvt:hg&hl=en&gl=us&udm=28",https://encrypted-tbn0.gstatic.com/shopping?q=tbn:ANd9GcR5lhuWzC4jB4XisDwsXSFLWgyt9vAjzywRUXGPUgGUhEl_krAmTpbgVibvcLd6aRM5Qr8toun4qEDfxQvBbpDME3ZiCl9hH6VDv5JUf0I,,,USD
Nokia,mobile,Nokia 2.4 Smartphone,$133.16,133.16,133.16,4.3,395.0,Glocalzone,28,,"https://www.google.com/search?ibp=oshop&q=Nokia&prds=productid:10353669960389928824,headlineOfferDocid:10353669960389928824,imageDocid:2494342613305894646,rds:PC_7147453493394813380|PROD_PC_7147453493394813380,pvt:hg&hl=en&gl=us&udm=28",https://encrypted-tbn2.gstatic.com/shopping?q=tbn:ANd9GcS9Y73myNP7oK6OsuWrUYJybiDPbBaSz8uTO_rseE4QtYUIxHD649s19Co3UGEG4llZDgQWfEqBgme6GqmE09cv-dnJddxE,,,USD
Nokia,mobile,Nokia 2730 Classic Mobile Phone,$30.55,30.55,30.55,4.2,177.0,eBay - plustoptrade,29,,"https://www.google.com/search?ibp=oshop&q=Nokia&prds=catalogid:502919876996010815,productid:10309338826101217688,headlineOfferDocid:18135176272262308084,imageDocid:9616406893473426029,rds:PC_7706503121865685680|PROD_PC_7706503121865685680,gpcid:7706503121865685680,mid:317062206,pvt:hg&hl=en&gl=us&udm=28",https://encrypted-tbn1.gstatic.com/shopping?q=tbn:ANd9GcQPyXjUteh8bPgZD7Ram02JpU3TbltP-4o8j3FAu-xwF9OPnAd1bca9Bz3ybCjQLrZS_roPQgtX6wumzVzRr2Dmxw5MUs6aIZqXS_QLFqEYBL7PsYrvPhJB,,,USD
Nokia,mobile,Das Companies Solo Bud 2 Pro,$25.00,25.0,25.0,,,Walmart - Spice Mobile,30,Free delivery,"https://www.google.com/search?ibp=oshop&q=Nokia&prds=catalogid:2440748937093385686,productid:6698994149151199914,headlineOfferDocid:13309918201926909890,imageDocid:16132796614515162770,gpcid:15625719992979245332,mid:576462867954407997,pvt:hg&hl=en&gl=us&udm=28",https://encrypted-tbn2.gstatic.com/shopping?q=tbn:ANd9GcSbex3XLqek6MI9A8NVREdhv4yFJLC0E33nhgksHcaNklgkBGDRF29ROTubYV71ZxJjGhIfueBBvsL8pFGv1dsukbu5QiGNQQ,,,USD
Nokia,mobile,Nokia 225 4G GSM Unlocked,$55.81,55.81,55.81,3.7,793.0,eBay - 8smartbiz,31,,"https://www.google.com/search?ibp=oshop&q=Nokia&prds=catalogid:7995722432994215502,productid:790015874207486268,headlineOfferDocid:10709168866280371246,imageDocid:10798480169710161115,rds:PC_7646743024742168646|PROD_PC_7646743024742168646,gpcid:7646743024742168646,mid:576462788738124606,pvt:hg&hl=en&gl=us&udm=28",https://encrypted-tbn0.gstatic.com/shopping?q=tbn:ANd9GcR6KLq41kVx1plSVV60Y2rWMXUmRMUM_CSpxMo3wSlKyy4REkiMCUZTxABZVmSznUNikyaNUOfiT0_lhH7q_2gtQ3MglPnBVKwZaf3_-KrHiacywc-WoRqV,,,USD
Nokia,mobile,Nokia 1.4 Dual-SIM 16GB ROM + 1GB RAM (GSM Only | No CDMA) Factory Unlocked 4G/LTE Smartphone (Fjord) - International Version,$36.00,36.0,36.0,,,Gps Ubicacion,32,,"https://www.google.com/search?ibp=oshop&q=Nokia&prds=productid:7312646681059023291,headlineOfferDocid:7312646681059023291,imageDocid:14722246917480422373,pvt:hg&hl=en&gl=us&udm=28",https://encrypted-tbn1.gstatic.com/shopping?q=tbn:ANd9GcSXPxu8uBtqNnzrooOVs8Ml1LSBqobuo80x_cJvGOA6j0nch0-gFeIeWUTI2C30UpynhkQTBwS0cKNFxhgVzhKx3lxEuGAAMk-UVeA6Vmim,,,USD
Nokia,mobile,Nokia 8110 4G 4GB,$65.32,65.32,65.32,4.2,660.0,eBay - plustradenb,33,,"https://www.google.com/search?ibp=oshop&q=Nokia&prds=catalogid:2428563964781930457,productid:7386808205252378732,headlineOfferDocid:1617810513875792459,imageDocid:14847704737491160853,rds:PC_6933180314064277858|PROD_PC_6933180314064277858,gpcid:6933180314064277858,mid:576462303538818040,pvt:hg&hl=en&gl=us&udm=28",https://encrypted-tbn1.gstatic.com/shopping?q=tbn:ANd9GcSGbWjDB7WLjQbpfy4sMK5vKhXXvHHEq1nWYa1Glbtx5iYYJAQtE7h_cAgy7149P2TBg2at9-gxpti2hSOjpd4B_yY3tqmgQSGbKbHEitLx,,,USD
Nokia,mobile,Nokia G400 5G,$98.99,98.99,98.99,3.9,110.0,Back Market,34,,"https://www.google.com/search?ibp=oshop&q=Nokia&prds=catalogid:10799219262856821953,productid:3505015157823098832,headlineOfferDocid:18308271724389317474,imageDocid:585026637843846654,rds:PC_7589394365651370966|PROD_PC_7589394365651370966,gpcid:7589394365651370966,mid:576462762271948016,pvt:hg&hl=en&gl=us&udm=28",https://encrypted-tbn2.gstatic.com/shopping?q=tbn:ANd9GcTkOSL-c1C_0hLvHAkGtNFFZagdMRAx00wyLYR8rMXF_Zl_kSBOlqKU8N9TVc9NZfmHQJGIIeGpQofmBBU_5_nlJKaab0pUug,,,USD
Nokia,mobile,Nokia 6233 GSM Triband Cell Phone Unlocked,$51.69,51.69,51.69,4.2,17.0,eBay - tech-link-all,35,,"https://www.google.com/search?ibp=oshop&q=Nokia&prds=catalogid:3665778626077373498,productid:4591978094195185465,headlineOfferDocid:11323346553128152982,imageDocid:1116124407263221313,rds:PC_1845603484723423566|PROD_PC_1845603484723423566,gpcid:1845603484723423566,mid:576462447145082637,pvt:hg&hl=en&gl=us&udm=28",https://encrypted-tbn1.gstatic.com/shopping?q=tbn:ANd9GcSj9TE7mQokJrtcMWy21KUKlq62bQdUSQH0mBJiL2Hp-E5vGUd-uhYZPNWxS4tE-Nfx8y-Cb5vJ7ZCKXyjAId6xMfVzrklfCw,,,USD
Nokia,mobile,Nokia 5G G300,$109.99,109.99,109.99,2.5,373.0,eBay,36,Free delivery,"https://www.google.com/search?ibp=oshop&q=Nokia&prds=catalogid:10249356902874168243,productid:8433234236488502463,headlineOfferDocid:4863608153161813490,imageDocid:2147302966408655469,rds:PC_10765363945754251555|PROD_PC_10765363945754251555,gpcid:10765363945754251555,mid:576462801873303343,pvt:hg&hl=en&gl=us&udm=28",https://encrypted-tbn1.gstatic.com/shopping?q=tbn:ANd9GcRSVQyIqXhknDVerrZLCTF8PMLcZfO4BD3lpMGwdnaaBe88cOGMpCa8pc5ykzdQHwuc63_IGdruKJmqisXLMlt7KdEMnZ_OE082wqbGiUkYjPlEnJ8FAUy7Zw,,,USD
Nokia,mobile,Nokia 5800 XpressMusic Smartphone,$44.01,44.01,44.01,4.2,101.0,eBay - top4easy,37,,"https://www.google.com/search?ibp=oshop&q=Nokia&prds=catalogid:13389221664609232717,productid:8033938560571091687,headlineOfferDocid:12079678568793614389,imageDocid:7514304214530518289,rds:PC_14918993037967538233|PROD_PC_14918993037967538233,gpcid:14918993037967538233,mid:148913398,pvt:hg&hl=en&gl=us&udm=28",https://encrypted-tbn1.gstatic.com/shopping?q=tbn:ANd9GcSD1DmLcy93dekocfwmU0cf2UxL0P_yRHQ8r0pgBfHfumqTjRFUHKiLIvHxTv5ammCsQr94qjNt_JBfZxRHjB8OeEMb8rghcA,,,USD
Nokia,mobile,Nokia 2720 Fold Cellular Phone,$29.74,29.74,29.74,3.8,18.0,eBay - prolite_cellular_phones_and_collectables,38,,"https://www.google.com/search?ibp=oshop&q=Nokia&prds=catalogid:5087003604127461186,productid:4213722368295824514,headlineOfferDocid:713361492012079457,imageDocid:8449277447999609637,rds:PC_5873123193123923789|PROD_PC_5873123193123923789,gpcid:5873123193123923789,pvt:hg&hl=en&gl=us&udm=28",https://encrypted-tbn1.gstatic.com/shopping?q=tbn:ANd9GcTFKSicWYMOh7HgOeTNynURV0Kn3TQ61KPDThQVknZHJWuOBnyHoALPWyhjIILtkY1KMC7z6K2blMPPfzx_J0bbl1AuQnoIdqNjngUkKCClTPA0XqBRYuQSVA,,,USD
Nokia,mobile,Nokia 150 Dual SIM Mobile Phone,$48.99,48.99,48.99,4.6,4300.0,eBay - cell-on-sale,39,,"https://www.google.com/search?ibp=oshop&q=Nokia&prds=catalogid:10277242390447712305,productid:3457620708350215755,headlineOfferDocid:3357868791038277455,imageDocid:17557239208447955259,rds:PC_5194583248489105352|PROD_PC_5194583248489105352,gpcid:5194583248489105352,mid:576462256382686170,pvt:hg&hl=en&gl=us&udm=28",https://encrypted-tbn3.gstatic.com/shopping?q=tbn:ANd9GcT_OaLfriNlMihLgbXNb_pcJa83C1Jo8og5wlYcdNdIK4KzZKTLTm7rMV46lu1CKD7gwp-s-K0iTPKsljWQIywa3EjISBwgnl_QNR1iDUrJqCVZfbIh1FXYBNI,,,USD
Nokia,mobile,"For Nokia C100 Wireless Earbuds, Bluetooth 5.0 Headphones in Ear with Charging Case, Hands-Free Headset with Mic, Hi-Fi Stereo Sound, Touch Control -",$24.99,24.99,24.99,,,Walmart - MFLEL LLC,40,Free delivery,"https://www.google.com/search?ibp=oshop&q=Nokia&prds=productid:2334517598168784251,headlineOfferDocid:2334517598168784251,imageDocid:12673502090756945684,pvt:hg&hl=en&gl=us&udm=28",https://encrypted-tbn0.gstatic.com/shopping?q=tbn:ANd9GcTrD9RU87bGtkwm5Anl3iLWOmQolFqLlDJWmNVFSgt94v4-j6zEo_3QUm9m4AwI5MGpmf_9sTE9ED0g4pKi0YGM4Z-QTF0F8g,,,USD
Google,mobile,Google 4K TV Streamer,$79.99,79.99,79.99,4.3,10000.0,Google Store,1,Free delivery,"https://www.google.com/search?ibp=oshop&q=Google&prds=catalogid:2420969843070369453,productid:7720044753892009274,headlineOfferDocid:6494294190496365082,imageDocid:16129708935267963805,rds:PC_8598301238837913435|PROD_PC_8598301238837913435,gpcid:8598301238837913435,mid:576462530720214194,pvt:hg&hl=en&gl=us&udm=28",https://encrypted-tbn1.gstatic.com/shopping?q=tbn:ANd9GcT7MtisuweZbJmZ5vTcqTx9GKRJE58kzNCEVSDwVMx2N3jUSjiZJto7WnniLCO8obx8z5mQv6awK1WfD1imm26w4ib3zaqf,,,USD
Google,mobile,Google Pixel Watch 4,$309.99,309.99,309.99,4.5,1200.0,Google Store,2,Free delivery,"https://www.google.com/search?ibp=oshop&q=Google&prds=catalogid:6485363559920749569,productid:18333157521465919367,headlineOfferDocid:291410763056659853,imageDocid:13807153017862720997,rds:PC_16735761553179325730|PROD_PC_16735761553179325730,gpcid:16735761553179325730,mid:576462842102583864,pvt:hg&hl=en&gl=us&udm=28",https://encrypted-tbn0.gstatic.com/shopping?q=tbn:ANd9GcQ-PmzQNoHgZIE5Nc6VfO3mBdqY3c6MCTxHO9_6p-3b7BBaGPSA_YKmcF_Bq65AUiLQz3_tx3Sji1kIcNT5LX9j3B_UbltPky0_WWDdExIDyrqdcV6droec6H4,,,USD
Google,mobile,Google Pixel 10a,$499.00,499.0,499.0,4.7,793.0,Google Store,3,Free delivery,"https://www.google.com/search?ibp=oshop&q=Google&prds=catalogid:18082292207578144272,productid:8339966258160419426,headlineOfferDocid:276875091136408573,imageDocid:3240223756849050677,rds:PC_9690311617060370621|PROD_PC_9690311617060370621,gpcid:9690311617060370621,mid:576462881341546348,pvt:hg&hl=en&gl=us&udm=28",https://encrypted-tbn1.gstatic.com/shopping?q=tbn:ANd9GcQMbWjySyuQAg5yYswjvdZ3NnRIITSikYqEY5GM7bBhsGGkOUQn1ZOp5B5QKNq_UMvIaCShwCHMcSpc0OPuk4zRXuIXZZ_xvDDesRLgqgOa7U6xlyLevWth,,,USD
Google,mobile,Google Pixel Buds 2a Wireless Earbuds,$109.00,109.0,109.0,4.6,670.0,Google Store,4,Free delivery,"https://www.google.com/search?ibp=oshop&q=Google&prds=catalogid:5131804113450281995,productid:10814908297076455282,headlineOfferDocid:3606661976259883088,imageDocid:17782872620523712296,rds:PC_3786700060287745713|PROD_PC_3786700060287745713,gpcid:3786700060287745713,mid:576462840112286788,pvt:hg&hl=en&gl=us&udm=28",https://encrypted-tbn0.gstatic.com/shopping?q=tbn:ANd9GcSxyI4cv9WqnYtp5lK-d3p8me7yYCs7qKJXN-K7OCNgD4K-fpVMnBDsU5cm96xTp9Py-e_PPVWbh-RHtAsB1ibdXjjrs3Le,,,USD
Google,mobile,Google Pixel 10 Pro,$749.00,749.0,749.0,4.4,2300.0,Google Store,5,Free delivery,"https://www.google.com/search?ibp=oshop&q=Google&prds=catalogid:18143830205388017915,productid:11354617604590969419,headlineOfferDocid:13331455612873261645,imageDocid:14758345480811040957,rds:PC_12601004915035008516|PROD_PC_12601004915035008516,gpcid:12601004915035008516,mid:576462842110723046,pvt:hg&hl=en&gl=us&udm=28",https://encrypted-tbn3.gstatic.com/shopping?q=tbn:ANd9GcSLvrVAIfzfn9b7ojDo5DTXiAGlRuHyaTIINQenTrJK2flooJwxOmG4uUHIn70jBRaydEEslg-fBPtSTrl_2ONJfCMVF1XS,,,USD
Google,mobile,Google Pixel 10,$599.00,599.0,599.0,4.6,1600.0,Google Store,6,Free delivery,"https://www.google.com/search?ibp=oshop&q=Google&prds=catalogid:10198687345510140767,productid:4192166956377095743,headlineOfferDocid:116396436349045616,imageDocid:13114139701623670582,rds:PC_5970788150716304968|PROD_PC_5970788150716304968,gpcid:5970788150716304968,pvt:hg&hl=en&gl=us&udm=28",https://encrypted-tbn2.gstatic.com/shopping?q=tbn:ANd9GcTbM0Nkvp5eBIPr3xOLGPMJCZF0AaM0oCu8sSKlOX_QCiKa0PYsCNJGvw4y27R-qPPGx6g47omg8rGS6mELY7wXmp6CfRYiBA,,,USD
Google,mobile,Google Pixel 9a 128GB,$499.00,499.0,499.0,4.6,3100.0,Google Store,7,Free delivery,"https://www.google.com/search?ibp=oshop&q=Google&prds=catalogid:9144127320712839750,productid:6890613224714222337,headlineOfferDocid:17684560587886079992,imageDocid:17987353823272050701,rds:PC_16612360358999224086|PROD_PC_16612360358999224086,gpcid:16612360358999224086,mid:576462511888815754,pvt:hg&hl=en&gl=us&udm=28",https://encrypted-tbn2.gstatic.com/shopping?q=tbn:ANd9GcRxc5TpJXPf0F38cdvhFTCSD-Et0Ps-Wuinrk0qks0Lp2DbZenVOelnLsNkgJpykoOoi2VeQMHkYeglDyFNF2s87BiaQqaS7A,,,USD
Google,mobile,Google Pixel Buds 2a Iris,$109.00,109.0,109.0,4.6,670.0,Google Store,8,Free delivery,"https://www.google.com/search?ibp=oshop&q=Google&prds=productid:13466798783222707478,headlineOfferDocid:13466798783222707478,imageDocid:12208779591601696735,rds:PC_3786700060287745713|PROD_PC_3786700060287745713,pvt:hg&hl=en&gl=us&udm=28",https://encrypted-tbn3.gstatic.com/shopping?q=tbn:ANd9GcT39TlSfVKdURwS9qYSLjDXKeUQWYXlhEAu3C7GREcLKUisxVwUq1-8Jbn3Jr5wHB_6MGG9-5FmJxkzVRdS2HTw284V7_Ft,,,USD
Google,mobile,Google Nest Cam Indoor Security Camera,$69.99,69.99,69.99,4.4,4300.0,Google Store,9,Free delivery,"https://www.google.com/search?ibp=oshop&q=Google&prds=catalogid:3855897889195621390,productid:6554242713923922255,headlineOfferDocid:7953800363121097489,imageDocid:17285195072262596384,rds:PC_17403778945997741286|PROD_PC_17403778945997741286,gpcid:17403778945997741286,mid:576462828206689748,pvt:hg&hl=en&gl=us&udm=28",https://encrypted-tbn1.gstatic.com/shopping?q=tbn:ANd9GcQBJbsgTeOSlYoal3GSgy4mEZ0d8TB58PZWtOenG3bkqdfmnsCuxAqr_xHrjbYaa6H7EkJD_iaXQgA3NL8NcpP9JmIS6uur,,,USD
Google,mobile,Google Nest Cam Outdoor,$119.99,119.99,119.99,4.5,312.0,Google Store,10,Free delivery,"https://www.google.com/search?ibp=oshop&q=Google&prds=catalogid:12832792424904469317,productid:13234033967677902990,headlineOfferDocid:14641766915881687193,imageDocid:17544132818556042355,rds:PC_14987966943855460801|PROD_PC_14987966943855460801,gpcid:14987966943855460801,pvt:hg&hl=en&gl=us&udm=28",https://encrypted-tbn3.gstatic.com/shopping?q=tbn:ANd9GcRu-tBmwrm-79v_ugDaoRbJFaFJIu__XKJ4wfrBuPKSVmza1Lqbz4t2-dnD3Y9fel1_Nt8Gnz8q_xGC6DmUcap91fAFP067,,,USD
Google,mobile,Google Nest Smart Thermostat,$99.99,99.99,99.99,4.4,21000.0,Google Store,11,Free delivery,"https://www.google.com/search?ibp=oshop&q=Google&prds=catalogid:4673671110488541517,productid:7576665407025271622,headlineOfferDocid:12491281070401723166,imageDocid:12208829252435288982,rds:PC_17453452407232214154|PROD_PC_17453452407232214154,gpcid:17453452407232214154,mid:576462230693947536,pvt:hg&hl=en&gl=us&udm=28",https://encrypted-tbn2.gstatic.com/shopping?q=tbn:ANd9GcQL_nGYn1kcbTbyAt5x6YcnBvrtDGYWu54TfvuZ8lEPtGJKJmqaM97N1Mmp0kWTJ3B6UF0LnNNcZhy2T0Vw0dHcZSm2m1r57h97KuOUsoyC5uM-nvyyuJqezA,,,USD
Google,mobile,Google Pixel 9 Pro,$999.00,999.0,999.0,4.5,1900.0,Google Store,12,Free delivery,"https://www.google.com/search?ibp=oshop&q=Google&prds=catalogid:8756845258074757657,productid:7206476662757912062,headlineOfferDocid:10197839786322205985,imageDocid:10511644541871357868,rds:PC_13461510371567660278|PROD_PC_13461510371567660278,gpcid:13461510371567660278,mid:576462517157938750,pvt:hg&hl=en&gl=us&udm=28",https://encrypted-tbn2.gstatic.com/shopping?q=tbn:ANd9GcTWj4avIoPa1E8VHcHMz76RKVHJDQ6F7fegvUVq6Cvn3uVbOWsUrcu_d9hJcJByi_ctcUjB2wosRlGg44j52LWy0UjEDaliNkkYt5GXQ-Ju1MOFS61sabcJog,,,USD
Google,mobile,Google Nest Learning Thermostat with Nest Temperature Sensor,$239.99,239.99,239.99,4.3,1100.0,Google Store,13,Free delivery,"https://www.google.com/search?ibp=oshop&q=Google&prds=catalogid:12116500976535595675,productid:9311933355426279226,headlineOfferDocid:3707034703889233442,imageDocid:12944058847052488823,rds:PC_6548597753801092935|PROD_PC_6548597753801092935,gpcid:6548597753801092935,mid:576462843197377054,pvt:hg&hl=en&gl=us&udm=28",https://encrypted-tbn3.gstatic.com/shopping?q=tbn:ANd9GcSUjoaAUZLnM6zwnQ6TXDKiqeEDu-7LWDfczMgyD7-SxsdaEnJ4FlVSL_F0VS4JbwhnRXeQHxl3m4qlxxf3vW1iMrsJBORCJw,,,USD
Google,mobile,Pixel 10 Indigo 128GB (AT&T),$799.00,799.0,799.0,4.6,1600.0,Google Store,14,Free delivery,"https://www.google.com/search?ibp=oshop&q=Google&prds=productid:15405198874526216474,headlineOfferDocid:15405198874526216474,imageDocid:13114139701623670582,rds:PC_5970788150716304968|PROD_PC_5970788150716304968,pvt:hg&hl=en&gl=us&udm=28",https://encrypted-tbn2.gstatic.com/shopping?q=tbn:ANd9GcTbM0Nkvp5eBIPr3xOLGPMJCZF0AaM0oCu8sSKlOX_QCiKa0PYsCNJGvw4y27R-qPPGx6g47omg8rGS6mELY7wXmp6CfRYiBA,,,USD
Google,mobile,Google Pixel 9 Pro XL,"$1,199.00",1199.0,1199.0,4.4,1800.0,Google Store,15,Free delivery,"https://www.google.com/search?ibp=oshop&q=Google&prds=catalogid:14767949130733293114,productid:8316202324982819716,headlineOfferDocid:5246112133975135363,imageDocid:12098207540760048411,rds:PC_13513445356997666411|PROD_PC_13513445356997666411,gpcid:13513445356997666411,mid:576462879131152684,pvt:hg&hl=en&gl=us&udm=28",https://encrypted-tbn0.gstatic.com/shopping?q=tbn:ANd9GcSpE02JzmKAhVZtYuPAxgnOM7JqmROCq8H-pduRi_g3Miowxa6wyElFOYYJaJLLWWrimUblU_rUBBJnMpSINkCS_JRowOMG,,,USD
Google,mobile,Pixel 7 Obsidian 256GB Unlocked,$329.00,329.0,329.0,4.7,19.0,Google Store,16,Free delivery,"https://www.google.com/search?ibp=oshop&q=Google&prds=catalogid:11119370505881608202,productid:776345556288274566,headlineOfferDocid:6361307785253075188,imageDocid:11832734401689141949,rds:PC_16111160818152945572|PROD_PC_16111160818152945572,gpcid:16111160818152945572,mid:576462889867248227,pvt:hg&hl=en&gl=us&udm=28",https://encrypted-tbn1.gstatic.com/shopping?q=tbn:ANd9GcRAmAdfi1g7W9UrUPVuv_yFpGMTOOrFoHkA8KQIkLmbS8QdHkLO5su2KKYU_MkuFYKSjFNXenPZVcn2DcXSEc8732Gn1pyK_A,,,USD
Google,mobile,Google Nest Audio Smart Speaker,$69.98,69.98,69.98,4.5,7000.0,Walmart,17,Free delivery,"https://www.google.com/search?ibp=oshop&q=Google&prds=catalogid:9356350613287234649,productid:13625325002249031983,headlineOfferDocid:17783214882125013071,imageDocid:395121149676446763,rds:PC_11073557739223299652|PROD_PC_11073557739223299652,gpcid:11073557739223299652,mid:576462543336495413,pvt:hg&hl=en&gl=us&udm=28",https://encrypted-tbn2.gstatic.com/shopping?q=tbn:ANd9GcTtZYZRMJu0LdFqQ5O8ruCCRefn2nPw1uBRyG32w9C4eFn4CIZr8fUyBCtPekKuK-VWRB6TZK491QnkYPpgaCZlOMxJ-GfZa35glHsmz-gf,,,USD
Google,mobile,Pixel 9 Porcelain 128GB (Fi),$799.00,799.0,799.0,4.6,2900.0,Google Store,18,Free delivery,"https://www.google.com/search?ibp=oshop&q=Google&prds=productid:12194470013597046133,headlineOfferDocid:12194470013597046133,imageDocid:15057220913139439701,rds:PC_7289913198085316365|PROD_PC_7289913198085316365,pvt:hg&hl=en&gl=us&udm=28",https://encrypted-tbn1.gstatic.com/shopping?q=tbn:ANd9GcQh_VkiBmljg3Wluxw2EPQvD82BKqw4WZWxS5ex3D_f_ulrJpWlAcwc-zeSIR-X7ev3QMySzs-3VLWCL1hq6x5L0RTFEVMujQ,,,USD
Google,mobile,Google Pixel Fold,"$2,089.99",2089.99,2089.99,4.5,591.0,CDW,19,,"https://www.google.com/search?ibp=oshop&q=Google&prds=catalogid:1037676553405301367,productid:11761612553820367624,headlineOfferDocid:7088407890196739934,imageDocid:4341428282914392529,rds:PC_16015065083495965194|PROD_PC_16015065083495965194,gpcid:16015065083495965194,mid:576462745095127302,pvt:hg&hl=en&gl=us&udm=28",https://encrypted-tbn1.gstatic.com/shopping?q=tbn:ANd9GcSOz4emrY72J3LILMVggW8KTszfV0RiHFk07TF3X6skTuIKwZGla_NSL1jBIJC45NZFVUR_8LKqA2iFilqh75TIp9sCXr60,,,USD
Google,mobile,Google Pixel 10 Pro XL,$50/mo,50.0,50.0,4.5,2100.0,T-Mobile,20,Free delivery,"https://www.google.com/search?ibp=oshop&q=Google&prds=catalogid:3223396838547906498,productid:10873220902143116225,headlineOfferDocid:12106212836161771242,imageDocid:1108601387178438450,rds:PC_6724037490619046077|PROD_PC_6724037490619046077,gpcid:6724037490619046077,pvt:hg&hl=en&gl=us&udm=28",https://encrypted-tbn2.gstatic.com/shopping?q=tbn:ANd9GcT4deuyERPT3NjLbGCgyl1z1JX68Kc_dKS6whDoFu1gstuFMxDURDNlokdiNGMi3UC7xn7pIph8zBb3SRWb9iNo29ENQWY4gw,50.0,24.0,USD
Google,mobile,Google Pixel 8a,$266.48,266.48,266.48,4.6,2300.0,Reebelo USA,21,Free delivery by Tue,"https://www.google.com/search?ibp=oshop&q=Google&prds=catalogid:2557946646762678237,productid:10338896909271861217,headlineOfferDocid:8664141433628384435,imageDocid:4730740070885159175,rds:PC_11854671936836665392|PROD_PC_11854671936836665392,gpcid:11854671936836665392,mid:576462777896003990,pvt:hg&hl=en&gl=us&udm=28",https://encrypted-tbn3.gstatic.com/shopping?q=tbn:ANd9GcQvCi1Qk3xaoJ6x_eF5aQkfOpfeFEYGmEE0ZXOK62jX-TAtGb5dHiV3II4L7Ez4QAub3T1D4Bqu0tGL0RZaGflo20hAFkhmCV8MRuL5Qagp,,,USD
Google,mobile,Google Home Mini,$18.99,18.99,18.99,4.5,18000.0,eBay - jonahsales,22,,"https://www.google.com/search?ibp=oshop&q=Google&prds=catalogid:13602265837535647651,productid:11883269122323753981,headlineOfferDocid:8281055149901973935,imageDocid:6105418765012023670,rds:PC_2439190091346037373|PROD_PC_2439190091346037373,gpcid:2439190091346037373,mid:576462797544308475,pvt:hg&hl=en&gl=us&udm=28",https://encrypted-tbn2.gstatic.com/shopping?q=tbn:ANd9GcRgHM8DaysEdPbOs6hGDZPmKuncuFbaj3uJHY3N2zmOjflXOjKEtmcPH3mmEntxe7Rh7cG7hc1qjFACwtzpN0uVRStHJvWqMSKNWcodbHLwQQlKuYLoRJb24C8,,,USD
Google,mobile,Google Nest Hub,$99.99,99.99,99.99,4.5,13000.0,OnTech,23,Free delivery,"https://www.google.com/search?ibp=oshop&q=Google&prds=catalogid:15631107335641633774,productid:9643117617922362455,headlineOfferDocid:9012008694926827139,rds:PC_2607862257098036296|PROD_PC_2607862257098036296,gpcid:2607862257098036296,mid:576462589206023701,pvt:hg&hl=en&gl=us&udm=28",https://encrypted-tbn0.gstatic.com/shopping?q=tbn:ANd9GcS7J70XkVnMnQwZ2vyMy7lBx_VTSUHmGErpGiWmjxI9NvIg4-evM4D4gCO9du-Y3xyFTwvwYx8W40vl_lMjXrzckHszJc6BLzgryxGeS6UJVdH-qBezkv-Afc8,,,USD
Google,mobile,Google Pixel 6a,$197.99,197.99,197.99,4.1,5000.0,Target,24,Free delivery by Wed,"https://www.google.com/search?ibp=oshop&q=Google&prds=catalogid:12052286931650249978,productid:6928427200106211552,headlineOfferDocid:17535658351932703046,imageDocid:16569859345638056361,rds:PC_17046152941976670376|PROD_PC_17046152941976670376,gpcid:17046152941976670376,mid:576462709006386640,pvt:hg&hl=en&gl=us&udm=28",https://encrypted-tbn2.gstatic.com/shopping?q=tbn:ANd9GcTY8bvzjXeklyN56aUpylejS6Nhw1QTuVV7AvnNfUfw_ipGqT6QCgJhdfupjen_dvAx2BrHh1cgbKxEevlkoax8ANKJhC7p,,,USD
Google,mobile,Google Nest Mini,$49.00,49.0,49.0,4.2,19000.0,evergy.com,25,,"https://www.google.com/search?ibp=oshop&q=Google&prds=catalogid:13573068641653636869,productid:16402437500450299011,headlineOfferDocid:1552230342170881189,imageDocid:15016182600257762008,rds:PC_15907432123639110856|PROD_PC_15907432123639110856,gpcid:15907432123639110856,mid:576462550321736309,pvt:hg&hl=en&gl=us&udm=28",https://encrypted-tbn0.gstatic.com/shopping?q=tbn:ANd9GcQDpWdnh374JuJukw7M6_lhWSOvpb7SXKmm5MO9tgzzU-hbwDHba4ViGtk3UAYNmJykfRy-oZ6K-WD0BVJiMWACcHmUUcOQ9QJWLpnYbDX2euLNbtYgWdVb,,,USD
Google,mobile,Google Pixel 8 Pro,$301.48,301.48,301.48,4.5,3800.0,Best Buy,26,,"https://www.google.com/search?ibp=oshop&q=Google&prds=catalogid:14860140914596649947,productid:4494592336143962747,headlineOfferDocid:7853381380840322172,imageDocid:1984095915096412032,rds:PC_5979093648650988152|PROD_PC_5979093648650988152,gpcid:5979093648650988152,mid:576462841504512126,pvt:hg&hl=en&gl=us&udm=28",https://encrypted-tbn0.gstatic.com/shopping?q=tbn:ANd9GcTayijxc5rU_4LQeQOxVw0WkoiytAE347KIQAExQmuCxw73t1AC9StJlqZ0KSq1HosDhREEAhWt96GoJ4w5DfnOWQXA_X5OjuPY9HIIXhSR,,,USD
Google,mobile,Google Pixel 7 Pro,$239.90,239.9,239.9,4.4,5200.0,Walmart - YYWireless,27,,"https://www.google.com/search?ibp=oshop&q=Google&prds=catalogid:7876503565389094723,productid:11334915729445265345,headlineOfferDocid:5176539635567501038,imageDocid:15560917243651167992,rds:PC_6023854479048717292|PROD_PC_6023854479048717292,gpcid:6023854479048717292,mid:576462724980784032,pvt:hg&hl=en&gl=us&udm=28",https://encrypted-tbn0.gstatic.com/shopping?q=tbn:ANd9GcS2mpP3IgPhoYAKgsS5jQaNh7RUwV7irRWj8lcMQ4-_ZB_oGBKeOgqgm6cIFqui3EOZpyd6MllGj_QVyduon2uqxboSqGIpow,,,USD
Google,mobile,Google Pixel 9 Pro Fold,$701.99,701.99,701.99,4.3,411.0,eBay - yywirelesss,28,Free delivery by Tue,"https://www.google.com/search?ibp=oshop&q=Google&prds=catalogid:7516631800086476873,productid:8514522599351362542,headlineOfferDocid:3160609427510038545,imageDocid:4718215143374789950,rds:PC_3840436116648441576|PROD_PC_3840436116648441576,gpcid:3840436116648441576,mid:576462787803629646,pvt:hg&hl=en&gl=us&udm=28",https://encrypted-tbn2.gstatic.com/shopping?q=tbn:ANd9GcRcDaUOhe4QgMCayMvinNium2NUnTeD0_d0To0FPETspOllZ3TfzWWZrXtQnoqH1A4P2YWpluaZAEqHJP3fsvS8u2k-JojeIe0Kv4k9BkS_fR94eKULJmR-hHw,,,USD
Google,mobile,Google Nest Yale Lock,$81.00,81.0,81.0,4.5,8200.0,Back Market,29,,"https://www.google.com/search?ibp=oshop&q=Google&prds=catalogid:9213255158323840508,productid:9605704415978228424,headlineOfferDocid:9082633355918783632,imageDocid:16950772090920592500,rds:PC_17206759406393080863|PROD_PC_17206759406393080863,gpcid:17206759406393080863,pvt:hg&hl=en&gl=us&udm=28",https://encrypted-tbn0.gstatic.com/shopping?q=tbn:ANd9GcTI2FGMdITMfS6w4ta6F1x6E5HfwPYEdCVcfZOKj64294uwrlFQT10BXO9gp7OnaRkV9Ncbf7edxaxXNnqsprGfuBvJrGDnRLwg5jgBhDrZk-4Xr8vT8SSS,,,USD
Google,mobile,Google Nest Camera with Floodlight,$179.99,179.99,179.99,4.3,1700.0,Kohl's,30,Free delivery,"https://www.google.com/search?ibp=oshop&q=Google&prds=catalogid:5084623565587810567,productid:2726266294950131065,headlineOfferDocid:5890750605847765032,imageDocid:4783624857441231627,rds:PC_4308003745175561374|PROD_PC_4308003745175561374,gpcid:4308003745175561374,mid:576462846159759030,pvt:hg&hl=en&gl=us&udm=28",https://encrypted-tbn2.gstatic.com/shopping?q=tbn:ANd9GcQciO-cH-QAIzR54z2IABcDazelS5w4j6Ldeg8aPZeN983f8gc3EWrNh1SEG6rsYw5lLcYPlCNbCQXkEJNdrUnHwij8V0oJY-esCiiX0yo,,,USD
Google,mobile,Google Pixel Watch 3,$249.99,249.99,249.99,4.5,1500.0,Target,31,Free delivery by Wed,"https://www.google.com/search?ibp=oshop&q=Google&prds=catalogid:17168974832712768514,productid:2923386174564872539,headlineOfferDocid:6467948250450058663,imageDocid:3075975322513236694,rds:PC_11519944079871206080|PROD_PC_11519944079871206080,gpcid:11519944079871206080,mid:576462841275307160,pvt:hg&hl=en&gl=us&udm=28",https://encrypted-tbn3.gstatic.com/shopping?q=tbn:ANd9GcSjH2mO45uwUVNmBi0T0TnD0-YpH4Fr7JNNYrRo5X6utds9hl_-xZF-weTxaBSr6Q_HWFatiiJ1jACmXztnVtSPp3FWrIim,,,USD
Google,mobile,Google Pixel 6,$267.39,267.39,267.39,3.9,5000.0,ElectronicsForce.com,32,Free delivery by Tue,"https://www.google.com/search?ibp=oshop&q=Google&prds=catalogid:1488768364422491447,productid:16477735342892641675,headlineOfferDocid:15087445855253137007,imageDocid:6366870932751441772,rds:PC_9958864392559382906|PROD_PC_9958864392559382906,gpcid:9958864392559382906,mid:576462775461376422,pvt:hg&hl=en&gl=us&udm=28",https://encrypted-tbn0.gstatic.com/shopping?q=tbn:ANd9GcSOFE9c3Xjs7-d_47IAbkns9NCVUWRikhWlKSyssBBPJmFa29jl6wV-N11Dcw9xHtlvC6xgl4NXm4XCWKWoMJPDFof3oExuKIm1Ng-NaXTq,,,USD
Google,mobile,Google Pixel 6 Pro,$168.95,168.95,168.95,4.1,5800.0,eBay - cellularstream,33,Free delivery,"https://www.google.com/search?ibp=oshop&q=Google&prds=catalogid:4752861863423761634,productid:15161103879472921304,headlineOfferDocid:7969556566927485064,imageDocid:12762413752149021511,rds:PC_5803332436479017245|PROD_PC_5803332436479017245,gpcid:5803332436479017245,mid:576462585606900356,pvt:hg&hl=en&gl=us&udm=28",https://encrypted-tbn0.gstatic.com/shopping?q=tbn:ANd9GcTqCOEV2aclvW5-0Teewbus3BvPwlJiBJfViyb-oDO-QGS3m9ATVwiGEGRnsBBVvlbWB0E0uQrPgM5y_t_Txi5b_2AssttfbtpGEht30Q8,,,USD
Google,mobile,Google Nest Cam Indoor/Outdoor Camera,$139.99,139.99,139.99,4.7,33000.0,Best Buy,34,Free delivery by Sat,"https://www.google.com/search?ibp=oshop&q=Google&prds=catalogid:5636875447571648535,productid:4833560897070689483,headlineOfferDocid:15186503426240383901,rds:PC_1966969399378926218|PROD_PC_1966969399378926218,gpcid:1966969399378926218,mid:576462827962798277,pvt:hg&hl=en&gl=us&udm=28",https://encrypted-tbn3.gstatic.com/shopping?q=tbn:ANd9GcSE2AxkUXfk9oQsyAPV5ux_R3Q95y8ZaUVYQZMmXA2o3Pk0zjqwxZSK-aJY26yqXd7EwR4MtendrdtGpMdknjXSs2uVNBjWuDCGLXiB-Y8kWl6zXiWvLIQcWA,,,USD
Google,mobile,Google Nest Doorbell 3rd Gen,$139.99,139.99,139.99,4.6,471.0,Walmart,35,Free delivery,"https://www.google.com/search?ibp=oshop&q=Google&prds=catalogid:3992536782929904738,productid:12836673235753327011,headlineOfferDocid:11073572981615866917,imageDocid:13629724103112441768,rds:PC_9074824913291573192|PROD_PC_9074824913291573192,gpcid:9074824913291573192,pvt:hg&hl=en&gl=us&udm=28",https://encrypted-tbn0.gstatic.com/shopping?q=tbn:ANd9GcTlx8AWQlC2nkEwqdMEas9EYxUqhWQ70zmyI--fXtGLy27kdKziYA3tOJrHMq53hbEV1IkuAoMLeXWFPAj2cezN1X0f8g4WkI0jnOhKL9Lj5EBS1lzRMXqVcg,,,USD
Google,mobile,Google Nest Cam + Wasserstein Solar Panel Bundle,$199.99,199.99,199.99,4.9,17.0,Wasserstein,36,Free delivery,"https://www.google.com/search?ibp=oshop&q=Google&prds=catalogid:6845304109823711152,productid:11147921513039970601,headlineOfferDocid:12347178013760540258,imageDocid:15925605865266583802,rds:PC_13807558668861473619|PROD_PC_13807558668861473619,gpcid:13807558668861473619,mid:576462822334650886,pvt:hg&hl=en&gl=us&udm=28",https://encrypted-tbn2.gstatic.com/shopping?q=tbn:ANd9GcQTWPft_Fb9etwqZNFQ3hS0JHb_M2zhF9U6IFzmEvOhluxnL9u0QrqMw9WcYg40GzZcT_q8PkZds_rsqTPGAkj9chiNfN1_nmD72xtIDaBanULwN8RifRX-,,,USD
Google,mobile,Google Pixel 8 Pro 128GB - Green - Unlocked,$331.00,331.0,331.0,4.5,3800.0,Back Market,37,,"https://www.google.com/search?ibp=oshop&q=Google&prds=productid:3105426670698932664,headlineOfferDocid:3105426670698932664,imageDocid:5642298499553923268,rds:PC_5979093648650988152|PROD_PC_5979093648650988152,pvt:hg&hl=en&gl=us&udm=28",https://encrypted-tbn0.gstatic.com/shopping?q=tbn:ANd9GcSdofA7-WMTfSS47GMmLVCmrrS8yNcWR_aJ4MVigZzyDlZEfj8cyJzDeRCI6RHNpmqgByIgrTZKTOW6AIZ6VCN16swteCr0jijx5FKJ5oZgkj621YEUpJQS,,,USD
Google,mobile,Google Pixel 8,$251.99,251.99,251.99,4.4,3000.0,eBay - cellularstream,38,Free delivery by Wed,"https://www.google.com/search?ibp=oshop&q=Google&prds=catalogid:9734116164862878048,productid:17159495049843941398,headlineOfferDocid:9043784264433887679,imageDocid:13275013138591447159,rds:PC_751056468942259917|PROD_PC_751056468942259917,gpcid:751056468942259917,mid:576462790395854479,pvt:hg&hl=en&gl=us&udm=28",https://encrypted-tbn3.gstatic.com/shopping?q=tbn:ANd9GcQfHmnmNMcri2Oev8wCYl2STMWcROTYCJBAdaAAE4v-sTokVTg4wvyNyi1iEMesPlUCQya5TB7_-E_6Vs5-CBHivQwZNQpVPZhKB-849qkr,,,USD
Google,mobile,Google T3016US Smart Programmable Wi-Fi Thermostat,$109.99,109.99,109.99,,,newegg.com,39,,"https://www.google.com/search?ibp=oshop&q=Google&prds=catalogid:4764544010163747016,productid:6997932928004868548,headlineOfferDocid:227857381346763493,imageDocid:17253808615158698539,gpcid:4845289180474186860,mid:576462556069808603,pvt:hg&hl=en&gl=us&udm=28",https://encrypted-tbn3.gstatic.com/shopping?q=tbn:ANd9GcTBvPCApfwNW6zZsd9zIMoKQ70BYnCn50g_iH_CpAuQCfpfZU2-10SqWMZQXmIQVs5lkkwDzdXB416cZI1oylyUSp6RemFy,,,USD
Google,mobile,Google Pixel 9,$749.00,749.0,749.0,4.6,2900.0,Best Buy,40,Free delivery by Tue,"https://www.google.com/search?ibp=oshop&q=Google&prds=catalogid:625513772960203147,productid:15373862464162455148,headlineOfferDocid:4864733893873904692,imageDocid:1458535541928447144,rds:PC_7289913198085316365|PROD_PC_7289913198085316365,gpcid:7289913198085316365,mid:576462491484046598,pvt:hg&hl=en&gl=us&udm=28",https://encrypted-tbn0.gstatic.com/shopping?q=tbn:ANd9GcTM2W119pmuZZJLNdpNlz7H_2N_-qNQDAe2jugbbbRXShNMnZ3TKiWTCevnT3UIcwx9I-elloUWpNHhYAW9FkxPe5R7HU383hp3Vl4ld7QJ,,,USD
