keyword,category,title,final_price,rating,reviews,platform,delivery,currency,is_emi,link,brand,visibility_score,price_range,rating_category,review_category,top_10,value_score
office chair ergonomic,office equipments,HP office chair ergonomic Model 603,36225.0,3.7,3241.0,Croma,2 Days,UNKNOWN,False,,HP,5.453578280918249,High,Medium,High,True,0.3310338164251208
microwave oven convection,other,Dell microwave oven convection Model 877,2507.0,4.7,3446.0,Flipkart,Free Delivery,UNKNOWN,False,,Dell,6.078103826606746,High,High,High,True,6.460390905464699
men running shoes,fashion,Dell men running shoes Model 536,2176.0,3.8,2031.0,Croma,5 Days,UNKNOWN,False,,Dell,5.3267103234793485,High,Medium,High,True,3.5467830882352938
power bank fast charging,other,Samsung power bank fast charging Model 562,5331.0,,4124.0,Reliance Digital,5 Days,UNKNOWN,False,,Samsung,,High,,High,False,
office chair ergonomic,office equipments,Philips office chair ergonomic Model 836,4564.0,3.0,1540.0,Amazon,Free Delivery,UNKNOWN,False,,Philips,4.736074734128046,High,Medium,High,True,1.0122699386503067
microwave oven convection,other,Boat microwave oven convection Model 588,21830.0,4.0,126.0,Croma,Free Delivery,UNKNOWN,False,,Boat,4.337674834583437,High,Medium,Medium,True,0.02308749427393495
office chair ergonomic,office equipments,Puma office chair ergonomic Model 591,19233.0,4.6,3911.0,Reliance Digital,5 Days,UNKNOWN,False,,Puma,6.068721612461884,High,High,High,True,0.9354026932875785
men running shoes,fashion,Boat men running shoes Model 859 ,20381.0,,684.0,Amazon,2 Days,UNKNOWN,False,,Boat,,High,,Medium,False,
office chair ergonomic,office equipments,Puma office chair ergonomic Model 417,8744.0,4.9,3832.0,Croma,2 Days,UNKNOWN,False,,Puma,6.240561226152222,High,High,High,True,2.1473924977127177
power bank fast charging,other,Dell power bank fast charging Model 575,190200.0,4.5,4367.0,Croma,Free Delivery,UNKNOWN,False,,Dell,6.0528242069698965,High,High,High,True,0.10332018927444794
power bank fast charging,other,Sony power bank fast charging Model 896,5150.0,5.0,2220.0,Croma,2 Days,UNKNOWN,False,,Sony,6.082285129557771,High,High,High,True,2.1553398058252426
air fryer india,other,Philips air fryer India Model 339,45304.0,2.7,1761.0,Reliance Digital,2 Days,UNKNOWN,False,,Philips,4.60968192259845,High,Medium,High,True,0.10495099770439698
men running shoes,fashion,Philips men running shoes Model 418,9160.0,3.7,2887.0,Amazon,5 Days,UNKNOWN,False,,Philips,5.407327800005087,High,Medium,High,True,1.166146288209607
power bank fast charging,other,LG power bank fast charging Model 382,10945.0,2.9,3032.0,Amazon,Free Delivery,UNKNOWN,False,,LG,4.946923003075433,High,Medium,High,True,0.8033622658748286
microwave oven convection,other,HP microwave oven convection Model 409,17931.0,2.9,4166.0,Amazon,2 Days,UNKNOWN,False,,HP,5.073980652568982,High,Medium,High,True,0.6737716803301544
office chair ergonomic,office equipments,Puma office chair ergonomic Model 198 ,15160.0,3.2,1275.0,Flipkart,2 Days,UNKNOWN,False,,Puma,4.780594185561894,High,Medium,High,True,0.2691292875989446
air fryer india,other,Sony air fryer India Model 266,45361.0,3.1,2934.0,Croma,5 Days,UNKNOWN,False,,Sony,5.053785092904878,High,Medium,High,True,0.2005114525693878
power bank fast charging,other,Puma power bank fast charging Model 621 ,48199.0,,203.0,Amazon,2 Days,UNKNOWN,False,,Puma,,High,,Medium,False,
men running shoes,fashion,Nike men running shoes Model 602,22310.0,3.8,255.0,Croma,5 Days,UNKNOWN,False,,Nike,4.498070977791825,High,Medium,Medium,True,0.04343343792021515
microwave oven convection,other,LG microwave oven convection Model 351,31911.0,4.4,2073.0,Reliance Digital,2 Days,UNKNOWN,False,,LG,5.694893755515789,High,High,High,True,0.2858324715615305
office chair ergonomic,office equipments,Nike office chair ergonomic Model 173,33852.0,4.4,3965.0,Amazon,2 Days,UNKNOWN,False,,Nike,5.954205323631896,High,High,High,True,0.5153609831029186
men running shoes,fashion,HP men running shoes Model 796,16321.0,4.8,4474.0,Flipkart,5 Days,UNKNOWN,False,,HP,6.242504652283582,High,High,High,True,1.3158017278353042
power bank fast charging,other,Puma power bank fast charging Model 343,889.0,4.9,3557.0,Reliance Digital,5 Days,UNKNOWN,False,,Puma,6.210781547290312,Medium,High,High,True,19.605511811023625
microwave oven convection,other,Nike microwave oven convection Model 438,1670.0,3.9,1982.0,Amazon,2 Days,UNKNOWN,False,,Nike,5.376946451407918,Medium,Medium,High,True,4.628622754491018
office chair ergonomic,office equipments,Sony office chair ergonomic Model 955,28760.0,3.6,2169.0,Flipkart,2 Days,UNKNOWN,False,,Sony,5.232992978613803,High,Medium,High,True,0.27150208623087624
microwave oven convection,other,Nike microwave oven convection Model 917 ,4484.0,3.0,3422.0,Reliance Digital,5 Days,UNKNOWN,False,,Nike,5.055309055412074,High,Medium,High,True,2.289473684210526
air fryer india,other,Dell air fryer India Model 250,25576.0,2.9,1041.0,Flipkart,5 Days,UNKNOWN,False,,Dell,4.519558888925325,High,Medium,High,True,0.11803644041288709
power bank fast charging,other,Boat power bank fast charging Model 977,999.0,3.3,2070.0,Amazon,5 Days,UNKNOWN,False,,Boat,5.034314744558234,Medium,Medium,High,True,6.837837837837838
microwave oven convection,other,Dell microwave oven convection Model 272,438510.0,4.5,351.0,Reliance Digital,5 Days,UNKNOWN,False,,Dell,5.045452470239239,High,High,Medium,True,0.003601970308544845
air fryer india,other,LG air fryer India Model 797,10526.0,4.7,4373.0,Reliance Digital,2 Days,UNKNOWN,False,,LG,6.173373280494685,High,High,High,True,1.952603078092343
office chair ergonomic,office equipments,LG office chair ergonomic Model 187,7370.0,4.9,324.0,Flipkart,5 Days,UNKNOWN,False,,LG,5.253530072931895,High,High,Medium,True,0.21541383989145185
power bank fast charging,other,LG power bank fast charging Model 927,5380.0,2.6,1069.0,Croma,Free Delivery,UNKNOWN,False,,LG,4.350165570982381,High,Medium,High,True,0.5166171003717472
office chair ergonomic,office equipments,Boat office chair ergonomic Model 251,10118.0,3.7,2270.0,Amazon,2 Days,UNKNOWN,False,,Boat,5.311190216842224,High,Medium,High,True,0.8301047637873098
men running shoes,fashion,Philips men running shoes Model 769,6357.0,3.3,255.0,Reliance Digital,5 Days,UNKNOWN,False,,Philips,4.198070977791825,High,Medium,Medium,True,0.13237376120811703
power bank fast charging,other,Dell power bank fast charging Model 326,35283.0,3.8,4008.0,Amazon,2 Days,UNKNOWN,False,,Dell,5.5985188450570025,High,Medium,High,True,0.4316639741518578
men running shoes,fashion,Dell men running shoes Model 450,2830.0,2.9,3675.0,Amazon,2 Days,UNKNOWN,False,,Dell,5.023832193390231,High,Medium,High,True,3.7659010600706715
power bank fast charging,other,LG power bank fast charging Model 330,28981.0,3.8,4349.0,Croma,2 Days,UNKNOWN,False,,LG,5.631172449633092,High,Medium,High,True,0.570242572720058
office chair ergonomic,office equipments,LG office chair ergonomic Model 365,42218.0,3.0,138.0,Amazon,Free Delivery,UNKNOWN,False,,LG,3.7737895732522766,High,Medium,Medium,True,0.009806243782272964
men running shoes,fashion,LG men running shoes Model 272,20795.0,4.1,1456.0,Flipkart,2 Days,UNKNOWN,False,,LG,5.3736539224780815,High,High,High,True,0.28706900697283
microwave oven convection,other,HP microwave oven convection Model 260,10399.0,4.8,1364.0,Croma,2 Days,UNKNOWN,False,,HP,5.767563883047624,High,High,High,True,0.6295989999038369
men running shoes,fashion,HP men running shoes Model 980,22136.0,4.4,2269.0,Croma,Free Delivery,UNKNOWN,False,,HP,5.73101404419018,High,High,High,True,0.45101192627394293
power bank fast charging,other,Boat power bank fast charging Model 625 ,38621.0,3.5,2443.0,Amazon,2 Days,UNKNOWN,False,,Boat,5.220556528116594,High,Medium,High,True,0.22139509593226483
office chair ergonomic,office equipments,HP office chair ergonomic Model 850,47613.0,4.9,4909.0,Croma,5 Days,UNKNOWN,False,,HP,6.3396116883154265,High,High,High,True,0.5052002604330751
microwave oven convection,other,Boat microwave oven convection Model 255,9089.0,4.1,3138.0,Croma,5 Days,UNKNOWN,False,,Boat,5.680663822736781,High,High,High,True,1.415535262405105
air fryer india,other,Sony air fryer India Model 404,10311.0,2.9,2685.0,Croma,Free Delivery,UNKNOWN,False,,Sony,4.898323350833273,High,Medium,High,True,0.7551643875472797
air fryer india,other,Philips air fryer India Model 313 ,38075.0,3.5,1080.0,Amazon,Free Delivery,UNKNOWN,False,,Philips,4.894256727055684,High,Medium,High,True,0.09927774130006566
microwave oven convection,other,Puma microwave oven convection Model 765,8497.0,2.6,1408.0,Croma,2 Days,UNKNOWN,False,,Puma,4.460254204759472,High,Medium,High,True,0.43083441214546314
microwave oven convection,other,LG microwave oven convection Model 377,15541.0,,1848.0,Reliance Digital,5 Days,UNKNOWN,False,,LG,,High,,High,False,
power bank fast charging,other,Nike power bank fast charging Model 332,20043.0,3.7,2355.0,Flipkart,2 Days,UNKNOWN,False,,Nike,5.325888217908592,High,Medium,High,True,0.4347403083370753
microwave oven convection,other,Puma microwave oven convection Model 583,33632.0,4.5,,Reliance Digital,Free Delivery,UNKNOWN,False,,Puma,,High,High,,True,
men running shoes,fashion,Philips men running shoes Model 437,8752.0,4.7,3962.0,Amazon,5 Days,UNKNOWN,False,,Philips,6.133902637276174,High,High,High,True,2.1276736745886655
microwave oven convection,other,Sony microwave oven convection Model 873,35455.0,3.7,2825.0,Flipkart,5 Days,UNKNOWN,False,,Sony,5.398647025297789,High,Medium,High,True,0.29481032294457765
microwave oven convection,other,Boat microwave oven convection Model 875,6446.0,4.6,613.0,Amazon,2 Days,UNKNOWN,False,,Boat,5.327997971258856,High,High,Medium,True,0.4374495811355879
microwave oven convection,other,Sony microwave oven convection Model 369,4789.0,4.6,589.0,Amazon,5 Days,UNKNOWN,False,,Sony,5.312049014759905,High,High,Medium,True,0.5657548548757568
men running shoes,fashion,Dell men running shoes Model 900,8466.0,3.2,3377.0,Croma,2 Days,UNKNOWN,False,,Dell,5.170015638947098,High,Medium,High,True,1.2764469643279
men running shoes,fashion,Philips men running shoes Model 503,46885.0,4.4,986.0,Amazon,Free Delivery,UNKNOWN,False,,Philips,5.397868015773393,High,High,Medium,True,0.09253279300415912
men running shoes,fashion,HP men running shoes Model 956,1861.0,3.9,652.0,Croma,5 Days,UNKNOWN,False,,HP,4.932630851710572,Medium,Medium,Medium,True,1.366362170875873
air fryer india,other,Dell air fryer India Model 284,36220.0,3.6,2875.0,Croma,Free Delivery,UNKNOWN,False,,Dell,5.345662287536375,High,Medium,High,True,0.285753727222529
microwave oven convection,other,Dell microwave oven convection Model 370,41318.0,3.8,4161.0,Reliance Digital,2 Days,UNKNOWN,False,,Dell,5.6135004027814315,High,Medium,High,True,0.38268551236749115
men running shoes,fashion,Samsung men running shoes Model 311 ,47745.0,,1278.0,Flipkart,Free Delivery,UNKNOWN,False,,Samsung,,High,,High,False,
air fryer india,other,Dell air fryer India Model 810,10588.0,3.9,4559.0,Croma,5 Days,UNKNOWN,False,,Dell,5.710031161003373,High,Medium,High,True,1.6792689837551944
air fryer india,other,HP air fryer India Model 922,15908.0,3.0,2532.0,Reliance Digital,5 Days,UNKNOWN,False,,HP,4.93486386000067,High,Medium,High,True,0.47749559969826505
microwave oven convection,other,HP microwave oven convection Model 231 ,15909.0,3.3,3043.0,Reliance Digital,Free Delivery,UNKNOWN,False,,HP,5.188371087592631,High,Medium,High,True,0.6312087497642843
office chair ergonomic,office equipments,Nike office chair ergonomic Model 462,23777.0,3.7,1783.0,Croma,2 Days,UNKNOWN,False,,Nike,5.214645325255983,High,Medium,High,True,0.2774572065441393
microwave oven convection,other,Puma microwave oven convection Model 380,17378.0,4.6,4702.0,Flipkart,5 Days,UNKNOWN,False,,Puma,6.14238235277802,High,High,High,True,1.2446311428242605
men running shoes,fashion,HP men running shoes Model 157,35128.0,4.7,2310.0,Reliance Digital,2 Days,UNKNOWN,False,,HP,5.9181742441097525,High,High,High,True,0.3090696879981781
men running shoes,fashion,Philips men running shoes Model 776,12533.0,4.8,208.0,Flipkart,Free Delivery,UNKNOWN,False,,Philips,5.016933700785924,High,High,Medium,True,0.07966169313013644
air fryer india,other,Samsung air fryer India Model 961,14116.0,2.6,2903.0,Croma,Free Delivery,UNKNOWN,False,,Samsung,4.7495377503778755,High,Medium,High,True,0.5346982147917257
power bank fast charging,other,Nike power bank fast charging Model 363 ,702.0,4.5,1477.0,Flipkart,2 Days,UNKNOWN,False,,Nike,5.619378040603259,Medium,High,High,True,9.467948717948717
men running shoes,fashion,Dell men running shoes Model 705,20430.0,4.6,4958.0,Croma,2 Days,UNKNOWN,False,,Dell,6.163583754595653,High,High,High,True,1.1163387175721977
microwave oven convection,other,Samsung microwave oven convection Model 692,49213.0,4.9,4261.0,Amazon,Free Delivery,UNKNOWN,False,,Samsung,6.282997525063426,High,High,High,True,0.4242557860727857
microwave oven convection,other,HP microwave oven convection Model 498,36910.0,3.3,1021.0,Flipkart,2 Days,UNKNOWN,False,,HP,4.75180670830546,High,Medium,High,True,0.0912842048225413
microwave oven convection,other,Boat microwave oven convection Model 460,16391.0,4.4,4959.0,Croma,2 Days,UNKNOWN,False,,Boat,6.04366440788759,High,High,High,True,1.3311939478982369
office chair ergonomic,office equipments,Boat office chair ergonomic Model 748,27212.0,3.0,2333.0,Flipkart,Free Delivery,UNKNOWN,False,,Boat,4.9021355251386005,High,Medium,High,True,0.2572027046891077
power bank fast charging,other,LG power bank fast charging Model 928,23555.0,4.9,506.0,Flipkart,Free Delivery,UNKNOWN,False,,LG,5.431404401436474,High,High,Medium,True,0.10526002971768203
office chair ergonomic,office equipments,HP office chair ergonomic Model 934 ,42606.0,3.0,3555.0,Flipkart,Free Delivery,UNKNOWN,False,,HP,5.070556638653518,High,Medium,High,True,0.2503168567807351
power bank fast charging,other,Sony power bank fast charging Model 242,17801.0,3.4,2910.0,Croma,2 Days,UNKNOWN,False,,Sony,5.23050077749825,High,Medium,High,True,0.5558114712656592
microwave oven convection,other,Dell microwave oven convection Model 190,41050.0,4.4,1230.0,Reliance Digital,Free Delivery,UNKNOWN,False,,Dell,5.486232850473781,High,High,High,True,0.13183922046285018
power bank fast charging,other,Philips power bank fast charging Model 319,38764.0,,416.0,Croma,5 Days,UNKNOWN,False,,Philips,,High,,Medium,False,
power bank fast charging,other,Samsung power bank fast charging Model 461,2621.0,4.9,112.0,Amazon,Free Delivery,UNKNOWN,False,,Samsung,4.830955127484936,High,High,Medium,True,0.20938573063716143
power bank fast charging,other,Boat power bank fast charging Model 133,4165.0,3.4,2655.0,Croma,5 Days,UNKNOWN,False,,Boat,5.19383060423853,High,Medium,High,True,2.16734693877551
office chair ergonomic,office equipments,Philips office chair ergonomic Model 510,48400.0,4.8,469.0,Reliance Digital,Free Delivery,UNKNOWN,False,,Philips,5.3410930778816414,High,High,Medium,True,0.04651239669421487
microwave oven convection,other,Sony microwave oven convection Model 340,999.0,4.3,4487.0,Reliance Digital,5 Days,UNKNOWN,False,,Sony,5.943664978881014,Medium,High,High,True,19.31341341341341
office chair ergonomic,office equipments,Nike office chair ergonomic Model 416 ,999.0,3.7,1943.0,Croma,Free Delivery,UNKNOWN,False,,Nike,5.249001194008154,Medium,Medium,High,True,7.196296296296297
air fryer india,other,Philips air fryer India Model 250,32487.0,4.5,2194.0,Reliance Digital,Free Delivery,UNKNOWN,False,,Philips,5.777574930203709,High,High,High,True,0.3039061778557577
men running shoes,fashion,LG men running shoes Model 220,13243.0,3.7,1513.0,Flipkart,Free Delivery,UNKNOWN,False,,LG,5.149004173598958,High,Medium,High,True,0.4227214377406932
microwave oven convection,other,Dell microwave oven convection Model 363,27413.0,3.1,1596.0,Flipkart,2 Days,UNKNOWN,False,,Dell,4.810352859286005,High,Medium,High,True,0.1804837121073943
power bank fast charging,other,HP power bank fast charging Model 389,18862.0,4.7,4825.0,Flipkart,5 Days,UNKNOWN,False,,HP,6.212709298473991,High,High,High,True,1.2022850174954935
air fryer india,other,Puma air fryer India Model 420,19293.0,3.5,721.0,Amazon,2 Days,UNKNOWN,False,,Puma,4.732810055557131,High,Medium,Medium,True,0.13079873529259317
air fryer india,other,Dell air fryer India Model 471,25906.0,2.8,2582.0,Reliance Digital,Free Delivery,UNKNOWN,False,,Dell,4.822682717238337,High,Medium,High,True,0.2790704856017911
men running shoes,fashion,Puma men running shoes Model 302,46676.0,3.0,1248.0,Flipkart,Free Delivery,UNKNOWN,False,,Puma,4.652039404050231,High,Medium,High,True,0.08021252892278687
air fryer india,other,Sony air fryer India Model 232,44203.0,4.7,2799.0,Croma,Free Delivery,UNKNOWN,False,,Sony,5.994949878465318,High,High,High,True,0.29761102187634325
air fryer india,other,Puma air fryer India Model 349,30268.0,4.2,3941.0,Croma,Free Delivery,UNKNOWN,False,,Puma,5.831777395085066,High,High,High,True,0.546854764107308
men running shoes,fashion,Boat men running shoes Model 401,146220.0,3.2,1261.0,Reliance Digital,5 Days,UNKNOWN,False,,Boat,4.776181217240463,High,Medium,High,True,0.027596771987416224
power bank fast charging,other,Nike power bank fast charging Model 369 ,44892.0,3.9,383.0,Amazon,2 Days,UNKNOWN,False,,Nike,4.72025702103509,High,Medium,Medium,True,0.033273188986901896
microwave oven convection,other,HP microwave oven convection Model 284,44322.0,4.3,2946.0,Croma,5 Days,UNKNOWN,False,,HP,5.775417193095078,High,High,High,True,0.28581291457966695
air fryer india,other,Boat air fryer India Model 908,41753.0,4.3,3905.0,Reliance Digital,Free Delivery,UNKNOWN,False,,Boat,5.888107644574649,High,High,High,True,0.40216271884654997
office chair ergonomic,office equipments,LG office chair ergonomic Model 572,23787.0,4.4,2192.0,Croma,Free Delivery,UNKNOWN,False,,LG,5.717210299367156,High,High,High,True,0.4054651700508682
men running shoes,fashion,Nike men running shoes Model 761,22667.0,4.7,1929.0,Flipkart,Free Delivery,UNKNOWN,False,,Nike,5.846110112759573,High,High,High,True,0.39997794150086036
office chair ergonomic,office equipments,LG office chair ergonomic Model 655,41827.0,4.1,,Flipkart,Free Delivery,UNKNOWN,False,,LG,,High,High,,True,
air fryer india,other,LG air fryer India Model 811,33630.0,4.0,1597.0,Reliance Digital,Free Delivery,UNKNOWN,False,,LG,5.350603250530488,High,Medium,High,True,0.18994944989592627
microwave oven convection,other,Puma microwave oven convection Model 556,192440.0,4.3,4490.0,Croma,2 Days,UNKNOWN,False,,Puma,5.943932269235095,High,High,High,True,0.10032737476616088
air fryer india,other,LG air fryer India Model 528,48545.0,4.5,309.0,Flipkart,5 Days,UNKNOWN,False,,LG,4.994628918991676,High,High,Medium,True,0.028643526624781132
microwave oven convection,other,LG microwave oven convection Model 606,30148.0,2.7,4899.0,Croma,5 Days,UNKNOWN,False,,LG,5.018796193639488,High,Medium,High,True,0.4387455220910177
power bank fast charging,other,Dell power bank fast charging Model 949,26802.0,2.9,3666.0,Flipkart,Free Delivery,UNKNOWN,False,,Dell,5.02285166722853,High,Medium,High,True,0.3966644280277591
power bank fast charging,other,HP power bank fast charging Model 389,999.0,,1152.0,Croma,5 Days,UNKNOWN,False,,HP,,Medium,,High,False,
power bank fast charging,other,Sony power bank fast charging Model 531,32369.0,2.6,2525.0,Flipkart,Free Delivery,UNKNOWN,False,,Sony,4.693756921164175,High,Medium,High,True,0.20281751058111155
office chair ergonomic,office equipments,Nike office chair ergonomic Model 985,46962.0,3.6,526.0,Croma,2 Days,UNKNOWN,False,,Nike,4.666880219416545,High,Medium,Medium,True,0.0403219624377156
power bank fast charging,other,HP power bank fast charging Model 469,23432.0,3.3,,Croma,2 Days,UNKNOWN,False,,HP,,High,Medium,,True,
power bank fast charging,other,Samsung power bank fast charging Model 954,16114.0,3.1,3197.0,Reliance Digital,2 Days,UNKNOWN,False,,Samsung,5.088112357357559,High,Medium,High,True,0.615036614124364
power bank fast charging,other,Puma power bank fast charging Model 144,36520.0,3.1,3011.0,Reliance Digital,5 Days,UNKNOWN,False,,Puma,5.064143835567913,High,Medium,High,True,0.25558871851040527
office chair ergonomic,office equipments,Nike office chair ergonomic Model 799,48982.0,3.3,3233.0,Amazon,Free Delivery,UNKNOWN,False,,Nike,5.212590016054821,High,Medium,High,True,0.21781266587726103
power bank fast charging,other,Samsung power bank fast charging Model 447 ,14024.0,4.0,3085.0,Reliance Digital,Free Delivery,UNKNOWN,False,,Samsung,5.613852413169242,High,Medium,High,True,0.8799201369081574
air fryer india,other,LG air fryer India Model 152,28647.0,3.9,3757.0,Flipkart,5 Days,UNKNOWN,False,,LG,5.632656871989365,High,Medium,High,True,0.5114776416378678
office chair ergonomic,office equipments,Nike office chair ergonomic Model 321,17858.0,3.7,666.0,Flipkart,5 Days,UNKNOWN,False,,Nike,4.82111601836625,High,Medium,Medium,True,0.1379885765483257
air fryer india,other,Nike air fryer India Model 609,34421.0,2.8,660.0,Amazon,Free Delivery,UNKNOWN,False,,Nike,4.277501535940674,High,Medium,Medium,True,0.05368815548647627
power bank fast charging,other,Boat power bank fast charging Model 295,17152.0,3.9,1879.0,Flipkart,Free Delivery,UNKNOWN,False,,Boat,5.355610822329599,High,Medium,High,True,0.4272446361940298
power bank fast charging,other,Samsung power bank fast charging Model 308 ,780.0,2.9,2239.0,Croma,2 Days,UNKNOWN,False,,Samsung,4.825692457939635,Medium,Medium,High,True,8.324487179487178
men running shoes,fashion,Puma men running shoes Model 846,1264.0,4.2,1855.0,Croma,5 Days,UNKNOWN,False,,Puma,5.530471565338459,Medium,High,High,True,6.16376582278481
air fryer india,other,Dell air fryer India Model 255,26154.0,3.4,1644.0,Flipkart,Free Delivery,UNKNOWN,False,,Dell,5.002198265279789,High,Medium,High,True,0.2137187428309245
power bank fast charging,other,Sony power bank fast charging Model 220,35128.0,4.3,1617.0,Amazon,5 Days,UNKNOWN,False,,Sony,5.535578439047375,High,High,High,True,0.1979361193350034
microwave oven convection,other,HP microwave oven convection Model 161,34850.0,4.7,1498.0,Amazon,5 Days,UNKNOWN,False,,HP,5.74502139924104,High,High,High,True,0.20202582496413202
power bank fast charging,other,Puma power bank fast charging Model 131,8933.0,3.8,143.0,Amazon,2 Days,UNKNOWN,False,,Puma,4.2679253198304,High,Medium,Medium,True,0.060830628008507776
office chair ergonomic,office equipments,Puma office chair ergonomic Model 677 ,20577.0,3.6,3338.0,Croma,5 Days,UNKNOWN,False,,Puma,5.405370655977462,High,Medium,High,True,0.58399183554454
power bank fast charging,other,LG power bank fast charging Model 664 ,34516.0,4.0,2812.0,Amazon,Free Delivery,UNKNOWN,False,,LG,5.576802723395943,High,Medium,High,True,0.325877853748986
microwave oven convection,other,Puma microwave oven convection Model 871,11766.0,4.5,4784.0,Reliance Digital,5 Days,UNKNOWN,False,,Puma,6.089296521554822,High,High,High,True,1.8296787353391126
power bank fast charging,other,Philips power bank fast charging Model 956,22658.0,4.3,4250.0,Amazon,2 Days,UNKNOWN,False,,Philips,5.921963811343517,High,High,High,True,0.8065583899726366
air fryer india,other,Puma air fryer India Model 328 ,22632.0,4.8,2008.0,Amazon,Free Delivery,UNKNOWN,False,,Puma,5.922156945925974,High,High,High,True,0.4258748674443266
microwave oven convection,other,Boat microwave oven convection Model 117,12123.0,4.6,4412.0,Flipkart,5 Days,UNKNOWN,False,,Boat,6.116924003707819,High,High,High,True,1.6741070692072917
power bank fast charging,other,HP power bank fast charging Model 832,30429.0,4.4,4501.0,Flipkart,Free Delivery,UNKNOWN,False,,HP,6.004910808586671,High,High,High,True,0.6508396595353118
power bank fast charging,other,Sony power bank fast charging Model 552,1240.0,4.0,1072.0,Flipkart,Free Delivery,UNKNOWN,False,,Sony,5.191285497052279,Medium,Medium,High,True,3.458064516129032
men running shoes,fashion,Nike men running shoes Model 523,19303.0,4.7,3172.0,Amazon,2 Days,UNKNOWN,False,,Nike,6.044973116633278,High,High,High,True,0.7723359063358028
office chair ergonomic,office equipments,Sony office chair ergonomic Model 587 ,2295.0,,4417.0,Croma,5 Days,UNKNOWN,False,,Sony,,High,,High,False,
microwave oven convection,other,Nike microwave oven convection Model 158,325160.0,3.5,4292.0,Croma,5 Days,UNKNOWN,False,,Nike,5.445896427289824,High,Medium,High,True,0.046198794439660476
office chair ergonomic,office equipments,Puma office chair ergonomic Model 360,24626.0,2.8,3256.0,Croma,Free Delivery,UNKNOWN,False,,Puma,4.915424722110494,High,Medium,High,True,0.3702103467879477
power bank fast charging,other,Dell power bank fast charging Model 204,49421.0,2.6,1928.0,Flipkart,Free Delivery,UNKNOWN,False,,Dell,4.585902805162291,High,Medium,High,True,0.10143056595374436
air fryer india,other,Nike air fryer India Model 534 ,17928.0,3.4,3731.0,Reliance Digital,2 Days,UNKNOWN,False,,Nike,5.329879824786894,High,Medium,High,True,0.7075747434181169
men running shoes,fashion,LG men running shoes Model 145,30111.0,3.1,702.0,Reliance Digital,Free Delivery,UNKNOWN,False,,LG,4.482142756724266,High,Medium,Medium,True,0.07227259141177643
air fryer india,other,Philips air fryer India Model 360,17016.0,3.5,2921.0,Reliance Digital,Free Delivery,UNKNOWN,False,,Philips,5.292009436924259,High,Medium,High,True,0.600816878232252
power bank fast charging,other,HP power bank fast charging Model 824,3841.0,3.8,1977.0,Amazon,5 Days,UNKNOWN,False,,HP,5.3159366048730625,High,Medium,High,True,1.9558969018484769
microwave oven convection,other,Samsung microwave oven convection Model 836,17755.0,3.3,903.0,Reliance Digital,Free Delivery,UNKNOWN,False,,Samsung,4.70273174415687,High,Medium,Medium,True,0.1678344128414531
power bank fast charging,other,Samsung power bank fast charging Model 858,4182.0,4.4,2560.0,Amazon,Free Delivery,UNKNOWN,False,,Samsung,5.779261234479811,High,High,High,True,2.6934481109516977
power bank fast charging,other,LG power bank fast charging Model 466,49248.0,,1875.0,Amazon,5 Days,UNKNOWN,False,,LG,,High,,High,False,
men running shoes,fashion,Nike men running shoes Model 143,44839.0,2.6,3003.0,Flipkart,Free Delivery,UNKNOWN,False,,Nike,4.763080005153611,High,Medium,High,True,0.17412966390865095
office chair ergonomic,office equipments,Boat office chair ergonomic Model 149,17627.0,3.6,2289.0,Amazon,2 Days,UNKNOWN,False,,Boat,5.254522838619314,High,Medium,High,True,0.4674873773188858
office chair ergonomic,office equipments,Puma office chair ergonomic Model 996 ,66760.0,3.1,2181.0,Reliance Digital,5 Days,UNKNOWN,False,,Puma,4.935198866557206,High,Medium,High,True,0.10127471539844218
office chair ergonomic,office equipments,Philips office chair ergonomic Model 390,999.0,,2563.0,Reliance Digital,5 Days,UNKNOWN,False,,Philips,,Medium,,High,False,
power bank fast charging,other,LG power bank fast charging Model 549,32260.0,4.7,1850.0,Reliance Digital,5 Days,UNKNOWN,False,,LG,5.829392525029399,High,High,High,True,0.2695288282703038
office chair ergonomic,office equipments,Sony office chair ergonomic Model 269 ,35424.0,3.8,886.0,Amazon,5 Days,UNKNOWN,False,,Sony,4.995137992923832,High,Medium,Medium,True,0.09504290876242096
air fryer india,other,Philips air fryer India Model 729,21132.0,2.7,4262.0,Croma,Free Delivery,UNKNOWN,False,,Philips,4.9630913667060845,High,Medium,High,True,0.5445485519591142
men running shoes,fashion,Philips men running shoes Model 417 ,12377.0,4.1,1839.0,Flipkart,5 Days,UNKNOWN,False,,Philips,5.467008340241212,High,High,High,True,0.6091863941181223
power bank fast charging,other,Nike power bank fast charging Model 843,21420.0,4.5,465.0,Flipkart,Free Delivery,UNKNOWN,False,,Nike,5.157674253650258,High,High,Medium,True,0.0976890756302521
office chair ergonomic,office equipments,Nike office chair ergonomic Model 207,18384.0,3.9,3798.0,Flipkart,2 Days,UNKNOWN,False,,Nike,5.6369972612750505,High,Medium,High,True,0.8057114882506526
microwave oven convection,other,HP microwave oven convection Model 936,39408.0,4.2,3196.0,Croma,5 Days,UNKNOWN,False,,HP,5.747987259623937,High,High,High,True,0.3406211936662607
office chair ergonomic,office equipments,LG office chair ergonomic Model 518 ,37579.0,3.0,2735.0,Amazon,2 Days,UNKNOWN,False,,LG,4.965700911496977,High,Medium,High,True,0.21834003033609198
men running shoes,fashion,Boat men running shoes Model 196,6965.0,4.7,281.0,Amazon,Free Delivery,UNKNOWN,False,,Boat,5.076762828375245,High,High,Medium,True,0.18961952620244077
power bank fast charging,other,LG power bank fast charging Model 926,5841.0,3.5,1593.0,Croma,5 Days,UNKNOWN,False,,LG,5.049600743740065,High,Medium,High,True,0.9545454545454546
power bank fast charging,other,Samsung power bank fast charging Model 204,35892.0,4.0,4811.0,Amazon,2 Days,UNKNOWN,False,,Samsung,5.791547230837828,High,Medium,High,True,0.5361640476986516
men running shoes,fashion,Boat men running shoes Model 488,34899.0,4.3,2120.0,Amazon,5 Days,UNKNOWN,False,,Boat,5.643857181825872,High,High,High,True,0.26121092294908166
air fryer india,other,Philips air fryer India Model 777,24223.0,2.9,2765.0,Reliance Digital,5 Days,UNKNOWN,False,,Philips,4.9100630048898815,High,Medium,High,True,0.33102836147463155
air fryer india,other,LG air fryer India Model 328,999.0,3.9,2799.0,Reliance Digital,5 Days,UNKNOWN,False,,LG,5.514949878465318,Medium,Medium,High,True,10.927027027027027
microwave oven convection,other,LG microwave oven convection Model 465,35692.0,3.1,560.0,Flipkart,2 Days,UNKNOWN,False,,LG,4.3918883622090785,High,Medium,Medium,True,0.048638350330606296
men running shoes,fashion,Philips men running shoes Model 921,6136.0,,3343.0,Croma,Free Delivery,UNKNOWN,False,,Philips,,High,,High,False,
men running shoes,fashion,Sony men running shoes Model 459,42264.0,3.5,3067.0,Flipkart,2 Days,UNKNOWN,False,,Sony,5.311512464994859,High,Medium,High,True,0.25398684459587356
office chair ergonomic,office equipments,Puma office chair ergonomic Model 906,23890.0,,2464.0,Reliance Digital,2 Days,UNKNOWN,False,,Puma,,High,,High,False,
power bank fast charging,other,Puma power bank fast charging Model 949,87970.0,4.8,1988.0,Amazon,Free Delivery,UNKNOWN,False,,Puma,5.918154911541589,High,High,High,True,0.10847334318517676
men running shoes,fashion,HP men running shoes Model 911,9329.0,4.5,418.0,Amazon,5 Days,UNKNOWN,False,,HP,5.115148367968855,High,High,Medium,True,0.20162932790224034
air fryer india,other,HP air fryer India Model 837,20648.0,,866.0,Reliance Digital,5 Days,UNKNOWN,False,,HP,,High,,Medium,False,
power bank fast charging,other,LG power bank fast charging Model 340 ,40436.0,,4359.0,Reliance Digital,2 Days,UNKNOWN,False,,LG,,High,,High,False,
microwave oven convection,other,Nike microwave oven convection Model 856,27091.0,4.1,277.0,Croma,5 Days,UNKNOWN,False,,Nike,4.711048445476255,High,High,Medium,True,0.041921671403787227
men running shoes,fashion,Boat men running shoes Model 803,20987.0,4.5,3826.0,Flipkart,2 Days,UNKNOWN,False,,Boat,5.999934594170281,High,High,High,True,0.8203649878496212
office chair ergonomic,office equipments,Nike office chair ergonomic Model 698,18380.0,3.1,1698.0,Reliance Digital,Free Delivery,UNKNOWN,False,,Nike,4.8351180486687735,High,Medium,High,True,0.2863873775843308
office chair ergonomic,office equipments,Dell office chair ergonomic Model 875,32126.0,3.2,3250.0,Reliance Digital,5 Days,UNKNOWN,False,,Dell,5.154687168121562,High,Medium,High,True,0.32372533150719046
air fryer india,other,Philips air fryer India Model 596,21238.0,4.8,2607.0,Flipkart,Free Delivery,UNKNOWN,False,,Philips,6.026535569218618,High,High,High,True,0.5892080233543648
office chair ergonomic,office equipments,HP office chair ergonomic Model 303,1279.0,4.9,4932.0,Amazon,2 Days,UNKNOWN,False,,HP,6.341481040493496,Medium,High,High,True,18.895074276778736
office chair ergonomic,office equipments,Philips office chair ergonomic Model 477 ,10866.0,,4350.0,Croma,5 Days,UNKNOWN,False,,Philips,,High,,High,False,
power bank fast charging,other,Philips power bank fast charging Model 642,28225.0,4.6,2579.0,Reliance Digital,2 Days,UNKNOWN,False,,Philips,5.902217871166265,High,High,High,True,0.42031532329495125
air fryer india,other,Nike air fryer India Model 718,29744.0,4.3,767.0,Croma,5 Days,UNKNOWN,False,,Nike,5.237515893259069,High,High,Medium,True,0.11088286713286713
men running shoes,fashion,Puma men running shoes Model 786,46190.0,4.4,4850.0,Reliance Digital,2 Days,UNKNOWN,False,,Puma,6.034776059298087,High,High,High,True,0.46200476293570036
power bank fast charging,other,Puma power bank fast charging Model 482,45981.0,4.7,4614.0,Croma,Free Delivery,UNKNOWN,False,,Puma,6.194826858774781,High,High,High,True,0.4716252365107327
air fryer india,other,Philips air fryer India Model 969,34115.0,3.7,2589.0,Reliance Digital,2 Days,UNKNOWN,False,,Philips,5.363765261877434,High,Medium,High,True,0.2807943719771362
men running shoes,fashion,Puma men running shoes Model 582,28024.0,,80.0,Flipkart,Free Delivery,UNKNOWN,False,,Puma,,High,,Low,False,
men running shoes,fashion,Puma men running shoes Model 698,10209.0,4.2,1801.0,Reliance Digital,5 Days,UNKNOWN,False,,Puma,5.518660975267313,High,High,High,True,0.7409344695856598
air fryer india,other,Samsung air fryer India Model 828,46174.0,3.8,996.0,Flipkart,2 Days,UNKNOWN,False,,Samsung,5.041900307984735,High,Medium,Medium,True,0.08196820721618227
power bank fast charging,other,Boat power bank fast charging Model 839,14552.0,3.0,3900.0,Amazon,Free Delivery,UNKNOWN,False,,Boat,5.107595283802662,High,Medium,High,True,0.8040131940626718
power bank fast charging,other,Boat power bank fast charging Model 674,37226.0,4.0,240.0,Amazon,Free Delivery,UNKNOWN,False,,Boat,4.593918773396262,High,Medium,Medium,True,0.02578842744318487
microwave oven convection,other,Dell microwave oven convection Model 467,2674.0,4.7,1877.0,Amazon,2 Days,UNKNOWN,False,,Dell,5.835185063907284,High,High,High,True,3.2991398653702317
office chair ergonomic,office equipments,LG office chair ergonomic Model 721,29876.0,4.9,2562.0,Croma,Free Delivery,UNKNOWN,False,,LG,6.079573490545629,High,High,High,True,0.4201968134957826
office chair ergonomic,office equipments,HP office chair ergonomic Model 674,25437.0,3.0,2042.0,Croma,2 Days,UNKNOWN,False,,HP,4.848869837927049,High,Medium,High,True,0.24083028659039982
microwave oven convection,other,Samsung microwave oven convection Model 355,19714.0,2.5,658.0,Amazon,Free Delivery,UNKNOWN,False,,Samsung,4.096289413801003,High,Medium,Medium,True,0.08344323830780156
men running shoes,fashion,HP men running shoes Model 182,47672.0,3.9,,Reliance Digital,2 Days,UNKNOWN,False,,HP,,High,Medium,,True,
men running shoes,fashion,HP men running shoes Model 331,29643.0,4.6,359.0,Reliance Digital,2 Days,UNKNOWN,False,,HP,5.1144416125800625,High,High,Medium,True,0.05570961103801909
office chair ergonomic,office equipments,Boat office chair ergonomic Model 293 ,14351.0,3.9,1098.0,Flipkart,5 Days,UNKNOWN,False,,Boat,5.1408623817614485,High,Medium,High,True,0.29839035607274755
air fryer india,other,Nike air fryer India Model 642,6086.0,,4274.0,Flipkart,5 Days,UNKNOWN,False,,Nike,,High,,High,False,
air fryer india,other,HP air fryer India Model 311,43097.0,3.6,1168.0,Reliance Digital,2 Days,UNKNOWN,False,,HP,4.985561584588828,High,Medium,High,True,0.0975659558669977
office chair ergonomic,office equipments,HP office chair ergonomic Model 929,48052.0,3.8,37.0,Croma,2 Days,UNKNOWN,False,,HP,3.735034463890554,High,Medium,Low,True,0.0029259968367601765
office chair ergonomic,office equipments,Nike office chair ergonomic Model 400 ,14284.0,4.7,1381.0,Croma,Free Delivery,UNKNOWN,False,,Nike,5.7125148017310465,High,High,High,True,0.4544035284234108
men running shoes,fashion,Nike men running shoes Model 617,17198.0,3.8,3865.0,Croma,5 Days,UNKNOWN,False,,Nike,5.58399026390731,High,Medium,High,True,0.8539946505407605
power bank fast charging,other,HP power bank fast charging Model 745,30753.0,4.6,884.0,Reliance Digital,2 Days,UNKNOWN,False,,HP,5.474235058003172,High,High,Medium,True,0.13222775013819787
microwave oven convection,other,LG microwave oven convection Model 103,45883.0,4.5,1488.0,Flipkart,2 Days,UNKNOWN,False,,LG,5.6223440130736035,High,High,High,True,0.14593640346097683
microwave oven convection,other,Nike microwave oven convection Model 484,35539.0,,461.0,Reliance Digital,Free Delivery,UNKNOWN,False,,Nike,,High,,Medium,False,
microwave oven convection,other,Nike microwave oven convection Model 744,14102.0,3.3,355.0,Reliance Digital,Free Delivery,UNKNOWN,False,,Nike,4.329972292340812,High,Medium,Medium,True,0.08307332293291732
power bank fast charging,other,HP power bank fast charging Model 251,29650.0,4.0,2211.0,Amazon,5 Days,UNKNOWN,False,,HP,5.48066094505689,High,Medium,High,True,0.29827993254637436
men running shoes,fashion,Nike men running shoes Model 881,999.0,4.3,3162.0,Amazon,Free Delivery,UNKNOWN,False,,Nike,5.80371048932226,Medium,High,High,True,13.610210210210209
men running shoes,fashion,Philips men running shoes Model 830,37227.0,3.2,2415.0,Flipkart,Free Delivery,UNKNOWN,False,,Philips,5.035947423621883,High,Medium,High,True,0.20759126440486744
men running shoes,fashion,Sony men running shoes Model 146,15396.0,4.5,1884.0,Flipkart,5 Days,UNKNOWN,False,,Sony,5.716673239952844,High,High,High,True,0.5506625097427903
power bank fast charging,other,Puma power bank fast charging Model 127,10720.0,4.3,629.0,Reliance Digital,Free Delivery,UNKNOWN,False,,Puma,5.158287927754231,High,High,Medium,True,0.2523041044776119
men running shoes,fashion,Samsung men running shoes Model 413,14199.0,3.9,4628.0,Reliance Digital,Free Delivery,UNKNOWN,False,,Samsung,5.716038456412509,High,Medium,High,True,1.2711599408409044
air fryer india,other,Samsung air fryer India Model 611,3868.0,2.7,4042.0,Croma,2 Days,UNKNOWN,False,,Samsung,4.941896907856309,High,Medium,High,True,2.821458117890383
power bank fast charging,other,LG power bank fast charging Model 130,49897.0,3.0,2424.0,Reliance Digital,5 Days,UNKNOWN,False,,LG,4.917434721348633,High,Medium,High,True,0.14574022486321822
office chair ergonomic,office equipments,Boat office chair ergonomic Model 306,33632.0,3.7,803.0,Reliance Digital,2 Days,UNKNOWN,False,,Boat,4.895839707671588,High,Medium,Medium,True,0.08834146051379639
microwave oven convection,other,Boat microwave oven convection Model 962,13198.0,4.3,3270.0,Amazon,2 Days,UNKNOWN,False,,Boat,5.8171404110153535,High,High,High,True,1.0653886952568572
microwave oven convection,other,Puma microwave oven convection Model 409,19446.0,,2308.0,Croma,2 Days,UNKNOWN,False,,Puma,,High,,High,False,
air fryer india,other,HP air fryer India Model 794,27642.0,4.9,22.0,Reliance Digital,5 Days,UNKNOWN,False,,HP,4.19419768637166,High,High,Low,True,0.0038998625280370455
power bank fast charging,other,Boat power bank fast charging Model 410,7209.0,3.8,4713.0,Flipkart,Free Delivery,UNKNOWN,False,,Boat,5.66331683339843,High,Medium,High,True,2.484311277569704
microwave oven convection,other,Boat microwave oven convection Model 217,4482.0,3.2,779.0,Croma,2 Days,UNKNOWN,False,,Boat,4.583717567873455,High,Medium,Medium,True,0.5561802766622044
power bank fast charging,other,LG power bank fast charging Model 610,32170.0,3.4,852.0,Reliance Digital,Free Delivery,UNKNOWN,False,,LG,4.739503818996672,High,Medium,Medium,True,0.09004662729250854
power bank fast charging,other,Samsung power bank fast charging Model 384 ,11076.0,4.4,2498.0,Amazon,Free Delivery,UNKNOWN,False,,Samsung,5.769458372333981,High,High,High,True,0.9923438064283135
air fryer india,other,Puma air fryer India Model 890,22607.0,3.3,2977.0,Reliance Digital,2 Days,UNKNOWN,False,,Puma,5.179602885297582,High,Medium,High,True,0.43456009200690054
microwave oven convection,other,HP microwave oven convection Model 255,150250.0,4.8,644.0,Reliance Digital,Free Delivery,UNKNOWN,False,,HP,5.467700126718309,High,High,Medium,True,0.020573710482529116
men running shoes,fashion,Nike men running shoes Model 445,6514.0,3.1,3970.0,Amazon,Free Delivery,UNKNOWN,False,,Nike,5.1747092924525,High,Medium,High,True,1.8893153208474056
power bank fast charging,other,Puma power bank fast charging Model 391 ,21690.0,3.2,3331.0,Flipkart,2 Days,UNKNOWN,False,,Puma,5.164531201314693,High,Medium,High,True,0.4914338404794837
office chair ergonomic,office equipments,LG office chair ergonomic Model 994,13287.0,4.6,414.0,Croma,Free Delivery,UNKNOWN,False,,LG,5.171311408092279,High,High,Medium,True,0.1433280650259652
microwave oven convection,other,Sony microwave oven convection Model 718,999.0,4.0,1163.0,Croma,5 Days,UNKNOWN,False,,Sony,5.223847051316554,Medium,Medium,High,True,4.656656656656657
men running shoes,fashion,HP men running shoes Model 483 ,498050.0,3.3,4703.0,Amazon,2 Days,UNKNOWN,False,,HP,5.362467395831385,High,Medium,High,True,0.031161329183816887
men running shoes,fashion,Boat men running shoes Model 963,1439.0,3.7,2268.0,Reliance Digital,Free Delivery,UNKNOWN,False,,Boat,5.3108377939119364,Medium,Medium,High,True,5.831549687282836
air fryer india,other,Sony air fryer India Model 556,4039.0,3.1,2150.0,Amazon,5 Days,UNKNOWN,False,,Sony,4.9294752517070926,High,Medium,High,True,1.650160930923496
microwave oven convection,other,Nike microwave oven convection Model 557,26380.0,4.7,3235.0,Flipkart,Free Delivery,UNKNOWN,False,,Nike,6.052837311271353,High,High,High,True,0.5763646702047005
microwave oven convection,other,HP microwave oven convection Model 907,38823.0,3.2,214.0,Croma,2 Days,UNKNOWN,False,,HP,4.068255211251065,High,Medium,Medium,True,0.017639028410993483
air fryer india,other,Nike air fryer India Model 938,6967.0,2.7,2732.0,Reliance Digital,5 Days,UNKNOWN,False,,Nike,4.785262074371228,High,Medium,High,True,1.0587627386249463
office chair ergonomic,office equipments,LG office chair ergonomic Model 506,41093.0,3.2,3648.0,Flipkart,5 Days,UNKNOWN,False,,LG,5.2008833745745795,High,Medium,High,True,0.28407758012313533
men running shoes,fashion,Nike men running shoes Model 469 ,8496.0,4.5,969.0,Croma,2 Days,UNKNOWN,False,,Nike,5.450918428598971,High,High,Medium,True,0.5132415254237288
air fryer india,other,HP air fryer India Model 735,6304.0,3.9,3336.0,Amazon,5 Days,UNKNOWN,False,,HP,5.58513099150055,High,Medium,High,True,2.0638324873096447
men running shoes,fashion,Samsung men running shoes Model 267,27684.0,4.4,2165.0,Flipkart,5 Days,UNKNOWN,False,,Samsung,5.712254971024375,High,High,High,True,0.3440976737465684
men running shoes,fashion,LG men running shoes Model 927,10893.0,,3220.0,Flipkart,Free Delivery,UNKNOWN,False,,LG,,High,,High,False,
air fryer india,other,Boat air fryer India Model 822,317150.0,,912.0,Reliance Digital,2 Days,UNKNOWN,False,,Boat,,High,,Medium,False,
power bank fast charging,other,Boat power bank fast charging Model 237 ,40605.0,4.1,4794.0,Reliance Digital,Free Delivery,UNKNOWN,False,,Boat,5.850131594927015,High,High,High,True,0.48406353897303284
men running shoes,fashion,Samsung men running shoes Model 400,49074.0,3.4,3514.0,Reliance Digital,2 Days,UNKNOWN,False,,Samsung,5.305917921697906,High,Medium,High,True,0.24346089579003138
air fryer india,other,Sony air fryer India Model 728,40235.0,4.9,1832.0,Croma,Free Delivery,UNKNOWN,False,,Sony,5.945483699135882,High,High,High,True,0.22310923325462909
office chair ergonomic,office equipments,Boat office chair ergonomic Model 324,455330.0,4.1,3258.0,Amazon,Free Delivery,UNKNOWN,False,,Boat,5.695670271535024,High,High,High,True,0.02933652515757802
microwave oven convection,other,Puma microwave oven convection Model 672,32574.0,,4159.0,Reliance Digital,2 Days,UNKNOWN,False,,Puma,,High,,High,False,
office chair ergonomic,office equipments,LG office chair ergonomic Model 906,47981.0,,4032.0,Flipkart,5 Days,UNKNOWN,False,,LG,,High,,High,False,
air fryer india,other,Nike air fryer India Model 478 ,18795.0,4.7,4940.0,Reliance Digital,Free Delivery,UNKNOWN,False,,Nike,6.2221292075383,High,High,High,True,1.2353285448257516
office chair ergonomic,office equipments,Puma office chair ergonomic Model 268,19653.0,,2571.0,Amazon,5 Days,UNKNOWN,False,,Puma,,High,,High,False,
microwave oven convection,other,Philips microwave oven convection Model 749,12002.0,4.2,1195.0,Flipkart,2 Days,UNKNOWN,False,,Philips,5.354695173804231,High,High,High,True,0.4181803032827862
microwave oven convection,other,Puma microwave oven convection Model 481,35873.0,3.1,4742.0,Amazon,5 Days,UNKNOWN,False,,Puma,5.245770050351033,High,Medium,High,True,0.4097845176037689
power bank fast charging,other,LG power bank fast charging Model 622,13442.0,4.9,2243.0,Amazon,5 Days,UNKNOWN,False,,LG,6.026406106657035,High,High,High,True,0.817638744234489
microwave oven convection,other,LG microwave oven convection Model 140,48117.0,2.7,1141.0,Flipkart,5 Days,UNKNOWN,False,,LG,4.436214556086383,High,Medium,High,True,0.06402518860278072
air fryer india,other,Philips air fryer India Model 646,11773.0,4.6,2746.0,Croma,Free Delivery,UNKNOWN,False,,Philips,5.92730587443811,High,High,High,True,1.0729295846428266
office chair ergonomic,office equipments,Puma office chair ergonomic Model 799,7517.0,3.7,2856.0,Croma,2 Days,UNKNOWN,False,,Puma,5.40301096089231,High,Medium,High,True,1.4057735798855928
power bank fast charging,other,Sony power bank fast charging Model 905,21605.0,3.2,4282.0,Flipkart,5 Days,UNKNOWN,False,,Sony,5.264963591046149,High,Medium,High,True,0.6342235593612591
men running shoes,fashion,LG men running shoes Model 336,10645.0,2.6,1588.0,Amazon,2 Days,UNKNOWN,False,,LG,4.508344066614686,High,Medium,High,True,0.3878628464067638
office chair ergonomic,office equipments,Sony office chair ergonomic Model 805,33876.0,4.2,4729.0,Flipkart,2 Days,UNKNOWN,False,,Sony,5.904672192594392,High,High,High,True,0.5863088912504427
microwave oven convection,other,LG microwave oven convection Model 265,36060.0,2.7,1104.0,Amazon,Free Delivery,UNKNOWN,False,,LG,4.423040245580742,High,Medium,High,True,0.0826622296173045
men running shoes,fashion,Boat men running shoes Model 103,11594.0,3.9,3659.0,Amazon,5 Days,UNKNOWN,False,,Boat,5.622087370558164,High,Medium,High,True,1.2308176643091255
microwave oven convection,other,LG microwave oven convection Model 421,1377.0,5.0,1203.0,Reliance Digital,Free Delivery,UNKNOWN,False,,LG,5.837361850347507,Medium,High,High,True,4.368191721132898
power bank fast charging,other,Sony power bank fast charging Model 720,8143.0,5.0,1895.0,Amazon,2 Days,UNKNOWN,False,,Sony,6.019000673125987,High,High,High,True,1.1635760776126736
power bank fast charging,other,HP power bank fast charging Model 730,8200.0,2.7,633.0,Flipkart,5 Days,UNKNOWN,False,,HP,4.200819581774891,High,Medium,Medium,True,0.2084268292682927
microwave oven convection,other,Boat microwave oven convection Model 912 ,14301.0,3.4,3397.0,Croma,5 Days,UNKNOWN,False,,Boat,5.292376920892751,High,Medium,High,True,0.8076218446262499
air fryer india,other,Philips air fryer India Model 480,48641.0,3.4,436.0,Flipkart,Free Delivery,UNKNOWN,False,,Philips,4.471973278038236,High,Medium,Medium,True,0.030476347114574122
office chair ergonomic,office equipments,Samsung office chair ergonomic Model 401,17691.0,4.1,4739.0,Flipkart,2 Days,UNKNOWN,False,,Samsung,5.845516965875648,High,High,High,True,1.098292917302583
air fryer india,other,HP air fryer India Model 467 ,24241.0,3.6,2577.0,Croma,5 Days,UNKNOWN,False,,HP,5.301907673399653,High,Medium,High,True,0.3827069840353121
microwave oven convection,other,Philips microwave oven convection Model 811,40899.0,3.1,4061.0,Croma,5 Days,UNKNOWN,False,,Philips,5.183772296856132,High,Medium,High,True,0.30780948189442287
office chair ergonomic,office equipments,HP office chair ergonomic Model 686,40569.0,4.9,2457.0,Amazon,2 Days,UNKNOWN,False,,HP,6.062841316050392,High,High,High,True,0.2967610737262442
men running shoes,fashion,Samsung men running shoes Model 708,44224.0,,4643.0,Reliance Digital,Free Delivery,UNKNOWN,False,,Samsung,,High,,High,False,
microwave oven convection,other,Dell microwave oven convection Model 732,22414.0,4.5,4065.0,Flipkart,2 Days,UNKNOWN,False,,Dell,6.024165997675317,High,High,High,True,0.8161193896671723
air fryer india,other,Philips air fryer India Model 717,21851.0,4.4,1283.0,Reliance Digital,2 Days,UNKNOWN,False,,Philips,5.5030941936999636,High,High,High,True,0.258349732277699
air fryer india,other,Philips air fryer India Model 486,32783.0,3.0,3444.0,Reliance Digital,Free Delivery,UNKNOWN,False,,Philips,5.057871673379103,High,Medium,High,True,0.3151633468566025
men running shoes,fashion,Samsung men running shoes Model 420,25585.0,4.4,382.0,Reliance Digital,Free Delivery,UNKNOWN,False,,Samsung,5.019213995672258,High,High,Medium,True,0.06569474301348448
men running shoes,fashion,HP men running shoes Model 244,27366.0,4.7,171.0,Amazon,5 Days,UNKNOWN,False,,HP,4.878997790725381,High,High,Medium,True,0.029368559526419646
office chair ergonomic,office equipments,Sony office chair ergonomic Model 515,28389.0,4.6,685.0,Croma,Free Delivery,UNKNOWN,False,,Sony,5.372351051090353,High,High,Medium,True,0.11099369474092076
office chair ergonomic,office equipments,Philips office chair ergonomic Model 257,17699.0,2.6,1407.0,Flipkart,Free Delivery,UNKNOWN,False,,Philips,4.459970214687195,High,Medium,High,True,0.20668964348268265
microwave oven convection,other,Dell microwave oven convection Model 900,36248.0,2.9,3267.0,Flipkart,Free Delivery,UNKNOWN,False,,Dell,4.976773382391958,High,Medium,High,True,0.26137442065769145
men running shoes,fashion,Dell men running shoes Model 531,7064.0,4.9,2725.0,Reliance Digital,2 Days,UNKNOWN,False,,Dell,6.104236244902591,High,High,High,True,1.8902180067950172
men running shoes,fashion,HP men running shoes Model 526,45586.0,3.7,483.0,Reliance Digital,2 Days,UNKNOWN,False,,HP,4.692833962686653,High,Medium,Medium,True,0.03920282542885974
men running shoes,fashion,Nike men running shoes Model 884,999.0,4.0,1629.0,Flipkart,2 Days,UNKNOWN,False,,Nike,5.358534117520323,Medium,Medium,High,True,6.5225225225225225
men running shoes,fashion,Sony men running shoes Model 823,999.0,,3112.0,Flipkart,Free Delivery,UNKNOWN,False,,Sony,,Medium,,High,False,
men running shoes,fashion,Puma men running shoes Model 666,23630.0,3.4,982.0,Flipkart,5 Days,UNKNOWN,False,,Puma,4.796243648058867,High,Medium,Medium,True,0.14129496402877698
air fryer india,other,Sony air fryer India Model 991,7436.0,4.9,1081.0,Flipkart,Free Delivery,UNKNOWN,False,,Sony,5.734626583762571,High,High,High,True,0.7123318988703605
power bank fast charging,other,Boat power bank fast charging Model 457,18723.0,,3760.0,Amazon,2 Days,UNKNOWN,False,,Boat,,High,,High,False,
men running shoes,fashion,Nike men running shoes Model 985,5261.0,4.0,947.0,Reliance Digital,2 Days,UNKNOWN,False,,Nike,5.141741800902009,High,Medium,Medium,True,0.7200152062345562
office chair ergonomic,office equipments,Philips office chair ergonomic Model 290,12568.0,3.3,1037.0,Amazon,Free Delivery,UNKNOWN,False,,Philips,4.758020425490334,High,Medium,High,True,0.2722867600254615
microwave oven convection,other,HP microwave oven convection Model 705,21357.0,4.3,1751.0,Amazon,2 Days,UNKNOWN,False,,HP,5.567405308598534,High,High,High,True,0.3525448330758065
men running shoes,fashion,Samsung men running shoes Model 751,49670.0,4.6,900.0,Reliance Digital,2 Days,UNKNOWN,False,,Samsung,5.481402103043335,High,High,Medium,True,0.08335011073082343
microwave oven convection,other,LG microwave oven convection Model 443,11089.0,4.4,3882.0,Amazon,2 Days,UNKNOWN,False,,LG,5.945745331892667,High,High,High,True,1.540337271169628
microwave oven convection,other,Dell microwave oven convection Model 722,25560.0,4.3,844.0,Reliance Digital,Free Delivery,UNKNOWN,False,,Dell,5.275734650942869,High,High,Medium,True,0.14198748043818465
men running shoes,fashion,Philips men running shoes Model 308,42168.0,3.6,667.0,Reliance Digital,5 Days,UNKNOWN,False,,Philips,4.761715269414658,High,Medium,Medium,True,0.056943653955606154
men running shoes,fashion,Philips men running shoes Model 169,45637.0,3.1,3481.0,Amazon,5 Days,UNKNOWN,False,,Philips,5.122144848131255,High,Medium,High,True,0.23645506935162258
office chair ergonomic,office equipments,HP office chair ergonomic Model 913,15034.0,3.3,3503.0,Reliance Digital,5 Days,UNKNOWN,False,,HP,5.244664180822513,High,Medium,High,True,0.7689171211919649
office chair ergonomic,office equipments,Philips office chair ergonomic Model 989,8904.0,3.0,3739.0,Amazon,2 Days,UNKNOWN,False,,Philips,5.090736356163431,High,Medium,High,True,1.2597708894878705
office chair ergonomic,office equipments,Puma office chair ergonomic Model 321,44831.0,4.3,4897.0,Flipkart,Free Delivery,UNKNOWN,False,,Puma,5.978632895004845,High,High,High,True,0.469699538265932
power bank fast charging,other,HP power bank fast charging Model 100,9092.0,3.8,811.0,Croma,Free Delivery,UNKNOWN,False,,HP,4.959800136064671,High,Medium,Medium,True,0.3389573251209855
power bank fast charging,other,HP power bank fast charging Model 956,49324.0,4.9,4798.0,Amazon,5 Days,UNKNOWN,False,,HP,6.330465136743298,High,High,High,True,0.47664828481063987
office chair ergonomic,office equipments,HP office chair ergonomic Model 726,49015.0,2.9,3373.0,Reliance Digital,5 Days,UNKNOWN,False,,HP,4.989541705242366,High,Medium,High,True,0.1995654391512802
microwave oven convection,other,Samsung microwave oven convection Model 999,12362.0,3.6,3512.0,Croma,5 Days,UNKNOWN,False,,Samsung,5.425690260906331,High,Medium,High,True,1.0227471282963922
men running shoes,fashion,Dell men running shoes Model 938,18469.0,,3920.0,Amazon,5 Days,UNKNOWN,False,,Dell,,High,,High,False,
men running shoes,fashion,Boat men running shoes Model 821,11806.0,3.7,3346.0,Amazon,2 Days,UNKNOWN,False,,Boat,5.466327880484531,High,Medium,High,True,1.048636286633915
microwave oven convection,other,Sony microwave oven convection Model 983,9278.0,3.2,937.0,Amazon,Free Delivery,UNKNOWN,False,,Sony,4.657499979602489,High,Medium,Medium,True,0.3231730976503557
power bank fast charging,other,Samsung power bank fast charging Model 567,2958.0,4.1,4103.0,Croma,2 Days,UNKNOWN,False,,Samsung,5.787886954740242,High,High,High,True,5.687052062204192
office chair ergonomic,office equipments,HP office chair ergonomic Model 586,3054.0,,2790.0,Reliance Digital,2 Days,UNKNOWN,False,,HP,,High,,High,False,
men running shoes,fashion,LG men running shoes Model 131,43158.0,4.2,184.0,Flipkart,2 Days,UNKNOWN,False,,LG,4.608142330031329,High,High,Medium,True,0.01790629778951759
power bank fast charging,other,Samsung power bank fast charging Model 205,86400.0,,2729.0,Flipkart,5 Days,UNKNOWN,False,,Samsung,,High,,High,False,
microwave oven convection,other,LG microwave oven convection Model 469,23503.0,3.7,712.0,Reliance Digital,2 Days,UNKNOWN,False,,LG,4.847792568165719,High,Medium,Medium,True,0.11208781857635196
power bank fast charging,other,Puma power bank fast charging Model 586,7191.0,3.9,1373.0,Croma,2 Days,UNKNOWN,False,,Puma,5.230192589112917,High,Medium,High,True,0.7446391322486441
men running shoes,fashion,Nike men running shoes Model 359,14330.0,3.9,4643.0,Amazon,Free Delivery,UNKNOWN,False,,Nike,5.717332537127113,High,Medium,High,True,1.2636217725052339
air fryer india,other,Boat air fryer India Model 311,36987.0,4.2,1543.0,Amazon,Free Delivery,UNKNOWN,False,,Boat,5.456852692233889,High,High,High,True,0.17521291264498337
air fryer india,other,HP air fryer India Model 211,39993.0,,149.0,Amazon,Free Delivery,UNKNOWN,False,,HP,,High,,Medium,False,
men running shoes,fashion,Puma men running shoes Model 305,49243.0,3.5,515.0,Croma,2 Days,UNKNOWN,False,,Puma,4.598442706192625,High,Medium,Medium,True,0.03660418739719351
microwave oven convection,other,Boat microwave oven convection Model 453,44884.0,4.0,122.0,Flipkart,Free Delivery,UNKNOWN,False,,Boat,4.3248737421489665,High,Medium,Medium,True,0.010872471259246057
microwave oven convection,other,HP microwave oven convection Model 472,42957.0,3.2,3026.0,Croma,5 Days,UNKNOWN,False,,HP,5.126130923608688,High,Medium,High,True,0.22541611378820683
microwave oven convection,other,Dell microwave oven convection Model 838,383970.0,2.8,2066.0,Reliance Digital,5 Days,UNKNOWN,False,,Dell,4.733541423872707,High,Medium,High,True,0.015065760345860352
power bank fast charging,other,Sony power bank fast charging Model 509,38591.0,2.7,969.0,Reliance Digital,5 Days,UNKNOWN,False,,Sony,4.370918428598972,High,Medium,Medium,True,0.06779560001036511
microwave oven convection,other,Sony microwave oven convection Model 848 ,9020.0,3.0,1410.0,Amazon,2 Days,UNKNOWN,False,,Sony,4.700821580741126,High,Medium,High,True,0.46895787139689576
power bank fast charging,other,Philips power bank fast charging Model 190,38421.0,,234.0,Flipkart,Free Delivery,UNKNOWN,False,,Philips,,High,,Medium,False,
men running shoes,fashion,LG men running shoes Model 449 ,15824.0,2.9,2382.0,Reliance Digital,2 Days,UNKNOWN,False,,LG,4.850446190839497,High,Medium,High,True,0.43653943377148635
office chair ergonomic,office equipments,Philips office chair ergonomic Model 887,9713.0,3.7,3026.0,Flipkart,2 Days,UNKNOWN,False,,Philips,5.426130923608689,High,Medium,High,True,1.1527025635745909
men running shoes,fashion,Nike men running shoes Model 850,38043.0,3.3,2625.0,Flipkart,2 Days,UNKNOWN,False,,Nike,5.129286821945096,High,Medium,High,True,0.22770286255027206
office chair ergonomic,office equipments,Nike office chair ergonomic Model 830,22701.0,4.6,868.0,Amazon,Free Delivery,UNKNOWN,False,,Nike,5.466937250106157,High,High,Medium,True,0.175886524822695
men running shoes,fashion,Samsung men running shoes Model 677,31281.0,3.2,1859.0,Amazon,5 Days,UNKNOWN,False,,Samsung,4.931332706682898,High,Medium,High,True,0.19017294843515234
microwave oven convection,other,Samsung microwave oven convection Model 830,39906.0,3.7,2247.0,Reliance Digital,Free Delivery,UNKNOWN,False,,Samsung,5.307118484405433,High,Medium,High,True,0.2083370921665915
power bank fast charging,other,Nike power bank fast charging Model 406 ,436130.0,,3636.0,Reliance Digital,Free Delivery,UNKNOWN,False,,Nike,,High,,High,False,
air fryer india,other,Puma air fryer India Model 297,15008.0,4.6,3256.0,Croma,5 Days,UNKNOWN,False,,Puma,5.995424722110494,High,High,High,True,0.9979744136460553
microwave oven convection,other,Philips microwave oven convection Model 423,15450.0,3.5,2281.0,Croma,2 Days,UNKNOWN,False,,Philips,5.193123012168808,High,Medium,High,True,0.5167313915857605
office chair ergonomic,office equipments,Dell office chair ergonomic Model 787,40869.0,3.4,141.0,Reliance Digital,5 Days,UNKNOWN,False,,Dell,4.022330823040504,High,Medium,Medium,True,0.011730162225647801
power bank fast charging,other,Philips power bank fast charging Model 149,4795.0,4.1,942.0,Croma,2 Days,UNKNOWN,False,,Philips,5.199626513053383,High,High,Medium,True,0.8054640250260687
men running shoes,fashion,Nike men running shoes Model 733,71900.0,4.1,4924.0,Flipkart,Free Delivery,UNKNOWN,False,,Nike,5.860831821442475,High,High,High,True,0.28078442280945753
power bank fast charging,other,Sony power bank fast charging Model 747,29596.0,4.3,934.0,Reliance Digital,2 Days,UNKNOWN,False,,Sony,5.316218611715475,High,High,Medium,True,0.13570077037437492
microwave oven convection,other,Sony microwave oven convection Model 408,41193.0,,2034.0,Amazon,2 Days,UNKNOWN,False,,Sony,,High,,High,False,
microwave oven convection,other,Samsung microwave oven convection Model 326,2525.0,,3415.0,Croma,5 Days,UNKNOWN,False,,Samsung,,High,,High,False,
men running shoes,fashion,Samsung men running shoes Model 836,712.0,4.6,819.0,Flipkart,2 Days,UNKNOWN,False,,Samsung,5.443721736103319,Medium,High,Medium,True,5.29129213483146
power bank fast charging,other,HP power bank fast charging Model 709,24141.0,3.2,2688.0,Croma,2 Days,UNKNOWN,False,,HP,5.078769862507546,High,Medium,High,True,0.3563066981483783
microwave oven convection,other,Puma microwave oven convection Model 523,44457.0,4.5,760.0,Croma,2 Days,UNKNOWN,False,,Puma,5.353853343144674,High,High,Medium,True,0.07692826776435657
power bank fast charging,other,Sony power bank fast charging Model 711 ,10504.0,3.5,3408.0,Croma,Free Delivery,UNKNOWN,False,,Sony,5.353669708855161,High,Medium,High,True,1.1355674028941356
microwave oven convection,other,Sony microwave oven convection Model 360,42530.0,3.4,4316.0,Flipkart,2 Days,UNKNOWN,False,,Sony,5.388126398222191,High,Medium,High,True,0.34503644486245005
men running shoes,fashion,Puma men running shoes Model 511,19924.0,4.5,902.0,Flipkart,2 Days,UNKNOWN,False,,Puma,5.422289021366794,High,High,Medium,True,0.20372415177675166
microwave oven convection,other,Samsung microwave oven convection Model 533,6933.0,3.8,4407.0,Croma,5 Days,UNKNOWN,False,,Samsung,5.6364705403331,High,Medium,High,True,2.4154911293812202
office chair ergonomic,office equipments,Samsung office chair ergonomic Model 192,20680.0,2.8,934.0,Amazon,2 Days,UNKNOWN,False,,Samsung,4.416218611715475,High,Medium,Medium,True,0.1264603481624758
men running shoes,fashion,Dell men running shoes Model 277,10071.0,4.9,4560.0,Croma,5 Days,UNKNOWN,False,,Dell,6.31011887068468,High,High,High,True,2.218647602025618
power bank fast charging,other,Samsung power bank fast charging Model 321,34057.0,4.5,3652.0,Amazon,5 Days,UNKNOWN,False,,Samsung,5.981321610718112,High,High,High,True,0.4825439704025604
air fryer india,other,Sony air fryer India Model 833,15593.0,3.1,4956.0,Croma,5 Days,UNKNOWN,False,,Sony,5.263422399208229,High,Medium,High,True,0.9852882703777336
air fryer india,other,LG air fryer India Model 739,21483.0,4.4,1545.0,Flipkart,Free Delivery,UNKNOWN,False,,LG,5.577370491658947,High,High,High,True,0.3164362519201229
air fryer india,other,Dell air fryer India Model 150,5659.0,4.2,270.0,Amazon,5 Days,UNKNOWN,False,,Dell,4.7608475283518805,High,High,Medium,True,0.20038876126524122
air fryer india,other,Nike air fryer India Model 258,17028.0,3.0,3583.0,Flipkart,5 Days,UNKNOWN,False,,Nike,5.073693909637928,High,Medium,High,True,0.6312544045102184
office chair ergonomic,office equipments,Sony office chair ergonomic Model 546,11042.0,3.0,571.0,Flipkart,Free Delivery,UNKNOWN,False,,Sony,4.3396555965519195,High,Medium,Medium,True,0.15513493932258648
microwave oven convection,other,HP microwave oven convection Model 690,47857.0,3.3,4944.0,Amazon,Free Delivery,UNKNOWN,False,,HP,5.382452897622725,High,Medium,High,True,0.340915644524312
power bank fast charging,other,Philips power bank fast charging Model 708 ,12594.0,4.1,4687.0,Reliance Digital,Free Delivery,UNKNOWN,False,,Philips,5.841104532502738,High,High,High,True,1.5258615213593774
office chair ergonomic,office equipments,Boat office chair ergonomic Model 303,9335.0,,844.0,Reliance Digital,Free Delivery,UNKNOWN,False,,Boat,,High,,Medium,False,
office chair ergonomic,office equipments,Nike office chair ergonomic Model 994,33453.0,4.3,1126.0,Reliance Digital,Free Delivery,UNKNOWN,False,,Nike,5.390925805615911,High,High,High,True,0.14473440349146566
air fryer india,other,Samsung air fryer India Model 440,18612.0,2.6,3055.0,Croma,5 Days,UNKNOWN,False,,Samsung,4.769944860114565,High,Medium,High,True,0.42676767676767674
office chair ergonomic,office equipments,LG office chair ergonomic Model 874,35478.0,4.9,3461.0,Amazon,5 Days,UNKNOWN,False,,LG,6.199840694294462,High,High,High,True,0.4780117255764136
air fryer india,other,LG air fryer India Model 428,8757.0,4.9,2023.0,Croma,Free Delivery,UNKNOWN,False,,LG,5.985132412162942,High,High,High,True,1.1319744204636293
men running shoes,fashion,Boat men running shoes Model 882,29336.0,2.8,199.0,Flipkart,5 Days,UNKNOWN,False,,Boat,3.7993269466192148,High,Medium,Medium,True,0.01899372784292337
microwave oven convection,other,HP microwave oven convection Model 721,38318.0,3.8,2831.0,Reliance Digital,5 Days,UNKNOWN,False,,HP,5.459495381925445,High,Medium,High,True,0.2807505610940028
power bank fast charging,other,Puma power bank fast charging Model 333,7947.0,3.3,3734.0,Croma,5 Days,UNKNOWN,False,,Puma,5.270201239026767,High,Medium,High,True,1.5505473763684408
power bank fast charging,other,Nike power bank fast charging Model 373,49953.0,4.9,2218.0,Flipkart,Free Delivery,UNKNOWN,False,,Nike,6.0219247691730375,High,High,High,True,0.21756851440353933
power bank fast charging,other,Sony power bank fast charging Model 300,9342.0,,3843.0,Croma,2 Days,UNKNOWN,False,,Sony,,High,,High,False,
air fryer india,other,HP air fryer India Model 869,38110.0,4.6,4859.0,Flipkart,2 Days,UNKNOWN,False,,HP,6.155517486757816,High,High,High,True,0.5864969824193125
microwave oven convection,other,Dell microwave oven convection Model 140,36301.0,,2443.0,Amazon,5 Days,UNKNOWN,False,,Dell,,High,,High,False,
power bank fast charging,other,Sony power bank fast charging Model 678,44668.0,3.2,2300.0,Flipkart,5 Days,UNKNOWN,False,,Sony,5.016439636014146,High,Medium,High,True,0.16477120085967584
microwave oven convection,other,Sony microwave oven convection Model 705,10551.0,3.0,1713.0,Croma,Free Delivery,UNKNOWN,False,,Sony,4.77863403966309,High,Medium,High,True,0.4870628376457208
men running shoes,fashion,Dell men running shoes Model 628,390740.0,4.6,4015.0,Croma,5 Days,UNKNOWN,False,,Dell,6.0792166645486265,High,High,High,True,0.04726672467625531
men running shoes,fashion,Nike men running shoes Model 571,10750.0,4.4,586.0,Croma,2 Days,UNKNOWN,False,,Nike,5.190009927931239,High,High,Medium,True,0.23985116279069768
men running shoes,fashion,Sony men running shoes Model 922,29370.0,4.6,1501.0,Amazon,Free Delivery,UNKNOWN,False,,Sony,5.685821132929632,High,High,High,True,0.23509022812393596
air fryer india,other,LG air fryer India Model 691,43902.0,4.8,2395.0,Croma,5 Days,UNKNOWN,False,,LG,5.992622383694136,High,High,High,True,0.26185595189285227
air fryer india,other,Puma air fryer India Model 696,8987.0,4.8,2999.0,Reliance Digital,Free Delivery,UNKNOWN,False,,Puma,6.082547027060098,High,High,High,True,1.6017803493935683
office chair ergonomic,office equipments,Philips office chair ergonomic Model 733,2022.0,3.7,,Flipkart,2 Days,UNKNOWN,False,,Philips,,High,Medium,,True,
men running shoes,fashion,Boat men running shoes Model 961,3146.0,2.9,521.0,Amazon,Free Delivery,UNKNOWN,False,,Boat,4.2430670351530555,High,Medium,Medium,True,0.4802606484424666
air fryer india,other,HP air fryer India Model 627,22353.0,4.0,4304.0,Flipkart,2 Days,UNKNOWN,False,,HP,5.747012966744732,High,Medium,High,True,0.7701874468751398
air fryer india,other,LG air fryer India Model 628 ,41688.0,3.0,987.0,Reliance Digital,Free Delivery,UNKNOWN,False,,LG,4.5582730790991475,High,Medium,Medium,True,0.07102763385146804
power bank fast charging,other,Boat power bank fast charging Model 932,15951.0,4.9,3521.0,Reliance Digital,2 Days,UNKNOWN,False,,Boat,6.2067137156224605,High,High,High,True,1.081618707291079
microwave oven convection,other,Dell microwave oven convection Model 915,17906.0,4.2,1947.0,Amazon,2 Days,UNKNOWN,False,,Dell,5.549823393680992,High,High,High,True,0.4566849100860047
office chair ergonomic,office equipments,HP office chair ergonomic Model 117,19227.0,4.4,3149.0,Reliance Digital,2 Days,UNKNOWN,False,,HP,5.862063092727872,High,High,High,True,0.7206324439590159
air fryer india,other,Nike air fryer India Model 240,45088.0,4.2,3926.0,Amazon,2 Days,UNKNOWN,False,,Nike,5.830252421831204,High,High,High,True,0.36571149751596876
air fryer india,other,HP air fryer India Model 114,15280.0,4.2,4970.0,Reliance Digital,5 Days,UNKNOWN,False,,HP,5.924550522437869,High,High,High,True,1.3660994764397907
power bank fast charging,other,HP power bank fast charging Model 526 ,20759.0,4.2,1884.0,Amazon,5 Days,UNKNOWN,False,,HP,5.536673239952845,High,High,High,True,0.38117443036755144
microwave oven convection,other,Dell microwave oven convection Model 367,32317.0,3.6,434.0,Amazon,Free Delivery,UNKNOWN,False,,Dell,4.590138412435474,High,Medium,Medium,True,0.048346071726954855
air fryer india,other,HP air fryer India Model 618 ,9220.0,2.9,326.0,Croma,Free Delivery,UNKNOWN,False,,HP,4.055984068358901,High,Medium,Medium,True,0.10253796095444685
microwave oven convection,other,Boat microwave oven convection Model 424,482890.0,4.9,858.0,Amazon,2 Days,UNKNOWN,False,,Boat,5.6423075687937025,High,High,Medium,True,0.008706330634305951
microwave oven convection,other,LG microwave oven convection Model 603 ,49245.0,4.3,1944.0,Croma,2 Days,UNKNOWN,False,,LG,5.609206902421018,High,High,High,True,0.16974718245507156
microwave oven convection,other,HP microwave oven convection Model 129,30496.0,,4979.0,Amazon,5 Days,UNKNOWN,False,,HP,,High,,High,False,
office chair ergonomic,office equipments,Nike office chair ergonomic Model 106,8923.0,4.6,2822.0,Flipkart,5 Days,UNKNOWN,False,,Nike,5.938222171301396,High,High,High,True,1.45480219657066
air fryer india,other,LG air fryer India Model 774,17078.0,3.2,2604.0,Croma,5 Days,UNKNOWN,False,,LG,5.066075181674988,High,Medium,High,True,0.48792598664949066
power bank fast charging,other,Dell power bank fast charging Model 852,27435.0,4.3,1773.0,Amazon,Free Delivery,UNKNOWN,False,,Dell,5.57239686514781,High,High,High,True,0.2778895571350465
air fryer india,other,Samsung air fryer India Model 721 ,999.0,,4645.0,Reliance Digital,5 Days,UNKNOWN,False,,Samsung,,Medium,,High,False,
air fryer india,other,LG air fryer India Model 285,35864.0,4.1,4369.0,Amazon,Free Delivery,UNKNOWN,False,,LG,5.813007315235854,High,High,High,True,0.4994674325228641
air fryer india,other,HP air fryer India Model 314,999.0,4.3,2352.0,Amazon,Free Delivery,UNKNOWN,False,,HP,5.685378555490945,Medium,High,High,True,10.123723723723725
microwave oven convection,other,Boat microwave oven convection Model 227,48663.0,,4019.0,Flipkart,Free Delivery,UNKNOWN,False,,Boat,,High,,High,False,
office chair ergonomic,office equipments,Philips office chair ergonomic Model 723,45041.0,2.6,3099.0,Reliance Digital,5 Days,UNKNOWN,False,,Philips,4.775662956189295,High,Medium,High,True,0.1788903443529229
men running shoes,fashion,HP men running shoes Model 425,1105.0,,69.0,Amazon,5 Days,UNKNOWN,False,,HP,,Medium,,Low,False,
power bank fast charging,other,Boat power bank fast charging Model 924,33465.0,3.0,939.0,Amazon,5 Days,UNKNOWN,False,,Boat,4.5383519501056195,High,Medium,Medium,True,0.08417749887942627
office chair ergonomic,office equipments,Sony office chair ergonomic Model 865,17134.0,3.5,2274.0,Amazon,Free Delivery,UNKNOWN,False,,Sony,5.191894132554021,High,Medium,High,True,0.46451499941636515
power bank fast charging,other,Puma power bank fast charging Model 422,20958.0,3.3,427.0,Amazon,5 Days,UNKNOWN,False,,Puma,4.403649278232718,High,Medium,Medium,True,0.06723446893787574
men running shoes,fashion,Sony men running shoes Model 146,17182.0,3.5,500.0,Amazon,Free Delivery,UNKNOWN,False,,Sony,4.5866424404339465,High,Medium,Medium,True,0.1018507740658829
air fryer india,other,Dell air fryer India Model 222,46717.0,4.4,4987.0,Amazon,2 Days,UNKNOWN,False,,Dell,6.045916122719971,High,High,High,True,0.4696962561808336
air fryer india,other,Samsung air fryer India Model 964,40114.0,4.5,2842.0,Croma,5 Days,UNKNOWN,False,,Samsung,5.881046044660399,High,High,High,True,0.31881637333599244
men running shoes,fashion,Samsung men running shoes Model 589,2849.0,2.7,4466.0,Amazon,2 Days,UNKNOWN,False,,Samsung,4.981788928540848,High,Medium,High,True,4.232432432432432
air fryer india,other,Nike air fryer India Model 172,28087.0,4.2,2788.0,Croma,Free Delivery,UNKNOWN,False,,Nike,5.693375355050996,High,High,High,True,0.41690461779470933
microwave oven convection,other,HP microwave oven convection Model 749,11799.0,,2729.0,Croma,2 Days,UNKNOWN,False,,HP,,High,,High,False,
microwave oven convection,other,Puma microwave oven convection Model 258,36850.0,4.9,1104.0,Reliance Digital,Free Delivery,UNKNOWN,False,,Puma,5.743040245580741,High,High,High,True,0.14680054274084126
men running shoes,fashion,HP men running shoes Model 608,22065.0,4.9,2727.0,Amazon,Free Delivery,UNKNOWN,False,,HP,6.1045296075853415,High,High,High,True,0.605588035350102
power bank fast charging,other,Puma power bank fast charging Model 468,43895.0,4.0,4829.0,Croma,5 Days,UNKNOWN,False,,Puma,5.793040698658648,High,Medium,High,True,0.4400501196035995
office chair ergonomic,office equipments,Dell office chair ergonomic Model 627,25413.0,4.4,1324.0,Flipkart,5 Days,UNKNOWN,False,,Dell,5.51566709536813,High,High,High,True,0.22923700468264277
office chair ergonomic,office equipments,Dell office chair ergonomic Model 330,35292.0,2.7,4225.0,Reliance Digital,2 Days,UNKNOWN,False,,Dell,4.959604479270402,High,Medium,High,True,0.3232318939136348
men running shoes,fashion,Philips men running shoes Model 659,7470.0,3.5,3046.0,Croma,2 Days,UNKNOWN,False,,Philips,5.308765111594283,High,Medium,High,True,1.4271753681392236
power bank fast charging,other,Dell power bank fast charging Model 883,34235.0,2.7,200.0,Reliance Digital,Free Delivery,UNKNOWN,False,,Dell,3.7413219632236303,High,Medium,Medium,True,0.01577333138600847
office chair ergonomic,office equipments,HP office chair ergonomic Model 873,43509.0,,4035.0,Reliance Digital,2 Days,UNKNOWN,False,,HP,,High,,High,False,
men running shoes,fashion,Samsung men running shoes Model 200,13528.0,3.3,2011.0,Flipkart,Free Delivery,UNKNOWN,False,,Samsung,5.022753812487852,High,Medium,High,True,0.49056031933766997
office chair ergonomic,office equipments,Puma office chair ergonomic Model 753,1131.0,3.9,4694.0,Reliance Digital,2 Days,UNKNOWN,False,,Puma,5.721701356656945,Medium,Medium,High,True,16.186206896551724
men running shoes,fashion,HP men running shoes Model 563,42681.0,3.5,3907.0,Flipkart,5 Days,UNKNOWN,False,,HP,5.40831240526507,High,Medium,High,True,0.32038846325062675
air fryer india,other,Dell air fryer India Model 284,44863.0,4.8,4625.0,Flipkart,Free Delivery,UNKNOWN,False,,Dell,6.255779137116554,High,High,High,True,0.49483984575262463
air fryer india,other,LG air fryer India Model 400,36846.0,4.5,1363.0,Croma,2 Days,UNKNOWN,False,,LG,5.587270735361363,High,High,High,True,0.16646311675622863
men running shoes,fashion,LG men running shoes Model 614,1680.0,2.7,4120.0,Reliance Digital,Free Delivery,UNKNOWN,False,,LG,4.949540452535527,Medium,Medium,High,True,6.621428571428571
office chair ergonomic,office equipments,Boat office chair ergonomic Model 922,11394.0,3.7,,Reliance Digital,5 Days,UNKNOWN,False,,Boat,,High,Medium,,True,
men running shoes,fashion,Boat men running shoes Model 296,10726.0,,3096.0,Flipkart,Free Delivery,UNKNOWN,False,,Boat,,High,,High,False,
power bank fast charging,other,Philips power bank fast charging Model 166,43776.0,3.3,3844.0,Croma,5 Days,UNKNOWN,False,,Philips,5.281811552775898,High,Medium,High,True,0.28977521929824557
air fryer india,other,Puma air fryer India Model 883,103500.0,4.3,4194.0,Amazon,5 Days,UNKNOWN,False,,Puma,5.916659447560523,High,High,High,True,0.17424347826086958
men running shoes,fashion,Sony men running shoes Model 835,5646.0,4.2,3419.0,Amazon,5 Days,UNKNOWN,False,,Sony,5.77495833202266,High,High,High,True,2.5433581296493095
power bank fast charging,other,Boat power bank fast charging Model 483,26374.0,4.4,2145.0,Flipkart,2 Days,UNKNOWN,False,,Boat,5.708544369276257,High,High,High,True,0.3578524304239023
microwave oven convection,other,Boat microwave oven convection Model 957,23854.0,4.8,3087.0,Flipkart,5 Days,UNKNOWN,False,,Boat,6.094111564457867,High,High,High,True,0.6211788379307454
power bank fast charging,other,Boat power bank fast charging Model 651,11700.0,4.4,1813.0,Reliance Digital,2 Days,UNKNOWN,False,,Boat,5.641315852270033,High,High,High,True,0.6818119658119659
air fryer india,other,HP air fryer India Model 603,46330.0,4.4,1403.0,Amazon,5 Days,UNKNOWN,False,,HP,5.538832233834302,High,High,High,True,0.1332441182818908
air fryer india,other,Dell air fryer India Model 962,33577.0,2.9,991.0,Amazon,Free Delivery,UNKNOWN,False,,Dell,4.499889242913949,High,Medium,Medium,True,0.08559132739672991
air fryer india,other,Puma air fryer India Model 736,999.0,3.5,2305.0,Croma,2 Days,UNKNOWN,False,,Puma,5.197307880331602,Medium,Medium,High,True,8.075575575575575
microwave oven convection,other,Boat microwave oven convection Model 128,20084.0,,2575.0,Amazon,Free Delivery,UNKNOWN,False,,Boat,,High,,High,False,
microwave oven convection,other,Puma microwave oven convection Model 943,18372.0,4.2,367.0,Croma,5 Days,UNKNOWN,False,,Puma,4.883233175267573,High,High,Medium,True,0.08389941214892228
office chair ergonomic,office equipments,Nike office chair ergonomic Model 944,21252.0,3.0,3789.0,Reliance Digital,2 Days,UNKNOWN,False,,Nike,5.096048519230589,High,Medium,High,True,0.534867306606437
men running shoes,fashion,Puma men running shoes Model 319,34307.0,4.1,1256.0,Flipkart,Free Delivery,UNKNOWN,False,,Puma,5.314593283436098,High,High,High,True,0.1501034774244323
office chair ergonomic,office equipments,Puma office chair ergonomic Model 984,999.0,4.6,2494.0,Flipkart,Free Delivery,UNKNOWN,False,,Puma,5.888817603274248,Medium,High,High,True,11.483883883883884
air fryer india,other,Puma air fryer India Model 791,35653.0,3.6,4443.0,Reliance Digital,5 Days,UNKNOWN,False,,Puma,5.519724060303808,High,Medium,High,True,0.4486242391944577
men running shoes,fashion,Samsung men running shoes Model 540,17273.0,3.6,561.0,Croma,Free Delivery,UNKNOWN,False,,Samsung,4.692600739957477,High,Medium,Medium,True,0.11692236438372026
air fryer india,other,Boat air fryer India Model 608,10828.0,3.3,4277.0,Flipkart,5 Days,UNKNOWN,False,,Boat,5.32449635585694,High,Medium,High,True,1.3034817140746213
men running shoes,fashion,Boat men running shoes Model 710,46350.0,3.6,2345.0,Reliance Digital,Free Delivery,UNKNOWN,False,,Boat,5.264186811685368,High,Medium,High,True,0.1821359223300971
air fryer india,other,Philips air fryer India Model 545,5049.0,4.4,557.0,Amazon,2 Days,UNKNOWN,False,,Philips,5.169743584952524,High,High,Medium,True,0.4854030501089325
power bank fast charging,other,LG power bank fast charging Model 952,43614.0,5.0,3948.0,Croma,2 Days,UNKNOWN,False,,LG,6.31248706451466,High,High,High,True,0.4526069610675471
power bank fast charging,other,Samsung power bank fast charging Model 946,17773.0,3.6,587.0,Amazon,Free Delivery,UNKNOWN,False,,Samsung,4.710690779159451,High,Medium,Medium,True,0.11889945422832388
power bank fast charging,other,Boat power bank fast charging Model 239,4103.0,4.7,4335.0,Amazon,2 Days,UNKNOWN,False,,Boat,6.169883017247793,High,High,High,True,4.965756763343895
air fryer india,other,HP air fryer India Model 541,44752.0,4.6,3692.0,Reliance Digital,2 Days,UNKNOWN,False,,HP,6.045677765941026,High,High,High,True,0.3794958884519127
men running shoes,fashion,Boat men running shoes Model 227 ,380730.0,2.9,1574.0,Croma,2 Days,UNKNOWN,False,,Boat,4.684804220503894,High,Medium,High,True,0.011989073621726682
microwave oven convection,other,Puma microwave oven convection Model 925,32710.0,3.1,3780.0,Reliance Digital,2 Days,UNKNOWN,False,,Puma,5.155097521556373,High,Medium,High,True,0.35823907062060534
men running shoes,fashion,Nike men running shoes Model 773 ,12222.0,4.3,3755.0,Amazon,5 Days,UNKNOWN,False,,Nike,5.872443936131262,High,High,High,True,1.3211012927507773
men running shoes,fashion,Boat men running shoes Model 475,10153.0,2.9,3274.0,Amazon,5 Days,UNKNOWN,False,,Boat,4.977629259227741,High,Medium,High,True,0.9351521717718901
air fryer india,other,HP air fryer India Model 607,28433.0,,2110.0,Amazon,2 Days,UNKNOWN,False,,HP,,High,,High,False,
power bank fast charging,other,Sony power bank fast charging Model 131,6862.0,3.9,1670.0,Croma,5 Days,UNKNOWN,False,,Sony,5.308471011438158,High,Medium,High,True,0.9491401923637424
microwave oven convection,other,Samsung microwave oven convection Model 132,2008.0,4.8,2465.0,Croma,5 Days,UNKNOWN,False,,Samsung,6.004141073489716,High,High,High,True,5.892430278884462
men running shoes,fashion,Dell men running shoes Model 598,32326.0,4.8,3889.0,Croma,2 Days,UNKNOWN,False,,Dell,6.186465774644997,High,High,High,True,0.5774670543834685
men running shoes,fashion,Puma men running shoes Model 152,39884.0,3.0,491.0,Reliance Digital,2 Days,UNKNOWN,False,,Puma,4.279391486596923,High,Medium,Medium,True,0.03693210309898706
microwave oven convection,other,Dell microwave oven convection Model 270,35994.0,2.7,2870.0,Flipkart,5 Days,UNKNOWN,False,,Dell,4.804966272048426,High,Medium,High,True,0.21528588098016338
air fryer india,other,Dell air fryer India Model 786,28304.0,4.4,2261.0,Reliance Digital,2 Days,UNKNOWN,False,,Dell,5.729601862670426,High,High,High,True,0.35148388920293955
air fryer india,other,Samsung air fryer India Model 883,5559.0,,3803.0,Croma,Free Delivery,UNKNOWN,False,,Samsung,,High,,High,False,
microwave oven convection,other,Boat microwave oven convection Model 754,2828.0,3.2,1712.0,Reliance Digital,5 Days,UNKNOWN,False,,Boat,4.898400599329648,High,Medium,High,True,1.9371994342291374
power bank fast charging,other,Sony power bank fast charging Model 631,35507.0,3.1,4810.0,Amazon,5 Days,UNKNOWN,False,,Sony,5.251464096679781,High,Medium,High,True,0.41994536288619144
microwave oven convection,other,LG microwave oven convection Model 213,40084.0,3.6,1704.0,Croma,Free Delivery,UNKNOWN,False,,LG,5.1365281558870475,High,Medium,High,True,0.15303861890030937
office chair ergonomic,office equipments,LG office chair ergonomic Model 315,39361.0,3.9,405.0,Croma,Free Delivery,UNKNOWN,False,,LG,4.7425412638406925,High,Medium,Medium,True,0.04012855364447041
office chair ergonomic,office equipments,Sony office chair ergonomic Model 904,32777.0,4.4,774.0,Croma,Free Delivery,UNKNOWN,False,,Sony,5.301145211741339,High,High,Medium,True,0.10390212649113709
power bank fast charging,other,Sony power bank fast charging Model 298 ,16898.0,4.2,4324.0,Reliance Digital,Free Delivery,UNKNOWN,False,,Sony,5.868866967746392,High,High,High,True,1.0747307373653687
office chair ergonomic,office equipments,Puma office chair ergonomic Model 876,123310.0,3.3,2499.0,Flipkart,Free Delivery,UNKNOWN,False,,Puma,5.109618404342517,High,Medium,High,True,0.06687778768956289
air fryer india,other,Puma air fryer India Model 363,28760.0,4.9,1266.0,Reliance Digital,Free Delivery,UNKNOWN,False,,Puma,5.797762872128455,High,High,High,True,0.21569541029207234
office chair ergonomic,office equipments,Sony office chair ergonomic Model 246,40731.0,4.7,4537.0,Reliance Digital,Free Delivery,UNKNOWN,False,,Sony,6.188096666135915,High,High,High,True,0.5235299894429305
microwave oven convection,other,HP microwave oven convection Model 564,8799.0,3.5,4884.0,Amazon,Free Delivery,UNKNOWN,False,,HP,5.4975698257907535,High,Medium,High,True,1.9427207637231503
microwave oven convection,other,Puma microwave oven convection Model 837,45797.0,4.4,3484.0,Amazon,5 Days,UNKNOWN,False,,Puma,5.90248932927785,High,High,High,True,0.33472934908400115
microwave oven convection,other,Boat microwave oven convection Model 306,16492.0,2.6,4233.0,Reliance Digital,5 Days,UNKNOWN,False,,Boat,4.900360980677925,High,Medium,High,True,0.6673417414504003
office chair ergonomic,office equipments,Sony office chair ergonomic Model 231,19356.0,3.3,3401.0,Reliance Digital,Free Delivery,UNKNOWN,False,,Sony,5.2328475091823226,High,Medium,High,True,0.5798357098574085
microwave oven convection,other,LG microwave oven convection Model 208,4378.0,,646.0,Amazon,2 Days,UNKNOWN,False,,LG,,High,,Medium,False,
microwave oven convection,other,Samsung microwave oven convection Model 981,24681.0,4.6,2547.0,Flipkart,5 Days,UNKNOWN,False,,Samsung,5.897225606676821,High,High,High,True,0.47470523884769655
men running shoes,fashion,HP men running shoes Model 362,43372.0,2.9,705.0,Reliance Digital,5 Days,UNKNOWN,False,,HP,4.363846094997297,High,Medium,Medium,True,0.04713870699990778
office chair ergonomic,office equipments,HP office chair ergonomic Model 442 ,18356.0,3.3,1514.0,Croma,5 Days,UNKNOWN,False,,HP,4.909268287177388,High,Medium,High,True,0.27218348224013944
microwave oven convection,other,Sony microwave oven convection Model 539,25404.0,3.3,3211.0,Reliance Digital,5 Days,UNKNOWN,False,,Sony,5.209859630026661,High,Medium,High,True,0.41711147850732166
power bank fast charging,other,Puma power bank fast charging Model 689,44441.0,3.3,3789.0,Amazon,2 Days,UNKNOWN,False,,Puma,5.276048519230589,High,Medium,High,True,0.2813550550167638
air fryer india,other,Dell air fryer India Model 524 ,18745.0,4.4,1310.0,Flipkart,Free Delivery,UNKNOWN,False,,Dell,5.511418193505481,High,High,High,True,0.307495332088557
power bank fast charging,other,Nike power bank fast charging Model 495,45830.0,4.5,3175.0,Croma,2 Days,UNKNOWN,False,,Nike,5.925351128946811,High,High,High,True,0.3117499454505782
office chair ergonomic,office equipments,HP office chair ergonomic Model 581,20763.0,3.4,4476.0,Croma,Free Delivery,UNKNOWN,False,,HP,5.402683383296386,High,Medium,High,True,0.732957665077301
air fryer india,other,LG air fryer India Model 402,20591.0,4.8,3083.0,Flipkart,5 Days,UNKNOWN,False,,LG,6.093593093873288,High,High,High,True,0.7186829197222088
power bank fast charging,other,Philips power bank fast charging Model 444,46465.0,3.9,451.0,Reliance Digital,Free Delivery,UNKNOWN,False,,Philips,4.7854728719328925,High,Medium,Medium,True,0.037854298934682014
microwave oven convection,other,HP microwave oven convection Model 412,30081.0,3.1,1743.0,Croma,Free Delivery,UNKNOWN,False,,HP,4.84557464178757,High,Medium,High,True,0.17962501246634088
men running shoes,fashion,Dell men running shoes Model 919,32059.0,4.1,692.0,Amazon,2 Days,UNKNOWN,False,,Dell,5.076411999675961,High,High,Medium,True,0.08849932936148974
office chair ergonomic,office equipments,Philips office chair ergonomic Model 756,28361.0,,159.0,Reliance Digital,Free Delivery,UNKNOWN,False,,Philips,,High,,Medium,False,
men running shoes,fashion,Philips men running shoes Model 538,18724.0,3.7,4023.0,Flipkart,5 Days,UNKNOWN,False,,Philips,5.54001268471183,High,Medium,High,True,0.7949743644520402
men running shoes,fashion,Samsung men running shoes Model 620,10627.0,2.6,1998.0,Amazon,2 Days,UNKNOWN,False,,Samsung,4.60016093380016,High,Medium,High,True,0.48883033781876356
office chair ergonomic,office equipments,Nike office chair ergonomic Model 625,4607.0,2.9,1964.0,Reliance Digital,5 Days,UNKNOWN,False,,Nike,4.773299009721345,High,Medium,High,True,1.2362925982200996
microwave oven convection,other,Philips microwave oven convection Model 363,545.0,4.5,3336.0,Reliance Digital,2 Days,UNKNOWN,False,,Philips,5.94513099150055,Medium,High,High,True,27.544954128440367
power bank fast charging,other,Puma power bank fast charging Model 877,3589.0,3.1,2943.0,Amazon,2 Days,UNKNOWN,False,,Puma,5.055009791939506,High,Medium,High,True,2.542017275006966
microwave oven convection,other,Boat microwave oven convection Model 689,189420.0,4.7,4390.0,Amazon,5 Days,UNKNOWN,False,,Boat,6.174924908224687,High,High,High,True,0.10892725161017844
men running shoes,fashion,Boat men running shoes Model 745,49612.0,,4854.0,Amazon,Free Delivery,UNKNOWN,False,,Boat,,High,,High,False,
microwave oven convection,other,Dell microwave oven convection Model 311,41787.0,3.0,4005.0,Amazon,5 Days,UNKNOWN,False,,Dell,5.118219406490305,High,Medium,High,True,0.2875296144734008
air fryer india,other,Boat air fryer India Model 698,46221.0,,1104.0,Reliance Digital,2 Days,UNKNOWN,False,,Boat,,High,,High,False,
air fryer india,other,Sony air fryer India Model 515,9979.0,4.4,424.0,Croma,2 Days,UNKNOWN,False,,Sony,5.060835667569767,High,High,Medium,True,0.18695260046096804
men running shoes,fashion,Nike men running shoes Model 468,47880.0,3.1,3824.0,Reliance Digital,2 Days,UNKNOWN,False,,Nike,5.159725498504255,High,Medium,High,True,0.24758563074352546
power bank fast charging,other,Nike power bank fast charging Model 679,26131.0,4.4,209.0,Flipkart,5 Days,UNKNOWN,False,,Nike,4.778843012286988,High,High,Medium,True,0.035191917645708164
microwave oven convection,other,Boat microwave oven convection Model 520,6468.0,4.1,4876.0,Amazon,Free Delivery,UNKNOWN,False,,Boat,5.85691422228402,High,High,High,True,3.090847247990105
power bank fast charging,other,HP power bank fast charging Model 689,46669.0,4.3,2589.0,Amazon,5 Days,UNKNOWN,False,,HP,5.723765261877434,High,High,High,True,0.2385459298463648
microwave oven convection,other,LG microwave oven convection Model 441,1788.0,4.4,713.0,Flipkart,Free Delivery,UNKNOWN,False,,LG,5.268353184935834,Medium,High,Medium,True,1.7545861297539151
men running shoes,fashion,Sony men running shoes Model 238 ,12511.0,4.8,910.0,Flipkart,2 Days,UNKNOWN,False,,Sony,5.605817158903983,High,High,Medium,True,0.3491327631684118
air fryer india,other,LG air fryer India Model 409,30972.0,3.5,2526.0,Croma,5 Days,UNKNOWN,False,,LG,5.233915242955278,High,Medium,High,True,0.28545137543587756
microwave oven convection,other,Philips microwave oven convection Model 744,12043.0,3.9,3591.0,Croma,5 Days,UNKNOWN,False,,Philips,5.614585771768835,High,Medium,High,True,1.1629079133106368
power bank fast charging,other,Puma power bank fast charging Model 707,34331.0,,662.0,Amazon,5 Days,UNKNOWN,False,,Puma,,High,,Medium,False,
microwave oven convection,other,Samsung microwave oven convection Model 702,16855.0,3.4,1687.0,Amazon,Free Delivery,UNKNOWN,False,,Samsung,5.012519870062361,High,Medium,High,True,0.340302580836547
air fryer india,other,Samsung air fryer India Model 320,25030.0,3.7,3449.0,Reliance Digital,Free Delivery,UNKNOWN,False,,Samsung,5.478451804010163,High,Medium,High,True,0.5098401917698762
men running shoes,fashion,HP men running shoes Model 115,6514.0,3.7,2024.0,Amazon,Free Delivery,UNKNOWN,False,,HP,5.265329991816256,High,Medium,High,True,1.149646914338348
men running shoes,fashion,Boat men running shoes Model 613,37203.0,3.5,4794.0,Reliance Digital,5 Days,UNKNOWN,False,,Boat,5.490131594927016,High,Medium,High,True,0.4510120151600677
air fryer india,other,LG air fryer India Model 455,14463.0,4.6,3414.0,Reliance Digital,2 Days,UNKNOWN,False,,LG,6.014373108801957,High,High,High,True,1.0858328147687202
power bank fast charging,other,LG power bank fast charging Model 410,14986.0,3.1,2293.0,Reliance Digital,5 Days,UNKNOWN,False,,LG,4.955220919075726,High,Medium,High,True,0.474329374082477
office chair ergonomic,office equipments,LG office chair ergonomic Model 901,10247.0,3.6,2696.0,Reliance Digital,2 Days,UNKNOWN,False,,LG,5.319958129255893,High,Medium,High,True,0.9471650239094369
air fryer india,other,Sony air fryer India Model 538 ,999.0,4.0,39.0,Flipkart,Free Delivery,UNKNOWN,False,,Sony,3.8755517816455747,Medium,Medium,Low,True,0.15615615615615616
power bank fast charging,other,Philips power bank fast charging Model 534,35646.0,4.7,2485.0,Amazon,Free Delivery,UNKNOWN,False,,Philips,5.9473721088282625,High,High,High,True,0.3276524715255569
men running shoes,fashion,Philips men running shoes Model 324,24783.0,3.0,1077.0,Croma,2 Days,UNKNOWN,False,,Philips,4.593145100587577,High,Medium,High,True,0.13037162571117297
air fryer india,other,Sony air fryer India Model 915,21233.0,4.6,57.0,Croma,2 Days,UNKNOWN,False,,Sony,4.384177204218568,High,High,Low,True,0.012348702491404889
power bank fast charging,other,HP power bank fast charging Model 937,45235.0,2.5,1819.0,Reliance Digital,2 Days,UNKNOWN,False,,HP,4.502636712028337,High,Medium,High,True,0.10053056261744224
men running shoes,fashion,Nike men running shoes Model 692,6110.0,2.9,3598.0,Croma,2 Days,UNKNOWN,False,,Nike,5.015364523231613,High,Medium,High,True,1.70772504091653
power bank fast charging,other,HP power bank fast charging Model 815,5912.0,3.6,80.0,Reliance Digital,Free Delivery,UNKNOWN,False,,HP,3.917779661868976,High,Medium,Low,True,0.04871447902571042
men running shoes,fashion,Dell men running shoes Model 679,999.0,3.5,19.0,Reliance Digital,5 Days,UNKNOWN,False,,Dell,3.2982929094215967,Medium,Medium,Low,True,0.06656656656656657
power bank fast charging,other,Sony power bank fast charging Model 101,35363.0,4.4,2354.0,Amazon,Free Delivery,UNKNOWN,False,,Sony,5.7457184025802075,High,High,High,True,0.29289370245737073
power bank fast charging,other,Puma power bank fast charging Model 415,8944.0,3.7,2974.0,Amazon,2 Days,UNKNOWN,False,,Puma,5.419199727191892,High,Medium,High,True,1.230299642218247
air fryer india,other,HP air fryer India Model 947,26570.0,4.9,1076.0,Croma,2 Days,UNKNOWN,False,,HP,5.732773870862555,High,High,High,True,0.19843432442604444
microwave oven convection,other,Puma microwave oven convection Model 212 ,12632.0,3.0,2291.0,Flipkart,Free Delivery,UNKNOWN,False,,Puma,4.894872031133852,High,Medium,High,True,0.544094363521216
office chair ergonomic,office equipments,HP office chair ergonomic Model 314,40602.0,4.0,4062.0,Amazon,Free Delivery,UNKNOWN,False,,HP,5.7238707583950905,High,Medium,High,True,0.40017733116595244
air fryer india,other,Nike air fryer India Model 150,26407.0,2.9,3910.0,Reliance Digital,Free Delivery,UNKNOWN,False,,Nike,5.048619349902206,High,Medium,High,True,0.42939372136176013
men running shoes,fashion,HP men running shoes Model 129,42006.0,4.5,3287.0,Flipkart,5 Days,UNKNOWN,False,,HP,5.939213902470428,High,High,High,True,0.3521282673903728
air fryer india,other,Dell air fryer India Model 363,23530.0,4.0,641.0,Flipkart,2 Days,UNKNOWN,False,,Dell,4.985835321475985,High,Medium,Medium,True,0.10896727581810454
men running shoes,fashion,Nike men running shoes Model 347 ,31724.0,3.1,612.0,Reliance Digital,2 Days,UNKNOWN,False,,Nike,4.427345974374484,High,Medium,Medium,True,0.05980330349262388
microwave oven convection,other,Philips microwave oven convection Model 280,23316.0,2.5,1090.0,Flipkart,2 Days,UNKNOWN,False,,Philips,4.297939994333229,High,Medium,High,True,0.11687253388231257
power bank fast charging,other,Samsung power bank fast charging Model 440,13597.0,3.6,4156.0,Amazon,2 Days,UNKNOWN,False,,Samsung,5.493019575701055,High,Medium,High,True,1.1003603736118261
microwave oven convection,other,Philips microwave oven convection Model 635,12598.0,4.1,3062.0,Amazon,2 Days,UNKNOWN,False,,Philips,5.670860042733109,High,High,High,True,0.996523257659946
men running shoes,fashion,Sony men running shoes Model 596,12685.0,5.0,1964.0,Flipkart,2 Days,UNKNOWN,False,,Sony,6.033299009721345,High,High,High,True,0.7741426882144264
air fryer india,other,LG air fryer India Model 884,3840.0,4.9,2735.0,Croma,5 Days,UNKNOWN,False,,LG,6.105700911496976,High,High,High,True,3.489973958333334
air fryer india,other,Nike air fryer India Model 458,9171.0,2.5,3658.0,Reliance Digital,2 Days,UNKNOWN,False,,Nike,4.781978066007683,High,Medium,High,True,0.9971649765565369
men running shoes,fashion,Boat men running shoes Model 997,44964.0,3.6,802.0,Amazon,2 Days,UNKNOWN,False,,Boat,4.835341885578705,High,Medium,Medium,True,0.06421136909527622
power bank fast charging,other,Puma power bank fast charging Model 235,44793.0,4.2,4777.0,Flipkart,5 Days,UNKNOWN,False,,Puma,5.908710931154302,High,High,High,True,0.4479137365213315
microwave oven convection,other,Sony microwave oven convection Model 224,5069.0,4.3,2597.0,Reliance Digital,2 Days,UNKNOWN,False,,Sony,5.724998878892218,High,High,High,True,2.2030183468139675
office chair ergonomic,office equipments,Puma office chair ergonomic Model 226,14746.0,3.1,1199.0,Croma,2 Days,UNKNOWN,False,,Puma,4.696030734310437,High,Medium,High,True,0.25206157602061574
power bank fast charging,other,Nike power bank fast charging Model 262,19476.0,4.0,4865.0,Amazon,Free Delivery,UNKNOWN,False,,Nike,5.796011009337388,High,Medium,High,True,0.9991784760731156
men running shoes,fashion,HP men running shoes Model 563,26629.0,3.8,371.0,Croma,Free Delivery,UNKNOWN,False,,HP,4.647557541709258,High,Medium,Medium,True,0.05294228097187277
microwave oven convection,other,Dell microwave oven convection Model 822,999.0,2.8,4732.0,Croma,5 Days,UNKNOWN,False,,Dell,5.0649258119625,Medium,Medium,High,True,13.262862862862862
power bank fast charging,other,HP power bank fast charging Model 573 ,34168.0,4.3,1223.0,Flipkart,2 Days,UNKNOWN,False,,HP,5.423951785228908,High,High,High,True,0.15391301802856472
microwave oven convection,other,Sony microwave oven convection Model 911,1095.0,3.5,2227.0,Reliance Digital,5 Days,UNKNOWN,False,,Sony,5.183543840418871,Medium,Medium,High,True,7.118264840182649
microwave oven convection,other,Puma microwave oven convection Model 342,24507.0,2.7,389.0,Amazon,5 Days,UNKNOWN,False,,Puma,4.006458695649477,High,Medium,Medium,True,0.042857142857142864
microwave oven convection,other,Sony microwave oven convection Model 764,26390.0,4.1,1905.0,Croma,Free Delivery,UNKNOWN,False,,Sony,5.4811048336856585,High,High,High,True,0.295964380447139
men running shoes,fashion,Boat men running shoes Model 978,42076.0,,2971.0,Amazon,5 Days,UNKNOWN,False,,Boat,,High,,High,False,
microwave oven convection,other,Samsung microwave oven convection Model 210 ,11972.0,3.6,629.0,Flipkart,2 Days,UNKNOWN,False,,Samsung,4.738287927754232,High,Medium,Medium,True,0.18914132976946207
microwave oven convection,other,HP microwave oven convection Model 133,3630.0,3.7,4648.0,Amazon,Free Delivery,UNKNOWN,False,,HP,5.597762968676234,High,Medium,High,True,4.737630853994491
office chair ergonomic,office equipments,Puma office chair ergonomic Model 837,13147.0,4.2,32.0,Croma,5 Days,UNKNOWN,False,,Puma,3.9186030245865924,High,High,Low,True,0.010222864531832358
microwave oven convection,other,Puma microwave oven convection Model 541,18499.0,3.4,2522.0,Reliance Digital,2 Days,UNKNOWN,False,,Puma,5.1732815794564235,High,Medium,High,True,0.46352775825720305
power bank fast charging,other,Sony power bank fast charging Model 286,12239.0,3.7,4088.0,Croma,2 Days,UNKNOWN,False,,Sony,5.546422288145857,High,Medium,High,True,1.2358526023367922
power bank fast charging,other,Puma power bank fast charging Model 383 ,45126.0,3.0,3458.0,Amazon,2 Days,UNKNOWN,False,,Puma,5.059493923574868,High,Medium,High,True,0.22988964233479592
office chair ergonomic,office equipments,Dell office chair ergonomic Model 133,5073.0,3.3,515.0,Reliance Digital,2 Days,UNKNOWN,False,,Dell,4.478442706192625,High,Medium,Medium,True,0.33500887049083383
power bank fast charging,other,HP power bank fast charging Model 103,9195.0,4.3,426.0,Amazon,5 Days,UNKNOWN,False,,HP,5.00271360529145,High,High,Medium,True,0.19921696574225123
microwave oven convection,other,Puma microwave oven convection Model 554,7198.0,4.8,4075.0,Amazon,5 Days,UNKNOWN,False,,Puma,6.205148557737046,High,High,High,True,2.7174215059738818
power bank fast charging,other,Puma power bank fast charging Model 535,42894.0,4.0,387.0,Flipkart,Free Delivery,UNKNOWN,False,,Puma,4.78440213584931,High,Medium,Medium,True,0.0360889634913974
air fryer india,other,Puma air fryer India Model 114,19237.0,4.2,2847.0,Croma,Free Delivery,UNKNOWN,False,,Puma,5.701748909012746,High,High,High,True,0.6215834069761397
office chair ergonomic,office equipments,LG office chair ergonomic Model 168,229430.0,3.2,2872.0,Flipkart,2 Days,UNKNOWN,False,,LG,5.1052448235917165,High,Medium,High,True,0.04005753388833195
office chair ergonomic,office equipments,Nike office chair ergonomic Model 171,48035.0,4.6,4068.0,Flipkart,Free Delivery,UNKNOWN,False,,Nike,6.084461019200676,High,High,High,True,0.38956594150098883
microwave oven convection,other,Puma microwave oven convection Model 226,45427.0,,3127.0,Flipkart,Free Delivery,UNKNOWN,False,,Puma,,High,,High,False,
power bank fast charging,other,Sony power bank fast charging Model 726,2163.0,3.5,1528.0,Reliance Digital,Free Delivery,UNKNOWN,False,,Sony,5.032947682371625,High,Medium,High,True,2.472491909385113
office chair ergonomic,office equipments,Boat office chair ergonomic Model 626,21070.0,3.5,2232.0,Amazon,5 Days,UNKNOWN,False,,Boat,5.184440500736063,High,Medium,High,True,0.3707641196013289
microwave oven convection,other,HP microwave oven convection Model 277 ,36657.0,4.7,4480.0,Croma,Free Delivery,UNKNOWN,False,,HP,6.1830406059144565,High,High,High,True,0.5744059797582999
air fryer india,other,HP air fryer India Model 527,38330.0,3.3,1963.0,Flipkart,Free Delivery,UNKNOWN,False,,HP,5.013095395565764,High,Medium,High,True,0.1690033915992695
men running shoes,fashion,Boat men running shoes Model 948 ,10068.0,4.5,3869.0,Reliance Digital,2 Days,UNKNOWN,False,,Boat,6.004403914409531,High,High,High,True,1.7292908224076282
power bank fast charging,other,LG power bank fast charging Model 896,47595.0,4.1,2583.0,Reliance Digital,Free Delivery,UNKNOWN,False,,LG,5.6028375459609965,High,High,High,True,0.22250866687677276
office chair ergonomic,office equipments,Dell office chair ergonomic Model 164,45070.0,4.1,2690.0,Flipkart,2 Days,UNKNOWN,False,,Dell,5.6190672602907625,High,High,High,True,0.2447082316396716
air fryer india,other,Nike air fryer India Model 194,31793.0,,2201.0,Amazon,5 Days,UNKNOWN,False,,Nike,,High,,High,False,
microwave oven convection,other,Boat microwave oven convection Model 173,47111.0,3.6,2074.0,Reliance Digital,Free Delivery,UNKNOWN,False,,Boat,5.2150865730659195,High,Medium,High,True,0.1584852794464138
microwave oven convection,other,Samsung microwave oven convection Model 145,44221.0,4.5,4997.0,Croma,5 Days,UNKNOWN,False,,Samsung,6.106717244557959,High,High,High,True,0.5085027475633749
microwave oven convection,other,Puma microwave oven convection Model 321,28313.0,3.5,4186.0,Reliance Digital,Free Delivery,UNKNOWN,False,,Puma,5.435895906407657,High,Medium,High,True,0.5174654752233956
air fryer india,other,LG air fryer India Model 163,22657.0,3.8,3631.0,Croma,5 Days,UNKNOWN,False,,LG,5.559015495888474,High,Medium,High,True,0.6089861852849009
microwave oven convection,other,Philips microwave oven convection Model 889,861.0,5.0,1382.0,Amazon,2 Days,UNKNOWN,False,,Philips,5.892804132665903,Medium,High,High,True,8.025551684088269
power bank fast charging,other,Philips power bank fast charging Model 541,46064.0,4.9,3147.0,Reliance Digital,Free Delivery,UNKNOWN,False,,Philips,6.161809043814918,High,High,High,True,0.33475816255644325
air fryer india,other,Philips air fryer India Model 594 ,41057.0,3.6,3166.0,Reliance Digital,2 Days,UNKNOWN,False,,Philips,5.384216018615456,High,Medium,High,True,0.27760430620844195
office chair ergonomic,office equipments,HP office chair ergonomic Model 891,42516.0,4.6,2855.0,Croma,Free Delivery,UNKNOWN,False,,HP,5.9428709293837905,High,High,High,True,0.3088954746448396
office chair ergonomic,office equipments,HP office chair ergonomic Model 552,46946.0,2.7,3568.0,Flipkart,2 Days,UNKNOWN,False,,HP,4.892016289396064,High,Medium,High,True,0.2052059813402633
microwave oven convection,other,Nike microwave oven convection Model 509 ,8160.0,,4917.0,Reliance Digital,Free Delivery,UNKNOWN,False,,Nike,,High,,High,False,
microwave oven convection,other,Sony microwave oven convection Model 163,30641.0,4.0,3963.0,Flipkart,Free Delivery,UNKNOWN,False,,Sony,5.714003558179952,High,Medium,High,True,0.5173460396201168
men running shoes,fashion,Samsung men running shoes Model 605,40321.0,3.9,2672.0,Croma,5 Days,UNKNOWN,False,,Samsung,5.496382686455568,High,Medium,High,True,0.2584459710820664
air fryer india,other,Puma air fryer India Model 553,41567.0,4.5,2251.0,Amazon,Free Delivery,UNKNOWN,False,,Puma,5.787829595703832,High,High,High,True,0.24369090865349918
power bank fast charging,other,Puma power bank fast charging Model 990,27357.0,3.7,1960.0,Croma,5 Days,UNKNOWN,False,,Puma,5.2524839304785385,High,Medium,High,True,0.26508754614906604
office chair ergonomic,office equipments,Boat office chair ergonomic Model 178,5007.0,4.5,543.0,Amazon,2 Days,UNKNOWN,False,,Boat,5.219579698742377,High,High,Medium,True,0.48801677651288194
power bank fast charging,other,LG power bank fast charging Model 658,19178.0,4.9,4495.0,Reliance Digital,2 Days,UNKNOWN,False,,LG,6.304377356629411,High,High,High,True,1.1484774220460945
microwave oven convection,other,Nike microwave oven convection Model 392,18929.0,3.7,4407.0,Amazon,Free Delivery,UNKNOWN,False,,Nike,5.576470540333101,High,Medium,High,True,0.8614242696391781
air fryer india,other,HP air fryer India Model 426,22209.0,,1544.0,Reliance Digital,Free Delivery,UNKNOWN,False,,HP,,High,,High,False,
office chair ergonomic,office equipments,Dell office chair ergonomic Model 777,11887.0,2.7,153.0,Flipkart,2 Days,UNKNOWN,False,,Dell,3.634781040965452,High,Medium,Medium,True,0.03475225035753344
air fryer india,other,Nike air fryer India Model 948,17183.0,2.7,130.0,Croma,2 Days,UNKNOWN,False,,Nike,3.5700789292804607,High,Medium,Medium,True,0.0204271663853809
microwave oven convection,other,HP microwave oven convection Model 218,1280.0,,4982.0,Flipkart,Free Delivery,UNKNOWN,False,,HP,,Medium,,High,False,
microwave oven convection,other,Philips microwave oven convection Model 209,27815.0,3.2,4406.0,Reliance Digital,5 Days,UNKNOWN,False,,Philips,5.276379785936795,High,Medium,High,True,0.506891964767212
men running shoes,fashion,Puma men running shoes Model 923,49220.0,2.8,3066.0,Flipkart,5 Days,UNKNOWN,False,,Puma,4.8913820656457005,High,Medium,High,True,0.17441690369768387
power bank fast charging,other,LG power bank fast charging Model 398,4006.0,3.9,3536.0,Reliance Digital,Free Delivery,UNKNOWN,False,,LG,5.608413675682192,High,Medium,High,True,3.4424363454817772
air fryer india,other,Philips air fryer India Model 348,14376.0,4.6,2307.0,Croma,5 Days,UNKNOWN,False,,Philips,5.857654651051196,High,High,High,True,0.7381886477462437
men running shoes,fashion,Sony men running shoes Model 458,7058.0,3.1,516.0,Reliance Digital,2 Days,UNKNOWN,False,,Sony,4.359217149803372,High,Medium,Medium,True,0.22663644091810714
microwave oven convection,other,Sony microwave oven convection Model 143,27040.0,3.5,3942.0,Reliance Digital,5 Days,UNKNOWN,False,,Sony,5.411878853551052,High,Medium,High,True,0.5102440828402367
power bank fast charging,other,LG power bank fast charging Model 902,36998.0,5.0,2677.0,Reliance Digital,Free Delivery,UNKNOWN,False,,LG,6.157130210500448,High,High,High,True,0.3617763122330937
office chair ergonomic,office equipments,HP office chair ergonomic Model 168,20097.0,3.5,2880.0,Croma,2 Days,UNKNOWN,False,,HP,5.286357094033812,High,Medium,High,True,0.5015673981191222
power bank fast charging,other,Dell power bank fast charging Model 817,8299.0,3.7,,Flipkart,5 Days,UNKNOWN,False,,Dell,,High,Medium,,True,
microwave oven convection,other,Samsung microwave oven convection Model 436,38648.0,4.2,2095.0,Croma,2 Days,UNKNOWN,False,,Samsung,5.579114418176373,High,High,High,True,0.2276702546056717
air fryer india,other,LG air fryer India Model 921,16964.0,2.7,4354.0,Reliance Digital,2 Days,UNKNOWN,False,,LG,4.971631955714641,High,Medium,High,True,0.6929851450129687
microwave oven convection,other,Nike microwave oven convection Model 675,2014.0,3.7,1428.0,Reliance Digital,5 Days,UNKNOWN,False,,Nike,5.125892071171947,High,Medium,High,True,2.62343594836147
air fryer india,other,Dell air fryer India Model 399,3266.0,3.2,3596.0,Amazon,Free Delivery,UNKNOWN,False,,Dell,5.19514217747825,High,Medium,High,True,3.523331292100429
office chair ergonomic,office equipments,Puma office chair ergonomic Model 305 ,15697.0,3.7,1940.0,Flipkart,2 Days,UNKNOWN,False,,Puma,5.2483834332676045,High,Medium,High,True,0.4572848314964643
microwave oven convection,other,Sony microwave oven convection Model 852,4773.0,4.5,3005.0,Croma,2 Days,UNKNOWN,False,,Sony,5.903346228125168,High,High,High,True,2.8331238214959145
microwave oven convection,other,Sony microwave oven convection Model 440 ,4334.0,2.5,2041.0,Flipkart,5 Days,UNKNOWN,False,,Sony,4.548673999489845,High,Medium,High,True,1.1773188740193816
air fryer india,other,Nike air fryer India Model 186,21352.0,3.3,2849.0,Croma,5 Days,UNKNOWN,False,,Nike,5.162029709305078,High,Medium,High,True,0.4403194080179842
men running shoes,fashion,Dell men running shoes Model 200,31794.0,4.0,354.0,Amazon,2 Days,UNKNOWN,False,,Dell,4.748847115790166,High,Medium,Medium,True,0.04453670503868654
power bank fast charging,other,HP power bank fast charging Model 577,38962.0,2.9,99.0,Croma,2 Days,UNKNOWN,False,,HP,3.582068074395237,High,Medium,Low,True,0.007368718238283454
power bank fast charging,other,Dell power bank fast charging Model 966,28133.0,4.4,2950.0,Flipkart,Free Delivery,UNKNOWN,False,,Dell,5.835959749977176,High,High,High,True,0.4613798741691253
office chair ergonomic,office equipments,Philips office chair ergonomic Model 470,37042.0,4.9,4107.0,Flipkart,2 Days,UNKNOWN,False,,Philips,6.26827662841938,High,High,High,True,0.543283300037795
power bank fast charging,other,Philips power bank fast charging Model 136,114690.0,3.4,2456.0,Reliance Digital,Free Delivery,UNKNOWN,False,,Philips,5.162678549008472,High,Medium,High,True,0.07280844014299416
men running shoes,fashion,Boat men running shoes Model 839,2510.0,2.5,3356.0,Croma,2 Days,UNKNOWN,False,,Boat,4.747521198792015,High,Medium,High,True,3.3426294820717133
power bank fast charging,other,Samsung power bank fast charging Model 918,41601.0,2.9,2072.0,Croma,2 Days,UNKNOWN,False,,Samsung,4.794700844974312,High,Medium,High,True,0.14443883560491336
microwave oven convection,other,Dell microwave oven convection Model 663,5712.0,4.2,1139.0,Amazon,5 Days,UNKNOWN,False,,Dell,5.3355134165554166,High,High,High,True,0.8375
air fryer india,other,Nike air fryer India Model 610,39140.0,2.9,3032.0,Amazon,Free Delivery,UNKNOWN,False,,Nike,4.946923003075433,High,Medium,High,True,0.22464997445068982
men running shoes,fashion,Nike men running shoes Model 799,5743.0,3.8,1695.0,Flipkart,5 Days,UNKNOWN,False,,Nike,5.25441112654074,High,Medium,High,True,1.121539265192408
office chair ergonomic,office equipments,Boat office chair ergonomic Model 649,999.0,4.4,4972.0,Reliance Digital,5 Days,UNKNOWN,False,,Boat,6.044711423485896,Medium,High,High,True,21.898698698698702
men running shoes,fashion,Sony men running shoes Model 547,2086.0,4.6,2882.0,Croma,2 Days,UNKNOWN,False,,Sony,5.946634679055361,High,High,High,True,6.355321188878236
air fryer india,other,Samsung air fryer India Model 355 ,43541.0,3.3,2088.0,Amazon,5 Days,UNKNOWN,False,,Samsung,5.037776304622626,High,Medium,High,True,0.15825084403206172
office chair ergonomic,office equipments,Nike office chair ergonomic Model 983,2556.0,3.3,951.0,Flipkart,Free Delivery,UNKNOWN,False,,Nike,4.723426013916546,High,Medium,Medium,True,1.2278169014084506
office chair ergonomic,office equipments,Sony office chair ergonomic Model 422,40011.0,3.9,108.0,Reliance Digital,Free Delivery,UNKNOWN,False,,Sony,4.216539152891658,High,Medium,Medium,True,0.010527105046112319
office chair ergonomic,office equipments,LG office chair ergonomic Model 829 ,48584.0,3.1,1055.0,Reliance Digital,2 Days,UNKNOWN,False,,LG,4.644897385706482,High,Medium,High,True,0.06731640046105714
power bank fast charging,other,HP power bank fast charging Model 549,35974.0,4.0,3831.0,Amazon,5 Days,UNKNOWN,False,,HP,5.7004568556363004,High,Medium,High,True,0.42597431478289877
men running shoes,fashion,Philips men running shoes Model 919,3772.0,,1377.0,Croma,2 Days,UNKNOWN,False,,Philips,,High,,High,False,
air fryer india,other,Sony air fryer India Model 331,12621.0,3.0,2262.0,Flipkart,Free Delivery,UNKNOWN,False,,Sony,4.889778658253415,High,Medium,High,True,0.537675303066318
power bank fast charging,other,LG power bank fast charging Model 220 ,39474.0,3.1,1988.0,Reliance Digital,Free Delivery,UNKNOWN,False,,LG,4.898154911541589,High,Medium,High,True,0.1561230176825252
men running shoes,fashion,Samsung men running shoes Model 785,7514.0,3.1,4026.0,Reliance Digital,5 Days,UNKNOWN,False,,Samsung,5.180310784340582,High,Medium,High,True,1.6609795049241416
men running shoes,fashion,Samsung men running shoes Model 174,47927.0,2.7,3938.0,Amazon,Free Delivery,UNKNOWN,False,,Samsung,4.931472865188363,High,Medium,High,True,0.22184989671792518
men running shoes,fashion,Samsung men running shoes Model 658,33900.0,4.0,458.0,Reliance Digital,5 Days,UNKNOWN,False,,Samsung,4.851620084024218,High,Medium,Medium,True,0.05404129793510325
men running shoes,fashion,Sony men running shoes Model 587,44061.0,,,Amazon,2 Days,UNKNOWN,False,,Sony,,High,,,False,
microwave oven convection,other,HP microwave oven convection Model 299,19916.0,4.6,281.0,Reliance Digital,5 Days,UNKNOWN,False,,HP,5.016762828375246,High,High,Medium,True,0.06490259088170315
office chair ergonomic,office equipments,Boat office chair ergonomic Model 117,42880.0,2.6,3811.0,Flipkart,Free Delivery,UNKNOWN,False,,Boat,4.858363705909637,High,Medium,High,True,0.23107742537313433
microwave oven convection,other,Nike microwave oven convection Model 418,3327.0,4.4,1863.0,Flipkart,Free Delivery,UNKNOWN,False,,Nike,5.652191998098215,High,High,High,True,2.463841298467088
microwave oven convection,other,Samsung microwave oven convection Model 738,48929.0,3.5,2114.0,Croma,2 Days,UNKNOWN,False,,Samsung,5.162724036592151,High,Medium,High,True,0.15121911340922561
men running shoes,fashion,Samsung men running shoes Model 250,18528.0,4.4,4222.0,Amazon,2 Days,UNKNOWN,False,,Samsung,5.979320421973577,High,High,High,True,1.0026338514680486
power bank fast charging,other,HP power bank fast charging Model 312,34695.0,3.4,3977.0,Reliance Digital,Free Delivery,UNKNOWN,False,,HP,5.355413783765567,High,Medium,High,True,0.38973339097852716
men running shoes,fashion,Puma men running shoes Model 761,23220.0,4.5,3713.0,Flipkart,5 Days,UNKNOWN,False,,Puma,5.98794589676506,High,High,High,True,0.7195736434108527
air fryer india,other,Sony air fryer India Model 395,18860.0,2.6,2188.0,Flipkart,2 Days,UNKNOWN,False,,Sony,4.636480039009145,High,Medium,High,True,0.30163308589607635
men running shoes,fashion,Sony men running shoes Model 654,37225.0,4.9,1798.0,Croma,Free Delivery,UNKNOWN,False,,Sony,5.937994493580213,High,High,High,True,0.23667427803895233
microwave oven convection,other,Philips microwave oven convection Model 322,38800.0,4.2,3643.0,Croma,Free Delivery,UNKNOWN,False,,Philips,5.80033490335194,High,High,High,True,0.39434536082474225
office chair ergonomic,office equipments,Sony office chair ergonomic Model 215 ,395720.0,3.3,3512.0,Reliance Digital,5 Days,UNKNOWN,False,,Sony,5.245690260906331,High,Medium,High,True,0.02928737491155362
office chair ergonomic,office equipments,Nike office chair ergonomic Model 650,20379.0,4.0,1776.0,Croma,5 Days,UNKNOWN,False,,Nike,5.39307273126186,High,Medium,High,True,0.34859414102752834
office chair ergonomic,office equipments,Boat office chair ergonomic Model 869,45800.0,4.5,2207.0,Reliance Digital,5 Days,UNKNOWN,False,,Boat,5.779936962958795,High,High,High,True,0.21684497816593887
men running shoes,fashion,Sony men running shoes Model 120,46739.0,4.6,3913.0,Amazon,2 Days,UNKNOWN,False,,Sony,6.068926059182409,High,High,High,True,0.385113074734162
microwave oven convection,other,Boat microwave oven convection Model 324,38021.0,3.8,3188.0,Croma,2 Days,UNKNOWN,False,,Boat,5.506985066804022,High,Medium,High,True,0.3186239183609058
microwave oven convection,other,LG microwave oven convection Model 315,3378.0,,1762.0,Reliance Digital,2 Days,UNKNOWN,False,,LG,,High,,High,False,
microwave oven convection,other,Nike microwave oven convection Model 828,29703.0,2.6,3912.0,Croma,2 Days,UNKNOWN,False,,Nike,4.8688238488841655,High,Medium,High,True,0.34243005756994244
power bank fast charging,other,HP power bank fast charging Model 527,30519.0,4.9,4510.0,Reliance Digital,2 Days,UNKNOWN,False,,HP,6.3057096549633584,High,High,High,True,0.7241062944395295
power bank fast charging,other,Sony power bank fast charging Model 610,36000.0,,3800.0,Amazon,2 Days,UNKNOWN,False,,Sony,,High,,High,False,
air fryer india,other,Dell air fryer India Model 578,36341.0,4.8,883.0,Flipkart,Free Delivery,UNKNOWN,False,,Dell,5.593782825055057,High,High,Medium,True,0.11662860130431192
microwave oven convection,other,Boat microwave oven convection Model 347,17219.0,4.9,4143.0,Reliance Digital,5 Days,UNKNOWN,False,,Boat,6.271766713575728,High,High,High,True,1.1789709042336953
men running shoes,fashion,Nike men running shoes Model 219,34253.0,,841.0,Flipkart,5 Days,UNKNOWN,False,,Nike,,High,,Medium,False,
microwave oven convection,other,Nike microwave oven convection Model 250,39513.0,3.4,4537.0,Reliance Digital,5 Days,UNKNOWN,False,,Nike,5.408096666135915,High,Medium,High,True,0.39039809682889176
air fryer india,other,Dell air fryer India Model 491,25496.0,3.4,2200.0,Reliance Digital,2 Days,UNKNOWN,False,,Dell,5.118666832610585,High,Medium,High,True,0.2933793536240979
men running shoes,fashion,Philips men running shoes Model 426,27021.0,3.8,2209.0,Amazon,5 Days,UNKNOWN,False,,Philips,5.360299117804719,High,Medium,High,True,0.3106546759927463
office chair ergonomic,office equipments,HP office chair ergonomic Model 267,46662.0,3.0,359.0,Reliance Digital,2 Days,UNKNOWN,False,,HP,4.154441612580062,High,Medium,Medium,True,0.02308087951652308
office chair ergonomic,office equipments,Dell office chair ergonomic Model 173,18061.0,4.3,4758.0,Flipkart,Free Delivery,UNKNOWN,False,,Dell,5.967117136448444,High,High,High,True,1.1327944189136814
office chair ergonomic,office equipments,Samsung office chair ergonomic Model 351,37724.0,2.6,3723.0,Reliance Digital,5 Days,UNKNOWN,False,,Samsung,4.849021455358784,High,Medium,High,True,0.25659527091506734
power bank fast charging,other,Dell power bank fast charging Model 614,44089.0,,200.0,Flipkart,Free Delivery,UNKNOWN,False,,Dell,,High,,Medium,False,
office chair ergonomic,office equipments,Nike office chair ergonomic Model 977,41365.0,3.8,1093.0,Croma,Free Delivery,UNKNOWN,False,,Nike,5.0790383931927705,High,Medium,High,True,0.10040855795962769
microwave oven convection,other,LG microwave oven convection Model 911,15783.0,3.8,2230.0,Amazon,5 Days,UNKNOWN,False,,LG,5.364082077773013,High,Medium,High,True,0.5369067984540328
microwave oven convection,other,HP microwave oven convection Model 190,36826.0,2.5,320.0,Amazon,5 Days,UNKNOWN,False,,HP,3.8085764492520062,High,Medium,Medium,True,0.021723782110465432
power bank fast charging,other,Philips power bank fast charging Model 994,36273.0,3.6,1514.0,Reliance Digital,5 Days,UNKNOWN,False,,Philips,5.089268287177388,High,Medium,High,True,0.15026052435695975
office chair ergonomic,office equipments,Samsung office chair ergonomic Model 796,7217.0,4.3,4830.0,Reliance Digital,2 Days,UNKNOWN,False,,Samsung,5.973123505821762,High,High,High,True,2.877788554801164
men running shoes,fashion,Samsung men running shoes Model 565,33380.0,2.6,2274.0,Reliance Digital,5 Days,UNKNOWN,False,,Samsung,4.651894132554021,High,Medium,High,True,0.17712402636309169
power bank fast charging,other,Philips power bank fast charging Model 567,42951.0,4.2,2692.0,Reliance Digital,5 Days,UNKNOWN,False,,Philips,5.67936443712464,High,High,High,True,0.26323950548299224
office chair ergonomic,office equipments,Nike office chair ergonomic Model 620 ,23961.0,3.7,913.0,Reliance Digital,Free Delivery,UNKNOWN,False,,Nike,4.94713222858166,High,Medium,Medium,True,0.14098326447143275
power bank fast charging,other,Philips power bank fast charging Model 275,49516.0,4.7,571.0,Croma,Free Delivery,UNKNOWN,False,,Philips,5.359655596551919,High,High,Medium,True,0.054198642862913
office chair ergonomic,office equipments,Boat office chair ergonomic Model 912,13315.0,2.7,3479.0,Amazon,2 Days,UNKNOWN,False,,Boat,4.881915029107408,High,Medium,High,True,0.705467517837026
men running shoes,fashion,HP men running shoes Model 889 ,46591.0,5.0,4088.0,Flipkart,5 Days,UNKNOWN,False,,HP,6.326422288145857,High,High,High,True,0.4387113390998261
microwave oven convection,other,Philips microwave oven convection Model 811,265610.0,4.3,4360.0,Croma,2 Days,UNKNOWN,False,,Philips,5.9321826671371065,High,High,High,True,0.07058469184142163
air fryer india,other,Philips air fryer India Model 811,24354.0,2.7,3500.0,Reliance Digital,2 Days,UNKNOWN,False,,Philips,4.884321568381866,High,Medium,High,True,0.38802660753880264
microwave oven convection,other,Puma microwave oven convection Model 599,25806.0,4.3,2331.0,Flipkart,Free Delivery,UNKNOWN,False,,Puma,5.681792618988153,High,High,High,True,0.3884096721692629
air fryer india,other,HP air fryer India Model 506,5202.0,3.6,2195.0,Croma,2 Days,UNKNOWN,False,,HP,5.237757121051769,High,Medium,High,True,1.519031141868512
microwave oven convection,other,Samsung microwave oven convection Model 571,10268.0,4.7,3228.0,Flipkart,2 Days,UNKNOWN,False,,Samsung,6.051971108303309,High,High,High,True,1.477561355668095
air fryer india,other,HP air fryer India Model 838,47909.0,4.6,2214.0,Amazon,5 Days,UNKNOWN,False,,HP,5.841203072991695,High,High,High,True,0.21257801248199712
air fryer india,other,Puma air fryer India Model 766,5958.0,3.4,494.0,Flipkart,2 Days,UNKNOWN,False,,Puma,4.521823105027476,High,Medium,Medium,True,0.2819066800939913
men running shoes,fashion,Dell men running shoes Model 874,10730.0,2.5,1422.0,Reliance Digital,2 Days,UNKNOWN,False,,Dell,4.4042090392359405,High,Medium,High,True,0.33131407269338303
men running shoes,fashion,Philips men running shoes Model 202,14611.0,2.7,4839.0,Croma,Free Delivery,UNKNOWN,False,,Philips,5.013867999884271,High,Medium,High,True,0.8942098418999385
power bank fast charging,other,Boat power bank fast charging Model 718,32604.0,3.8,2491.0,Croma,Free Delivery,UNKNOWN,False,,Boat,5.408336351962937,High,Medium,High,True,0.2903263403263403
men running shoes,fashion,Philips men running shoes Model 793,9884.0,3.1,1285.0,Croma,Free Delivery,UNKNOWN,False,,Philips,4.723716761919025,High,Medium,High,True,0.4030250910562525
office chair ergonomic,office equipments,Dell office chair ergonomic Model 304,19464.0,,1826.0,Amazon,5 Days,UNKNOWN,False,,Dell,,High,,High,False,
microwave oven convection,other,Boat microwave oven convection Model 657,37648.0,3.6,249.0,Croma,2 Days,UNKNOWN,False,,Boat,4.368584367144899,High,Medium,Medium,True,0.023810029749256268
office chair ergonomic,office equipments,Samsung office chair ergonomic Model 705,42565.0,,1017.0,Amazon,Free Delivery,UNKNOWN,False,,Samsung,,High,,High,False,
power bank fast charging,other,LG power bank fast charging Model 718,39901.0,3.2,2296.0,Reliance Digital,5 Days,UNKNOWN,False,,LG,5.015743681075639,High,Medium,High,True,0.18413573594646754
power bank fast charging,other,Dell power bank fast charging Model 936,45006.0,4.1,3694.0,Flipkart,5 Days,UNKNOWN,False,,Dell,5.74589433335292,High,High,High,True,0.3365195751677554
microwave oven convection,other,Puma microwave oven convection Model 435,13475.0,4.5,1862.0,Amazon,Free Delivery,UNKNOWN,False,,Puma,5.7119773482406355,High,High,High,True,0.6218181818181818
power bank fast charging,other,HP power bank fast charging Model 544,2627.0,4.7,512.0,Amazon,Free Delivery,UNKNOWN,False,,HP,5.316110338068308,High,High,Medium,True,0.9160258850399696
office chair ergonomic,office equipments,Boat office chair ergonomic Model 509,7810.0,2.9,3143.0,Croma,2 Days,UNKNOWN,False,,Boat,4.961300461419639,High,Medium,High,True,1.1670550576184378
air fryer india,other,HP air fryer India Model 624,999.0,4.3,1573.0,Flipkart,2 Days,UNKNOWN,False,,HP,5.524550171590939,Medium,High,High,True,6.77067067067067
power bank fast charging,other,Nike power bank fast charging Model 863,39057.0,4.1,1310.0,Reliance Digital,5 Days,UNKNOWN,False,,Nike,5.331418193505479,High,High,High,True,0.13751696238830424
air fryer india,other,Samsung air fryer India Model 438,999.0,4.6,1497.0,Flipkart,Free Delivery,UNKNOWN,False,,Samsung,5.684754465630865,Medium,High,High,True,6.893093093093093
microwave oven convection,other,Nike microwave oven convection Model 798,13302.0,3.0,4736.0,Croma,Free Delivery,UNKNOWN,False,,Nike,5.1852637211695,High,Medium,High,True,1.0681100586377987
office chair ergonomic,office equipments,LG office chair ergonomic Model 482,27778.0,3.7,1253.0,Flipkart,2 Days,UNKNOWN,False,,LG,5.0736374884771465,High,Medium,High,True,0.1668982648138815
men running shoes,fashion,Dell men running shoes Model 980,26143.0,4.3,3563.0,Amazon,Free Delivery,UNKNOWN,False,,Dell,5.85145551543628,High,High,High,True,0.5860421527751214
men running shoes,fashion,Samsung men running shoes Model 804 ,37654.0,2.9,4091.0,Reliance Digital,5 Days,UNKNOWN,False,,Samsung,5.066715650828607,High,Medium,High,True,0.315076751473947
power bank fast charging,other,LG power bank fast charging Model 629,17478.0,3.8,835.0,Reliance Digital,2 Days,UNKNOWN,False,,LG,4.97145144523388,High,Medium,Medium,True,0.18154251058473508
air fryer india,other,Puma air fryer India Model 888,32658.0,3.4,3151.0,Reliance Digital,Free Delivery,UNKNOWN,False,,Puma,5.262316980391108,High,Medium,High,True,0.3280482577010227
power bank fast charging,other,Sony power bank fast charging Model 453,33355.0,3.6,1888.0,Amazon,5 Days,UNKNOWN,False,,Sony,5.177521147000604,High,Medium,High,True,0.20377154849347925
air fryer india,other,Sony air fryer India Model 957,39483.0,3.6,3781.0,Flipkart,2 Days,UNKNOWN,False,,Sony,5.455203299687362,High,Medium,High,True,0.34474583998176433
air fryer india,other,Dell air fryer India Model 753,6992.0,4.4,1002.0,Flipkart,2 Days,UNKNOWN,False,,Dell,5.404300315184775,High,High,High,True,0.6305491990846682
office chair ergonomic,office equipments,Sony office chair ergonomic Model 657,41830.0,3.5,660.0,Reliance Digital,2 Days,UNKNOWN,False,,Sony,4.697501535940674,High,Medium,Medium,True,0.055223523786755914
microwave oven convection,other,Sony microwave oven convection Model 482,7782.0,3.3,2054.0,Croma,2 Days,UNKNOWN,False,,Sony,5.031212450772133,High,Medium,High,True,0.8710100231303006
office chair ergonomic,office equipments,Philips office chair ergonomic Model 414,12081.0,3.2,1965.0,Amazon,Free Delivery,UNKNOWN,False,,Philips,4.953502520282845,High,Medium,High,True,0.5204867146759374
men running shoes,fashion,Sony men running shoes Model 620,27675.0,2.8,2671.0,Flipkart,2 Days,UNKNOWN,False,,Sony,4.836233013862614,High,Medium,High,True,0.2702366757000903
men running shoes,fashion,LG men running shoes Model 675,8539.0,2.8,1189.0,Reliance Digital,2 Days,UNKNOWN,False,,LG,4.51268343444223,High,Medium,High,True,0.38988171917086306
office chair ergonomic,office equipments,Nike office chair ergonomic Model 213 ,38033.0,3.0,2660.0,Croma,Free Delivery,UNKNOWN,False,,Nike,4.9545829083910755,High,Medium,High,True,0.2098177898141088
microwave oven convection,other,HP microwave oven convection Model 317,36440.0,3.3,3468.0,Reliance Digital,Free Delivery,UNKNOWN,False,,HP,5.2406486587879,High,Medium,High,True,0.3140614709110867
office chair ergonomic,office equipments,Nike office chair ergonomic Model 206,7079.0,3.8,3238.0,Amazon,Free Delivery,UNKNOWN,False,,Nike,5.5132079676685315,High,Medium,High,True,1.7381551066534822
office chair ergonomic,office equipments,LG office chair ergonomic Model 859,44020.0,3.4,4622.0,Reliance Digital,Free Delivery,UNKNOWN,False,,LG,5.41551964959529,High,Medium,High,True,0.3569922762380736
power bank fast charging,other,HP power bank fast charging Model 880,48374.0,,2179.0,Reliance Digital,2 Days,UNKNOWN,False,,HP,,High,,High,False,
office chair ergonomic,office equipments,Nike office chair ergonomic Model 716 ,6599.0,4.4,1617.0,Flipkart,Free Delivery,UNKNOWN,False,,Nike,5.595578439047375,High,High,High,True,1.0781633580845582
men running shoes,fashion,Nike men running shoes Model 830,14871.0,4.6,187.0,Amazon,2 Days,UNKNOWN,False,,Nike,4.85457678513198,High,High,Medium,True,0.05784412615157017
office chair ergonomic,office equipments,Boat office chair ergonomic Model 688,2783.0,3.1,1997.0,Reliance Digital,5 Days,UNKNOWN,False,,Boat,4.899960783683399,High,Medium,High,True,2.2244699964067554
power bank fast charging,other,Philips power bank fast charging Model 262,20128.0,4.6,1331.0,Reliance Digital,2 Days,UNKNOWN,False,,Philips,5.637774740440134,High,High,High,True,0.30418322734499204
power bank fast charging,other,Boat power bank fast charging Model 942,42017.0,3.2,4463.0,Reliance Digital,Free Delivery,UNKNOWN,False,,Boat,5.281520201624459,High,Medium,High,True,0.3399005164576243
air fryer india,other,Dell air fryer India Model 679,41000.0,3.0,4008.0,Flipkart,Free Delivery,UNKNOWN,False,,Dell,5.118518845057003,High,Medium,High,True,0.2932682926829268
air fryer india,other,Sony air fryer India Model 449 ,37450.0,2.6,4046.0,Reliance Digital,Free Delivery,UNKNOWN,False,,Sony,4.882292457950347,High,Medium,High,True,0.28089719626168225
air fryer india,other,Samsung air fryer India Model 811,8748.0,3.9,,Amazon,2 Days,UNKNOWN,False,,Samsung,,High,Medium,,True,
microwave oven convection,other,Boat microwave oven convection Model 555,40310.0,3.7,,Croma,5 Days,UNKNOWN,False,,Boat,,High,Medium,,True,
power bank fast charging,other,Sony power bank fast charging Model 485,14257.0,3.3,4586.0,Flipkart,5 Days,UNKNOWN,False,,Sony,5.352392597838868,High,Medium,High,True,1.0614996142245914
office chair ergonomic,office equipments,Boat office chair ergonomic Model 957,30490.0,2.9,4951.0,Flipkart,5 Days,UNKNOWN,False,,Boat,5.1430187257457725,High,Medium,High,True,0.4709052148245326
power bank fast charging,other,Philips power bank fast charging Model 713,33479.0,3.5,1868.0,Croma,5 Days,UNKNOWN,False,,Philips,5.113263522982225,High,Medium,High,True,0.1952865975686251
men running shoes,fashion,Philips men running shoes Model 197,16859.0,2.9,3991.0,Amazon,5 Days,UNKNOWN,False,,Philips,5.056819054972542,High,Medium,High,True,0.686511655495581
men running shoes,fashion,Boat men running shoes Model 599,38659.0,4.1,3508.0,Flipkart,5 Days,UNKNOWN,False,,Boat,5.725234550233286,High,High,High,True,0.37204273261077625
men running shoes,fashion,HP men running shoes Model 842,36141.0,4.4,523.0,Croma,2 Days,UNKNOWN,False,,HP,5.144596673728417,High,High,Medium,True,0.06367283694419082
office chair ergonomic,office equipments,Dell office chair ergonomic Model 675,39908.0,,1019.0,Amazon,2 Days,UNKNOWN,False,,Dell,,High,,High,False,
microwave oven convection,other,Dell microwave oven convection Model 991,2702.0,4.1,1510.0,Amazon,Free Delivery,UNKNOWN,False,,Dell,5.388210784909095,High,High,High,True,2.291265729089563
office chair ergonomic,office equipments,Dell office chair ergonomic Model 968,27549.0,3.7,1702.0,Amazon,2 Days,UNKNOWN,False,,Dell,5.196058672265076,High,Medium,High,True,0.22858905949399255
office chair ergonomic,office equipments,Philips office chair ergonomic Model 629,32891.0,,2641.0,Flipkart,Free Delivery,UNKNOWN,False,,Philips,,High,,High,False,
microwave oven convection,other,HP microwave oven convection Model 573,31490.0,3.1,3081.0,Amazon,2 Days,UNKNOWN,False,,HP,5.0733336063520245,High,Medium,High,True,0.3033058113686885
men running shoes,fashion,LG men running shoes Model 141,4134.0,3.5,2553.0,Reliance Digital,2 Days,UNKNOWN,False,,LG,5.238166414636995,High,Medium,High,True,2.161465892597968
men running shoes,fashion,LG men running shoes Model 731,48627.0,4.0,2347.0,Reliance Digital,2 Days,UNKNOWN,False,,LG,5.504527672379195,High,Medium,High,True,0.19306146790877496
microwave oven convection,other,Sony microwave oven convection Model 676,41297.0,4.3,2957.0,Croma,5 Days,UNKNOWN,False,,Sony,5.7769074573082975,High,High,High,True,0.30789403588638403
men running shoes,fashion,Boat men running shoes Model 946,39259.0,3.6,3308.0,Amazon,2 Days,UNKNOWN,False,,Boat,5.401760523168646,High,Medium,High,True,0.30333936167502995
men running shoes,fashion,Dell men running shoes Model 200 ,4014.0,3.4,3811.0,Flipkart,2 Days,UNKNOWN,False,,Dell,5.338363705909638,High,Medium,High,True,3.228051818634778
power bank fast charging,other,Samsung power bank fast charging Model 878,9900.0,3.4,3076.0,Croma,5 Days,UNKNOWN,False,,Samsung,5.252684150128817,High,Medium,High,True,1.0564040404040405
air fryer india,other,Nike air fryer India Model 258,7313.0,4.8,4820.0,Amazon,5 Days,UNKNOWN,False,,Nike,6.272294661762249,High,High,High,True,3.1636811158211406
men running shoes,fashion,Dell men running shoes Model 244,23673.0,4.5,3927.0,Croma,2 Days,UNKNOWN,False,,Dell,6.010354267789742,High,High,High,True,0.7464833354454442
men running shoes,fashion,HP men running shoes Model 771,21140.0,3.7,2215.0,Amazon,5 Days,UNKNOWN,False,,HP,5.30138361914687,High,Medium,High,True,0.38767738883632924
microwave oven convection,other,Boat microwave oven convection Model 219,19893.0,3.5,3165.0,Amazon,5 Days,UNKNOWN,False,,Boat,5.324089696176383,High,Medium,High,True,0.5568541698084754
office chair ergonomic,office equipments,Nike office chair ergonomic Model 852,999.0,2.6,,Reliance Digital,2 Days,UNKNOWN,False,,Nike,,Medium,Medium,,True,
microwave oven convection,other,Dell microwave oven convection Model 150,29474.0,2.5,3901.0,Croma,2 Days,UNKNOWN,False,,Dell,4.807697808473223,High,Medium,High,True,0.3308848476623465
microwave oven convection,other,LG microwave oven convection Model 304,23499.0,2.6,4843.0,Amazon,2 Days,UNKNOWN,False,,LG,4.954198441869194,High,Medium,High,True,0.5358440784714243
air fryer india,other,Dell air fryer India Model 406,580.0,5.0,4288.0,Reliance Digital,Free Delivery,UNKNOWN,False,,Dell,6.345523553806752,Medium,High,High,True,36.96551724137931
power bank fast charging,other,Samsung power bank fast charging Model 292,2027.0,5.0,939.0,Amazon,5 Days,UNKNOWN,False,,Samsung,5.738351950105621,High,High,Medium,True,2.316230883078441
office chair ergonomic,office equipments,LG office chair ergonomic Model 239,38994.0,3.0,2868.0,Reliance Digital,5 Days,UNKNOWN,False,,LG,4.984687526392546,High,Medium,High,True,0.22064933066625636
office chair ergonomic,office equipments,Philips office chair ergonomic Model 666,31575.0,5.0,1871.0,Reliance Digital,2 Days,UNKNOWN,False,,Philips,6.013905062815015,High,High,High,True,0.2962787015043547
microwave oven convection,other,HP microwave oven convection Model 268,3182.0,3.3,278.0,Flipkart,Free Delivery,UNKNOWN,False,,HP,4.232484712728546,High,Medium,Medium,True,0.2883092394720302
men running shoes,fashion,Philips men running shoes Model 842,33315.0,3.7,1768.0,Amazon,Free Delivery,UNKNOWN,False,,Philips,5.211267877663914,High,Medium,High,True,0.19635599579768873
office chair ergonomic,office equipments,Samsung office chair ergonomic Model 950,41261.0,4.0,808.0,Flipkart,5 Days,UNKNOWN,False,,Samsung,5.078319566823397,High,Medium,Medium,True,0.07833062698431933
power bank fast charging,other,HP power bank fast charging Model 514,23139.0,3.5,3129.0,Amazon,2 Days,UNKNOWN,False,,HP,5.31951531341368,High,Medium,High,True,0.4732918449371192
power bank fast charging,other,Boat power bank fast charging Model 872 ,41853.0,3.9,762.0,Amazon,2 Days,UNKNOWN,False,,Boat,4.994903212513783,High,Medium,Medium,True,0.07100566267651064
microwave oven convection,other,Puma microwave oven convection Model 666,12418.0,3.5,4483.0,Reliance Digital,Free Delivery,UNKNOWN,False,,Puma,5.46330831367682,High,Medium,High,True,1.2635287485907554
air fryer india,other,Nike air fryer India Model 114,509.0,,3324.0,Reliance Digital,2 Days,UNKNOWN,False,,Nike,,Medium,,High,False,
air fryer india,other,Dell air fryer India Model 326,21328.0,4.5,2894.0,Amazon,2 Days,UNKNOWN,False,,Dell,5.888296156002838,High,High,High,True,0.6106057764441111
office chair ergonomic,office equipments,Puma office chair ergonomic Model 149,48111.0,4.1,96.0,Croma,Free Delivery,UNKNOWN,False,,Puma,4.289884391401353,High,High,Low,True,0.008181081249610275
microwave oven convection,other,Nike microwave oven convection Model 989 ,33750.0,3.1,4457.0,Reliance Digital,Free Delivery,UNKNOWN,False,,Nike,5.220982205578325,High,Medium,High,True,0.40938370370370375
microwave oven convection,other,Puma microwave oven convection Model 243,7911.0,4.3,3020.0,Reliance Digital,2 Days,UNKNOWN,False,,Puma,5.785337272554669,High,High,High,True,1.6415118189862217
power bank fast charging,other,Boat power bank fast charging Model 254,4855.0,4.8,2336.0,Reliance Digital,Free Delivery,UNKNOWN,False,,Boat,5.9826493338155435,High,High,High,True,2.309536560247168
microwave oven convection,other,Philips microwave oven convection Model 132 ,110800.0,3.8,4460.0,Croma,Free Delivery,UNKNOWN,False,,Philips,5.6412512940513055,High,Medium,High,True,0.15296028880866425
office chair ergonomic,office equipments,Dell office chair ergonomic Model 448,44077.0,5.0,4078.0,Flipkart,Free Delivery,UNKNOWN,False,,Dell,6.325442855727023,High,High,High,True,0.46259954171109646
office chair ergonomic,office equipments,Philips office chair ergonomic Model 849,5498.0,2.9,1932.0,Amazon,Free Delivery,UNKNOWN,False,,Philips,4.766731391683333,High,Medium,High,True,1.0190614769006912
office chair ergonomic,office equipments,Philips office chair ergonomic Model 137,10015.0,,2426.0,Flipkart,Free Delivery,UNKNOWN,False,,Philips,,High,,High,False,
men running shoes,fashion,Puma men running shoes Model 575,24405.0,3.2,3131.0,Reliance Digital,Free Delivery,UNKNOWN,False,,Puma,5.139770822844278,High,Medium,High,True,0.41053882401147307
men running shoes,fashion,LG men running shoes Model 503,13904.0,3.7,3400.0,Croma,2 Days,UNKNOWN,False,,LG,5.472729914002878,High,Medium,High,True,0.9047756041426928
air fryer india,other,HP air fryer India Model 491,12698.0,,3540.0,Reliance Digital,Free Delivery,UNKNOWN,False,,HP,,High,,High,False,
men running shoes,fashion,Dell men running shoes Model 997,12597.0,4.2,3096.0,Amazon,5 Days,UNKNOWN,False,,Dell,5.735275671989282,High,High,High,True,1.0322457728030483
microwave oven convection,other,LG microwave oven convection Model 638,4845.0,4.5,2320.0,Croma,5 Days,UNKNOWN,False,,LG,5.799901362509775,High,High,High,True,2.154798761609907
power bank fast charging,other,Dell power bank fast charging Model 238,15091.0,4.1,1955.0,Croma,Free Delivery,UNKNOWN,False,,Dell,5.491462740237905,High,High,High,True,0.5311443906964415
office chair ergonomic,office equipments,LG office chair ergonomic Model 100,7656.0,4.7,778.0,Croma,5 Days,UNKNOWN,False,,LG,5.483204418348299,High,High,Medium,True,0.47761233019853716
air fryer india,other,Nike air fryer India Model 886 ,242370.0,4.7,745.0,Flipkart,5 Days,UNKNOWN,False,,Nike,5.465890240081505,High,High,Medium,True,0.014446919998349631
air fryer india,other,LG air fryer India Model 521,3501.0,2.7,4874.0,Flipkart,2 Days,UNKNOWN,False,,LG,5.016750153372779,High,Medium,High,True,3.7588688946015427
office chair ergonomic,office equipments,Samsung office chair ergonomic Model 134,2841.0,3.7,3132.0,Croma,5 Days,UNKNOWN,False,,Samsung,5.439898516380877,High,Medium,High,True,4.078986272439282
men running shoes,fashion,Philips men running shoes Model 661,4516.0,4.6,1771.0,Flipkart,2 Days,UNKNOWN,False,,Philips,5.751945652466011,High,High,High,True,1.8039415411868909
microwave oven convection,other,Puma microwave oven convection Model 387,27730.0,2.7,3521.0,Croma,5 Days,UNKNOWN,False,,Puma,4.886713715622461,High,Medium,High,True,0.34283086909484317
air fryer india,other,Philips air fryer India Model 575,1010.0,3.3,2030.0,Flipkart,2 Days,UNKNOWN,False,,Philips,5.026513424632154,Medium,Medium,High,True,6.632673267326733
power bank fast charging,other,HP power bank fast charging Model 829,21387.0,3.4,3884.0,Reliance Digital,5 Days,UNKNOWN,False,,HP,5.3459513051207,High,Medium,High,True,0.6174592041894609
microwave oven convection,other,Sony microwave oven convection Model 479 ,229950.0,4.3,594.0,Reliance Digital,Free Delivery,UNKNOWN,False,,Sony,5.135424562218252,High,High,Medium,True,0.011107632093933463
office chair ergonomic,office equipments,HP office chair ergonomic Model 981,10915.0,3.5,2068.0,Amazon,Free Delivery,UNKNOWN,False,,HP,5.153928271098217,High,Medium,High,True,0.6631241410902428
power bank fast charging,other,HP power bank fast charging Model 839,37507.0,,574.0,Flipkart,2 Days,UNKNOWN,False,,HP,,High,,Medium,False,
air fryer india,other,Boat air fryer India Model 227,31390.0,2.8,1021.0,Flipkart,Free Delivery,UNKNOWN,False,,Boat,4.45180670830546,High,Medium,High,True,0.09107359031538706
power bank fast charging,other,HP power bank fast charging Model 322,22563.0,4.2,658.0,Croma,Free Delivery,UNKNOWN,False,,HP,5.116289413801002,High,High,Medium,True,0.12248371227230422
microwave oven convection,other,Nike microwave oven convection Model 591,23074.0,4.1,4557.0,Flipkart,2 Days,UNKNOWN,False,,Nike,5.8298556839222515,High,High,High,True,0.8097295657449942
office chair ergonomic,office equipments,Puma office chair ergonomic Model 795,32346.0,,15.0,Flipkart,5 Days,UNKNOWN,False,,Puma,,High,,Low,False,
microwave oven convection,other,HP microwave oven convection Model 801,1014.0,4.8,556.0,Flipkart,5 Days,UNKNOWN,False,,HP,5.409026095970914,Medium,High,Medium,True,2.6319526627218934
office chair ergonomic,office equipments,Samsung office chair ergonomic Model 182,21133.0,2.9,2149.0,Reliance Digital,5 Days,UNKNOWN,False,,Samsung,4.8092892484486836,High,Medium,High,True,0.2948989731699238
air fryer india,other,Puma air fryer India Model 123,40736.0,4.9,4282.0,Amazon,Free Delivery,UNKNOWN,False,,Puma,6.284963591046148,High,High,High,True,0.5150677533385704
air fryer india,other,Samsung air fryer India Model 923,20041.0,4.6,1686.0,Reliance Digital,Free Delivery,UNKNOWN,False,,Samsung,5.732282833018387,High,High,High,True,0.3869866773115114
office chair ergonomic,office equipments,Dell office chair ergonomic Model 771 ,27544.0,4.4,923.0,Flipkart,5 Days,UNKNOWN,False,,Dell,5.3714848286566745,High,High,Medium,True,0.14744408945686902
air fryer india,other,Samsung air fryer India Model 992 ,27560.0,4.8,982.0,Flipkart,Free Delivery,UNKNOWN,False,,Samsung,5.6362436480588665,High,High,Medium,True,0.17103047895500723
office chair ergonomic,office equipments,LG office chair ergonomic Model 452,44069.0,4.5,563.0,Reliance Digital,2 Days,UNKNOWN,False,,LG,5.234021700599223,High,High,Medium,True,0.05748939163584379
men running shoes,fashion,Dell men running shoes Model 605,5013.0,,511.0,Flipkart,Free Delivery,UNKNOWN,False,,Dell,,High,,Medium,False,
power bank fast charging,other,Philips power bank fast charging Model 289,13988.0,3.7,694.0,Croma,2 Days,UNKNOWN,False,,Philips,4.837564738225917,High,Medium,Medium,True,0.1835716328281384
men running shoes,fashion,Samsung men running shoes Model 544,10486.0,2.7,2100.0,Reliance Digital,5 Days,UNKNOWN,False,,Samsung,4.680067480338001,High,Medium,High,True,0.540720961281709
air fryer india,other,Puma air fryer India Model 487 ,24376.0,2.7,2426.0,Croma,2 Days,UNKNOWN,False,,Puma,4.737764482290641,High,Medium,High,True,0.26871512963570726
office chair ergonomic,office equipments,Puma office chair ergonomic Model 894,16173.0,,3831.0,Reliance Digital,5 Days,UNKNOWN,False,,Puma,,High,,High,False,
men running shoes,fashion,Dell men running shoes Model 708,21749.0,4.4,3471.0,Croma,2 Days,UNKNOWN,False,,Dell,5.900994430312096,High,High,High,True,0.7022115959354454
air fryer india,other,Dell air fryer India Model 411,2793.0,4.1,804.0,Flipkart,Free Delivery,UNKNOWN,False,,Dell,5.136336910967425,High,High,Medium,True,1.180236305048335
air fryer india,other,Samsung air fryer India Model 307 ,28309.0,,2822.0,Reliance Digital,5 Days,UNKNOWN,False,,Samsung,,High,,High,False,
microwave oven convection,other,LG microwave oven convection Model 544,41392.0,4.9,4441.0,Reliance Digital,Free Delivery,UNKNOWN,False,,LG,6.299544001781749,High,High,High,True,0.5257271936606108
men running shoes,fashion,Dell men running shoes Model 229,49252.0,2.5,612.0,Croma,Free Delivery,UNKNOWN,False,,Dell,4.067345974374485,High,Medium,Medium,True,0.03106472833590514
power bank fast charging,other,HP power bank fast charging Model 954,18558.0,3.1,2253.0,Flipkart,5 Days,UNKNOWN,False,,HP,4.948184677839889,High,Medium,High,True,0.3763498221791141
men running shoes,fashion,Samsung men running shoes Model 521,15845.0,3.7,1366.0,Reliance Digital,5 Days,UNKNOWN,False,,Samsung,5.108149534689581,High,Medium,High,True,0.3189775954559798
microwave oven convection,other,Nike microwave oven convection Model 578,42039.0,2.9,3804.0,Reliance Digital,5 Days,UNKNOWN,False,,Nike,5.037628508118314,High,Medium,High,True,0.26241347320345393
air fryer india,other,HP air fryer India Model 965,21550.0,,3219.0,Reliance Digital,5 Days,UNKNOWN,False,,HP,,High,,High,False,
air fryer india,other,Boat air fryer India Model 677,31799.0,4.5,1392.0,Flipkart,2 Days,UNKNOWN,False,,Boat,5.595685989511923,High,High,High,True,0.19698732664549198
air fryer india,other,HP air fryer India Model 976,12662.0,,1032.0,Flipkart,5 Days,UNKNOWN,False,,HP,,High,,High,False,
power bank fast charging,other,LG power bank fast charging Model 916,36164.0,4.2,582.0,Croma,5 Days,UNKNOWN,False,,LG,5.067274874540197,High,High,Medium,True,0.06759208052206614
air fryer india,other,Boat air fryer India Model 950 ,35032.0,3.9,2261.0,Reliance Digital,2 Days,UNKNOWN,False,,Boat,5.429601862670426,High,Medium,High,True,0.25170986526604244
men running shoes,fashion,LG men running shoes Model 509,320280.0,2.9,3271.0,Amazon,Free Delivery,UNKNOWN,False,,LG,4.977262679089055,High,Medium,High,True,0.02961752216810291
office chair ergonomic,office equipments,Nike office chair ergonomic Model 411,11726.0,4.3,3164.0,Croma,5 Days,UNKNOWN,False,,Nike,5.803963333831311,High,High,High,True,1.1602592529421796
office chair ergonomic,office equipments,Boat office chair ergonomic Model 710,8682.0,4.5,3068.0,Flipkart,Free Delivery,UNKNOWN,False,,Boat,5.911642821847894,High,High,High,True,1.590186592950933
men running shoes,fashion,LG men running shoes Model 951,32489.0,4.7,1071.0,Croma,2 Days,UNKNOWN,False,,LG,5.6109125366522985,High,High,High,True,0.1549355166364
microwave oven convection,other,LG microwave oven convection Model 223,16266.0,2.6,841.0,Flipkart,2 Days,UNKNOWN,False,,LG,4.2543120056969315,High,Medium,Medium,True,0.13442764047706873
microwave oven convection,other,Sony microwave oven convection Model 208 ,3190.0,3.7,3485.0,Reliance Digital,Free Delivery,UNKNOWN,False,,Sony,5.4826040904319875,High,Medium,High,True,4.042163009404389
power bank fast charging,other,HP power bank fast charging Model 782,32123.0,2.6,4498.0,Croma,Free Delivery,UNKNOWN,False,,HP,4.924644171536469,High,Medium,High,True,0.364063132335087
office chair ergonomic,office equipments,Philips office chair ergonomic Model 947,11703.0,4.5,1804.0,Flipkart,Free Delivery,UNKNOWN,False,,Philips,5.699326348306792,High,High,High,True,0.6936682901820046
microwave oven convection,other,Boat microwave oven convection Model 156,22013.0,4.8,,Croma,2 Days,UNKNOWN,False,,Boat,,High,High,,True,
microwave oven convection,other,Samsung microwave oven convection Model 262,999.0,,329.0,Amazon,2 Days,UNKNOWN,False,,Samsung,,Medium,,Medium,False,
air fryer india,other,Puma air fryer India Model 830,45999.0,3.3,2092.0,Reliance Digital,Free Delivery,UNKNOWN,False,,Puma,5.0385414889783995,High,Medium,High,True,0.15008152351138068
office chair ergonomic,office equipments,Nike office chair ergonomic Model 711,39769.0,4.9,1513.0,Reliance Digital,Free Delivery,UNKNOWN,False,,Nike,5.869004173598958,High,High,High,True,0.18641907013000078
air fryer india,other,Puma air fryer India Model 299,13953.0,3.8,762.0,Flipkart,Free Delivery,UNKNOWN,False,,Puma,4.934903212513783,High,Medium,Medium,True,0.20752526338421845
air fryer india,other,Boat air fryer India Model 191,1312.0,4.3,3015.0,Croma,Free Delivery,UNKNOWN,False,,Boat,5.784674691651139,Medium,High,High,True,9.881478658536585
air fryer india,other,Puma air fryer India Model 989,286470.0,4.3,176.0,Amazon,Free Delivery,UNKNOWN,False,,Puma,4.650459893029531,High,High,Medium,True,0.002641812406185639
men running shoes,fashion,Puma men running shoes Model 682,31925.0,4.1,504.0,Flipkart,5 Days,UNKNOWN,False,,Puma,4.949823371710144,High,High,Medium,True,0.06472670321064995
power bank fast charging,other,Puma power bank fast charging Model 955,25138.0,4.7,1783.0,Amazon,2 Days,UNKNOWN,False,,Puma,5.814645325255983,High,High,High,True,0.3333638316492959
air fryer india,other,Dell air fryer India Model 426,25678.0,4.1,3123.0,Flipkart,Free Delivery,UNKNOWN,False,,Dell,5.67874780438383,High,High,High,True,0.4986486486486486
office chair ergonomic,office equipments,Puma office chair ergonomic Model 306,238330.0,2.6,293.0,Flipkart,5 Days,UNKNOWN,False,,Puma,3.8334319069354725,High,Medium,Medium,True,0.003196408341375404
office chair ergonomic,office equipments,Philips office chair ergonomic Model 358,27382.0,4.2,2911.0,Amazon,5 Days,UNKNOWN,False,,Philips,5.710638163726631,High,High,High,True,0.4465050032868308
power bank fast charging,other,Dell power bank fast charging Model 384,48358.0,2.9,3901.0,Flipkart,2 Days,UNKNOWN,False,,Dell,5.047697808473223,High,Medium,High,True,0.2339406096199181
microwave oven convection,other,Dell microwave oven convection Model 261,29727.0,4.5,729.0,Croma,2 Days,UNKNOWN,False,,Dell,5.337217813656975,High,High,Medium,True,0.11035422343324251
men running shoes,fashion,HP men running shoes Model 580,461640.0,4.0,3916.0,Amazon,2 Days,UNKNOWN,False,,HP,5.7092325334663325,High,Medium,High,True,0.03393120180227017
power bank fast charging,other,Nike power bank fast charging Model 349,40721.0,3.6,2624.0,Croma,Free Delivery,UNKNOWN,False,,Nike,5.3091344700102905,High,Medium,High,True,0.23197858598757398
office chair ergonomic,office equipments,Dell office chair ergonomic Model 197,5177.0,3.6,764.0,Croma,Free Delivery,UNKNOWN,False,,Dell,4.815950333530615,High,Medium,Medium,True,0.5312729379949778
air fryer india,other,Sony air fryer India Model 541,36843.0,5.0,3896.0,Reliance Digital,Free Delivery,UNKNOWN,False,,Sony,6.307184922135484,High,High,High,True,0.5287300165567408
office chair ergonomic,office equipments,Samsung office chair ergonomic Model 914,39692.0,2.5,3206.0,Reliance Digital,2 Days,UNKNOWN,False,,Samsung,4.729236479877262,High,Medium,High,True,0.20192985992139473
air fryer india,other,LG air fryer India Model 715,137250.0,2.9,3483.0,Reliance Digital,Free Delivery,UNKNOWN,False,,LG,5.002374535188958,High,Medium,High,True,0.07359344262295081
microwave oven convection,other,Puma microwave oven convection Model 932,43698.0,4.6,933.0,Croma,5 Days,UNKNOWN,False,,Puma,5.495790575291537,High,High,Medium,True,0.09821502128243854
office chair ergonomic,office equipments,Sony office chair ergonomic Model 161,45347.0,4.5,1603.0,Amazon,5 Days,UNKNOWN,False,,Sony,5.652102315370584,High,High,High,True,0.15907336758771254
microwave oven convection,other,LG microwave oven convection Model 410 ,22679.0,,2444.0,Reliance Digital,Free Delivery,UNKNOWN,False,,LG,,High,,High,False,
office chair ergonomic,office equipments,LG office chair ergonomic Model 829,48662.0,4.2,771.0,Amazon,2 Days,UNKNOWN,False,,LG,5.179593820009911,High,High,Medium,True,0.06654473716657762
power bank fast charging,other,Nike power bank fast charging Model 179,27819.0,4.4,4685.0,Croma,5 Days,UNKNOWN,False,,Nike,6.020933847627097,High,High,High,True,0.7410043495452748
air fryer india,other,LG air fryer India Model 766,14150.0,3.9,4540.0,Flipkart,5 Days,UNKNOWN,False,,LG,5.70836101243918,High,Medium,High,True,1.2513074204946997
air fryer india,other,LG air fryer India Model 734 ,12278.0,3.7,3022.0,Flipkart,Free Delivery,UNKNOWN,False,,LG,5.425601997911784,High,Medium,High,True,0.910685779442906
men running shoes,fashion,Boat men running shoes Model 957,45374.0,4.5,4979.0,Reliance Digital,2 Days,UNKNOWN,False,,Boat,6.105274068007478,High,High,High,True,0.49379600652355976
office chair ergonomic,office equipments,Nike office chair ergonomic Model 597,4149.0,3.6,2704.0,Reliance Digital,5 Days,UNKNOWN,False,,Nike,5.3211428765122335,High,Medium,High,True,2.3462039045553142
office chair ergonomic,office equipments,Sony office chair ergonomic Model 529,26090.0,4.7,2527.0,Flipkart,2 Days,UNKNOWN,False,,Sony,5.9540735021066995,High,High,High,True,0.4552280567267152
microwave oven convection,other,Nike microwave oven convection Model 978,12578.0,2.7,788.0,Flipkart,2 Days,UNKNOWN,False,,Nike,4.2883065283383495,High,Medium,Medium,True,0.16915248847193515
power bank fast charging,other,Samsung power bank fast charging Model 302,289730.0,3.3,1230.0,Croma,Free Delivery,UNKNOWN,False,,Samsung,4.826232850473781,High,Medium,High,True,0.014009595140303041
microwave oven convection,other,HP microwave oven convection Model 563,25389.0,3.8,1359.0,Flipkart,Free Delivery,UNKNOWN,False,,HP,5.166095991492039,High,Medium,High,True,0.20340304856433888
office chair ergonomic,office equipments,Boat office chair ergonomic Model 391,3892.0,2.8,1107.0,Reliance Digital,Free Delivery,UNKNOWN,False,,Boat,4.484124746922892,High,Medium,High,True,0.7964028776978417
men running shoes,fashion,Puma men running shoes Model 181,14503.0,3.3,259.0,Amazon,5 Days,UNKNOWN,False,,Puma,4.204272652406211,High,Medium,Medium,True,0.05893263462731848
office chair ergonomic,office equipments,Nike office chair ergonomic Model 138,33684.0,4.1,4006.0,Croma,5 Days,UNKNOWN,False,,Nike,5.778319244254458,High,High,High,True,0.4876083600522503
men running shoes,fashion,Boat men running shoes Model 131,4525.0,4.3,60.0,Amazon,Free Delivery,UNKNOWN,False,,Boat,4.224349545669324,High,High,Low,True,0.05701657458563536
air fryer india,other,Philips air fryer India Model 708,39908.0,3.6,3101.0,Croma,2 Days,UNKNOWN,False,,Philips,5.375920937494595,High,Medium,High,True,0.2797333867896161
microwave oven convection,other,HP microwave oven convection Model 837,11861.0,4.4,1200.0,Amazon,Free Delivery,UNKNOWN,False,,HP,5.476363928831994,High,High,High,True,0.4451563949076806
air fryer india,other,Philips air fryer India Model 898,1480.0,4.4,4269.0,Croma,Free Delivery,UNKNOWN,False,,Philips,5.983747642489069,Medium,High,High,True,12.691621621621623
power bank fast charging,other,LG power bank fast charging Model 917,28909.0,4.2,589.0,Reliance Digital,2 Days,UNKNOWN,False,,LG,5.072049014759906,High,High,Medium,True,0.08557196720744406
power bank fast charging,other,LG power bank fast charging Model 462,35863.0,2.6,3980.0,Amazon,2 Days,UNKNOWN,False,,LG,4.875715329200127,High,Medium,High,True,0.288542508992555
air fryer india,other,LG air fryer India Model 363,10393.0,3.5,3600.0,Croma,2 Days,UNKNOWN,False,,LG,5.37558674545955,High,Medium,High,True,1.212354469354373
power bank fast charging,other,Samsung power bank fast charging Model 274,40982.0,2.7,1415.0,Flipkart,Free Delivery,UNKNOWN,False,,Samsung,4.522236509701466,High,Medium,High,True,0.09322385437509151
office chair ergonomic,office equipments,Samsung office chair ergonomic Model 666,4203.0,4.0,3908.0,Croma,5 Days,UNKNOWN,False,,Samsung,5.708414746317182,High,Medium,High,True,3.7192481560789914
men running shoes,fashion,LG men running shoes Model 798,14557.0,4.2,4101.0,Flipkart,Free Delivery,UNKNOWN,False,,LG,5.84769197545293,High,High,High,True,1.1832245655011335
men running shoes,fashion,HP men running shoes Model 164,25568.0,3.8,2404.0,Croma,2 Days,UNKNOWN,False,,HP,5.394122073015945,High,Medium,High,True,0.3572903629536921
air fryer india,other,HP air fryer India Model 122 ,3007.0,3.0,798.0,Flipkart,Free Delivery,UNKNOWN,False,,HP,4.47334437830651,High,Medium,Medium,True,0.7961423345527103
power bank fast charging,other,Nike power bank fast charging Model 647,21053.0,3.9,3385.0,Amazon,2 Days,UNKNOWN,False,,Nike,5.5909618250772315,High,Medium,High,True,0.6270602764451622
power bank fast charging,other,Nike power bank fast charging Model 586,42301.0,4.6,1978.0,Flipkart,Free Delivery,UNKNOWN,False,,Nike,5.796138778241026,High,High,High,True,0.21509656982104441
power bank fast charging,other,HP power bank fast charging Model 169,12817.0,4.8,3939.0,Flipkart,2 Days,UNKNOWN,False,,HP,6.191574400916792,High,High,High,True,1.4751657954279473
air fryer india,other,LG air fryer India Model 148,42752.0,4.7,304.0,Amazon,2 Days,UNKNOWN,False,,LG,5.108124710642965,High,High,Medium,True,0.03342065868263473
office chair ergonomic,office equipments,LG office chair ergonomic Model 379,44740.0,2.5,4236.0,Reliance Digital,2 Days,UNKNOWN,False,,LG,4.840644300250624,High,Medium,High,True,0.2367009387572642
microwave oven convection,other,Philips microwave oven convection Model 925,26739.0,4.8,461.0,Reliance Digital,2 Days,UNKNOWN,False,,Philips,5.334225956432696,High,High,Medium,True,0.08275552563671042
power bank fast charging,other,Nike power bank fast charging Model 403 ,40193.0,4.9,4205.0,Amazon,Free Delivery,UNKNOWN,False,,Nike,6.277706942505057,High,High,High,True,0.5126390167442092
office chair ergonomic,office equipments,HP office chair ergonomic Model 389,12474.0,5.0,1626.0,Amazon,5 Days,UNKNOWN,False,,HP,5.957797242887615,High,High,High,True,0.6517556517556518
office chair ergonomic,office equipments,Sony office chair ergonomic Model 476,49990.0,4.9,1424.0,Croma,2 Days,UNKNOWN,False,,Sony,5.8447708370811,High,High,High,True,0.13957991598319663
men running shoes,fashion,LG men running shoes Model 597,6967.0,,1700.0,Reliance Digital,2 Days,UNKNOWN,False,,LG,,High,,High,False,
office chair ergonomic,office equipments,Puma office chair ergonomic Model 150,3938.0,3.3,270.0,Amazon,Free Delivery,UNKNOWN,False,,Puma,4.2208475283518805,High,Medium,Medium,True,0.22625698324022347
office chair ergonomic,office equipments,Boat office chair ergonomic Model 756,405890.0,,665.0,Amazon,2 Days,UNKNOWN,False,,Boat,,High,,Medium,False,
office chair ergonomic,office equipments,Philips office chair ergonomic Model 378,34748.0,3.6,3627.0,Flipkart,2 Days,UNKNOWN,False,,Philips,5.4385747244940115,High,Medium,High,True,0.3757683895475999
microwave oven convection,other,Puma microwave oven convection Model 455,12233.0,2.6,129.0,Flipkart,2 Days,UNKNOWN,False,,Puma,3.507013780182233,High,Medium,Medium,True,0.02741764080765144
office chair ergonomic,office equipments,Samsung office chair ergonomic Model 472,98570.0,,3938.0,Amazon,2 Days,UNKNOWN,False,,Samsung,,High,,High,False,
microwave oven convection,other,LG microwave oven convection Model 764,41983.0,4.7,1505.0,Flipkart,2 Days,UNKNOWN,False,,LG,5.746884963343936,High,High,High,True,0.168484862920706
power bank fast charging,other,Sony power bank fast charging Model 327,24058.0,4.6,251.0,Croma,5 Days,UNKNOWN,False,,Sony,4.971771635004569,High,High,Medium,True,0.04799235181644359
microwave oven convection,other,Puma microwave oven convection Model 155 ,13333.0,5.0,14.0,Reliance Digital,5 Days,UNKNOWN,False,,Puma,4.083220080440884,High,High,Low,True,0.0052501312532813324
air fryer india,other,LG air fryer India Model 541,21052.0,2.8,3250.0,Amazon,2 Days,UNKNOWN,False,,LG,4.914687168121563,High,Medium,High,True,0.4322629678890367
power bank fast charging,other,Puma power bank fast charging Model 349,28673.0,4.0,1584.0,Amazon,2 Days,UNKNOWN,False,,Puma,5.3473358745245525,High,Medium,High,True,0.22097443588044502
air fryer india,other,Boat air fryer India Model 971,12775.0,4.0,2898.0,Reliance Digital,Free Delivery,UNKNOWN,False,,Boat,5.588848451568662,High,Medium,High,True,0.9073972602739726
office chair ergonomic,office equipments,Samsung office chair ergonomic Model 195,1336.0,4.2,3413.0,Flipkart,Free Delivery,UNKNOWN,False,,Samsung,5.774255961341755,Medium,High,High,True,10.729491017964072
office chair ergonomic,office equipments,Boat office chair ergonomic Model 668,1919.0,2.9,1430.0,Croma,2 Days,UNKNOWN,False,,Boat,4.646451511822581,Medium,Medium,High,True,2.1610213652944243
microwave oven convection,other,Dell microwave oven convection Model 232,49064.0,4.5,1963.0,Croma,5 Days,UNKNOWN,False,,Dell,5.733095395565764,High,High,High,True,0.18004035545410077
office chair ergonomic,office equipments,Samsung office chair ergonomic Model 196,45448.0,3.1,465.0,Reliance Digital,Free Delivery,UNKNOWN,False,,Samsung,4.317674253650258,High,Medium,Medium,True,0.031717567329695474
men running shoes,fashion,Nike men running shoes Model 539,22398.0,2.7,685.0,Flipkart,2 Days,UNKNOWN,False,,Nike,4.232351051090355,High,Medium,Medium,True,0.08257433699437451
microwave oven convection,other,Philips microwave oven convection Model 148,402890.0,3.8,4840.0,Reliance Digital,Free Delivery,UNKNOWN,False,,Philips,5.673950635975878,High,Medium,High,True,0.04565017746779518
office chair ergonomic,office equipments,Samsung office chair ergonomic Model 959,11870.0,3.4,3887.0,Flipkart,5 Days,UNKNOWN,False,,Samsung,5.346260066232132,High,Medium,High,True,1.1133782645324346
office chair ergonomic,office equipments,Samsung office chair ergonomic Model 750,24312.0,4.6,1105.0,Amazon,2 Days,UNKNOWN,False,,Samsung,5.563402072832912,High,High,High,True,0.20907370845672918
men running shoes,fashion,LG men running shoes Model 770,34889.0,3.4,51.0,Amazon,5 Days,UNKNOWN,False,,LG,3.620497487432571,High,Medium,Low,True,0.0049700478660895985
air fryer india,other,HP air fryer India Model 401,37436.0,,2306.0,Croma,5 Days,UNKNOWN,False,,HP,,High,,High,False,
office chair ergonomic,office equipments,Dell office chair ergonomic Model 783,10831.0,2.8,547.0,Croma,2 Days,UNKNOWN,False,,Dell,4.202510114779207,High,Medium,Medium,True,0.1414089188440587
power bank fast charging,other,Dell power bank fast charging Model 326,12582.0,4.4,3935.0,Amazon,5 Days,UNKNOWN,False,,Dell,5.9511681032688575,High,High,High,True,1.3760928310284533
microwave oven convection,other,Puma microwave oven convection Model 288,49325.0,4.8,1563.0,Amazon,Free Delivery,UNKNOWN,False,,Puma,5.822000768442103,High,High,High,True,0.15210136847440445
microwave oven convection,other,Dell microwave oven convection Model 714,26693.0,4.9,3601.0,Croma,Free Delivery,UNKNOWN,False,,Dell,6.21569781029436,High,High,High,True,0.6610309819053685
men running shoes,fashion,Nike men running shoes Model 627 ,31099.0,3.8,3192.0,Reliance Digital,2 Days,UNKNOWN,False,,Nike,5.507486477085912,High,Medium,High,True,0.39003183382102313
air fryer india,other,LG air fryer India Model 297 ,48610.0,3.4,1148.0,Reliance Digital,5 Days,UNKNOWN,False,,LG,4.858658911139503,High,Medium,High,True,0.08029623534252212
power bank fast charging,other,Puma power bank fast charging Model 354,239860.0,,3870.0,Flipkart,2 Days,UNKNOWN,False,,Puma,,High,,High,False,
men running shoes,fashion,Samsung men running shoes Model 646 ,31537.0,4.0,2188.0,Flipkart,Free Delivery,UNKNOWN,False,,Samsung,5.476480039009145,High,Medium,High,True,0.27751529948948855
office chair ergonomic,office equipments,Philips office chair ergonomic Model 759,40305.0,3.9,4930.0,Croma,2 Days,UNKNOWN,False,,Philips,5.74131883448965,High,Medium,High,True,0.4770375883885374
microwave oven convection,other,Samsung microwave oven convection Model 305,49682.0,4.2,4064.0,Reliance Digital,Free Delivery,UNKNOWN,False,,Samsung,5.8440676087927645,High,High,High,True,0.343561048266978
men running shoes,fashion,Boat men running shoes Model 740,18123.0,4.5,1799.0,Reliance Digital,5 Days,UNKNOWN,False,,Boat,5.698216777553702,High,High,High,True,0.4466975666280417
power bank fast charging,other,Philips power bank fast charging Model 373,31026.0,4.5,,Reliance Digital,2 Days,UNKNOWN,False,,Philips,,High,High,,True,
power bank fast charging,other,Philips power bank fast charging Model 481,3252.0,4.4,4842.0,Amazon,Free Delivery,UNKNOWN,False,,Philips,6.034115856961292,High,High,High,True,6.55129151291513
power bank fast charging,other,HP power bank fast charging Model 232,6725.0,3.9,800.0,Flipkart,Free Delivery,UNKNOWN,False,,HP,5.014344378827344,High,Medium,Medium,True,0.4639405204460966
air fryer india,other,Dell air fryer India Model 476,19141.0,4.1,4829.0,Amazon,Free Delivery,UNKNOWN,False,,Dell,5.853040698658647,High,High,High,True,1.034371244971527
office chair ergonomic,office equipments,Puma office chair ergonomic Model 823,999.0,3.4,937.0,Amazon,Free Delivery,UNKNOWN,False,,Puma,4.77749997960249,Medium,Medium,Medium,True,3.1889889889889886
microwave oven convection,other,Boat microwave oven convection Model 294,14590.0,4.1,877.0,Flipkart,5 Days,UNKNOWN,False,,Boat,5.171058637454046,High,High,Medium,True,0.24644962302947224
office chair ergonomic,office equipments,Nike office chair ergonomic Model 378,8156.0,4.8,1246.0,Croma,5 Days,UNKNOWN,False,,Nike,5.731398378272015,High,High,High,True,0.733300637567435
men running shoes,fashion,Samsung men running shoes Model 613,13410.0,2.9,1987.0,Reliance Digital,2 Days,UNKNOWN,False,,Samsung,4.7779537548866085,High,Medium,High,True,0.42970171513795674
men running shoes,fashion,Boat men running shoes Model 506,27212.0,3.1,797.0,Croma,2 Days,UNKNOWN,False,,Boat,4.532843438979924,High,Medium,Medium,True,0.09079450242540058
men running shoes,fashion,Dell men running shoes Model 106,30345.0,4.7,1355.0,Amazon,Free Delivery,UNKNOWN,False,,Dell,5.704917787400136,High,High,High,True,0.2098698302850552
air fryer india,other,HP air fryer India Model 726,40524.0,4.7,95.0,Flipkart,Free Delivery,UNKNOWN,False,,HP,4.645739276587134,High,High,Low,True,0.011018162076793998
microwave oven convection,other,Nike microwave oven convection Model 140 ,2510.0,4.5,4517.0,Croma,Free Delivery,UNKNOWN,False,,Nike,6.06632987881118,High,High,High,True,8.09820717131474
men running shoes,fashion,Puma men running shoes Model 934,42736.0,3.8,500.0,Amazon,5 Days,UNKNOWN,False,,Puma,4.766642440433946,High,Medium,Medium,True,0.04445900411830775
air fryer india,other,Boat air fryer India Model 433 ,30954.0,4.2,746.0,Amazon,5 Days,UNKNOWN,False,,Boat,5.166426074053128,High,High,Medium,True,0.10122116689280869
power bank fast charging,other,Dell power bank fast charging Model 185,13896.0,3.9,963.0,Reliance Digital,5 Days,UNKNOWN,False,,Dell,5.088436517844219,High,Medium,Medium,True,0.2702720207253886
microwave oven convection,other,HP microwave oven convection Model 639,4261.0,2.7,2230.0,Flipkart,5 Days,UNKNOWN,False,,HP,4.7040820777730135,High,Medium,High,True,1.4130485801455057
air fryer india,other,Nike air fryer India Model 536,8598.0,3.3,1641.0,Croma,5 Days,UNKNOWN,False,,Nike,4.941468116004949,High,Medium,High,True,0.6298325191905093
men running shoes,fashion,Puma men running shoes Model 476,48783.0,2.7,3072.0,Flipkart,Free Delivery,UNKNOWN,False,,Puma,4.832163824852194,High,Medium,High,True,0.17002644363815267
men running shoes,fashion,Sony men running shoes Model 393,8312.0,4.8,441.0,Croma,Free Delivery,UNKNOWN,False,,Sony,5.316523952831079,High,High,Medium,True,0.25466794995187675
microwave oven convection,other,HP microwave oven convection Model 455,1099.0,2.6,,Reliance Digital,2 Days,UNKNOWN,False,,HP,,Medium,Medium,,True,
men running shoes,fashion,Philips men running shoes Model 904,28926.0,3.2,4894.0,Amazon,2 Days,UNKNOWN,False,,Philips,5.318387821985844,High,Medium,High,True,0.5414091129088018
office chair ergonomic,office equipments,Puma office chair ergonomic Model 559,200380.0,4.1,1363.0,Croma,Free Delivery,UNKNOWN,False,,Puma,5.347270735361363,High,High,High,True,0.027888511827527693
air fryer india,other,Boat air fryer India Model 881,44221.0,,3337.0,Flipkart,2 Days,UNKNOWN,False,,Boat,,High,,High,False,
power bank fast charging,other,Boat power bank fast charging Model 685,13683.0,4.5,2173.0,Croma,2 Days,UNKNOWN,False,,Boat,5.773729627072462,High,High,High,True,0.7146459109844332
office chair ergonomic,office equipments,Puma office chair ergonomic Model 296,12559.0,4.4,2806.0,Reliance Digital,Free Delivery,UNKNOWN,False,,Puma,5.815948630544753,High,High,High,True,0.983071900629031
microwave oven convection,other,Puma microwave oven convection Model 195,12872.0,4.4,629.0,Amazon,5 Days,UNKNOWN,False,,Puma,5.218287927754232,High,High,Medium,True,0.21500932256059668
microwave oven convection,other,Boat microwave oven convection Model 919,27029.0,4.6,4765.0,Croma,5 Days,UNKNOWN,False,,Boat,6.147705063063475,High,High,High,True,0.8109438011025195
air fryer india,other,LG air fryer India Model 497,1734.0,4.9,1240.0,Amazon,Free Delivery,UNKNOWN,False,,LG,5.789469114081843,Medium,High,High,True,3.5040369088811993
men running shoes,fashion,Sony men running shoes Model 630,25956.0,,3445.0,Amazon,5 Days,UNKNOWN,False,,Sony,,High,,High,False,
microwave oven convection,other,Boat microwave oven convection Model 727 ,16473.0,,4296.0,Croma,Free Delivery,UNKNOWN,False,,Boat,,High,,High,False,
air fryer india,other,Dell air fryer India Model 238,8235.0,3.0,351.0,Croma,5 Days,UNKNOWN,False,,Dell,4.145452470239238,High,Medium,Medium,True,0.12786885245901639
microwave oven convection,other,Philips microwave oven convection Model 652,26565.0,2.6,3497.0,Amazon,2 Days,UNKNOWN,False,,Philips,4.823978662231419,High,Medium,High,True,0.3422623753058536
microwave oven convection,other,Samsung microwave oven convection Model 126 ,29631.0,3.6,531.0,Amazon,2 Days,UNKNOWN,False,,Samsung,4.670657395736658,High,Medium,Medium,True,0.06451351624987345
men running shoes,fashion,Philips men running shoes Model 411,25279.0,3.4,2261.0,Amazon,5 Days,UNKNOWN,False,,Philips,5.129601862670427,High,Medium,High,True,0.30410221923335573
air fryer india,other,HP air fryer India Model 755,11309.0,3.6,4502.0,Flipkart,2 Days,UNKNOWN,False,,HP,5.5249996481206285,High,Medium,High,True,1.4331240604828013
air fryer india,other,Dell air fryer India Model 243,18440.0,2.6,3171.0,Amazon,Free Delivery,UNKNOWN,False,,Dell,4.7848470331018955,High,Medium,High,True,0.44710412147505424
office chair ergonomic,office equipments,Boat office chair ergonomic Model 163,49391.0,4.0,1681.0,Reliance Digital,Free Delivery,UNKNOWN,False,,Boat,5.371095536213158,High,Medium,High,True,0.13613816282318641
men running shoes,fashion,Dell men running shoes Model 873,36201.0,3.7,600.0,Flipkart,5 Days,UNKNOWN,False,,Dell,4.779437973814083,High,Medium,Medium,True,0.06132427281014337
power bank fast charging,other,LG power bank fast charging Model 346,17711.0,3.6,608.0,Croma,2 Days,UNKNOWN,False,,LG,4.72472730708396,High,Medium,Medium,True,0.12358421320083565
power bank fast charging,other,Samsung power bank fast charging Model 316,29321.0,3.8,2779.0,Amazon,5 Days,UNKNOWN,False,,Samsung,5.452082482673873,High,Medium,High,True,0.36015824835442173
microwave oven convection,other,Philips microwave oven convection Model 381,999.0,4.4,4638.0,Croma,5 Days,UNKNOWN,False,,Philips,6.016901641900698,Medium,High,High,True,20.42762762762763
microwave oven convection,other,LG microwave oven convection Model 152,5102.0,2.8,2118.0,Reliance Digital,5 Days,UNKNOWN,False,,LG,4.74347982330732,High,Medium,High,True,1.1623676989415914
microwave oven convection,other,HP microwave oven convection Model 770,1253.0,3.6,1177.0,Flipkart,5 Days,UNKNOWN,False,,HP,4.988629345684613,Medium,Medium,High,True,3.3816440542697523
microwave oven convection,other,Puma microwave oven convection Model 996,42455.0,2.7,533.0,Croma,2 Days,UNKNOWN,False,,Puma,4.132158335584078,High,Medium,Medium,True,0.033897067483217524
power bank fast charging,other,Boat power bank fast charging Model 927 ,5855.0,4.7,3908.0,Croma,2 Days,UNKNOWN,False,,Boat,6.128414746317182,High,High,High,True,3.137079419299744
men running shoes,fashion,LG men running shoes Model 260,7350.0,3.8,2107.0,Amazon,Free Delivery,UNKNOWN,False,,LG,5.341397963864502,High,Medium,High,True,1.0893333333333333
men running shoes,fashion,Samsung men running shoes Model 170,20645.0,,679.0,Reliance Digital,Free Delivery,UNKNOWN,False,,Samsung,,High,,Medium,False,
air fryer india,other,Puma air fryer India Model 311 ,38802.0,4.0,1316.0,Amazon,5 Days,UNKNOWN,False,,Puma,5.273244680697312,High,Medium,High,True,0.1356631101489614
microwave oven convection,other,Dell microwave oven convection Model 924,1432.0,4.8,2003.0,Croma,2 Days,UNKNOWN,False,,Dell,5.921160184881902,Medium,High,High,True,6.713966480446927
office chair ergonomic,office equipments,Sony office chair ergonomic Model 493,25335.0,3.5,252.0,Croma,5 Days,UNKNOWN,False,,Sony,4.313355795491008,High,Medium,Medium,True,0.034813499111900535
air fryer india,other,Dell air fryer India Model 603 ,18674.0,,4850.0,Amazon,Free Delivery,UNKNOWN,False,,Dell,,High,,High,False,
microwave oven convection,other,LG microwave oven convection Model 741,12854.0,4.0,1502.0,Croma,5 Days,UNKNOWN,False,,LG,5.3260873559011905,High,Medium,High,True,0.4674031429905088
office chair ergonomic,office equipments,Puma office chair ergonomic Model 946,27326.0,4.4,3197.0,Amazon,5 Days,UNKNOWN,False,,Puma,5.86811235735756,High,High,High,True,0.5147771353289907
office chair ergonomic,office equipments,Sony office chair ergonomic Model 491 ,29394.0,3.0,485.0,Flipkart,5 Days,UNKNOWN,False,,Sony,4.274483449560197,High,Medium,Medium,True,0.04949989793835476
air fryer india,other,LG air fryer India Model 268,18575.0,2.8,1910.0,Croma,5 Days,UNKNOWN,False,,LG,4.702152777696109,High,Medium,High,True,0.28791386271870795
air fryer india,other,Dell air fryer India Model 521,28686.0,5.0,640.0,Flipkart,Free Delivery,UNKNOWN,False,,Dell,5.585211782768268,High,High,Medium,True,0.11155267377814962
air fryer india,other,Samsung air fryer India Model 897,32149.0,3.9,1417.0,Flipkart,Free Delivery,UNKNOWN,False,,Samsung,5.242801082836829,High,Medium,High,True,0.17189648200566116
air fryer india,other,Samsung air fryer India Model 509,33415.0,3.7,418.0,Croma,2 Days,UNKNOWN,False,,Samsung,4.635148367968855,High,Medium,Medium,True,0.04628460272332785
office chair ergonomic,office equipments,Puma office chair ergonomic Model 834,26972.0,4.4,3119.0,Reliance Digital,Free Delivery,UNKNOWN,False,,Puma,5.858235312321412,High,High,High,True,0.5088091353996738
air fryer india,other,Nike air fryer India Model 162,48988.0,4.1,4559.0,Flipkart,5 Days,UNKNOWN,False,,Nike,5.830031161003372,High,High,High,True,0.38156079039764834
microwave oven convection,other,HP microwave oven convection Model 594,2169.0,,3203.0,Amazon,Free Delivery,UNKNOWN,False,,HP,,High,,High,False,
air fryer india,other,Puma air fryer India Model 209,222300.0,3.6,3271.0,Amazon,Free Delivery,UNKNOWN,False,,Puma,5.397262679089055,High,Medium,High,True,0.052971659919028344
power bank fast charging,other,HP power bank fast charging Model 605,24658.0,4.1,2491.0,Reliance Digital,2 Days,UNKNOWN,False,,HP,5.588336351962937,High,High,High,True,0.4141901208532727
air fryer india,other,Boat air fryer India Model 535,33365.0,3.6,1179.0,Amazon,5 Days,UNKNOWN,False,,Boat,4.989307886983884,High,Medium,High,True,0.12721114940806236
men running shoes,fashion,Samsung men running shoes Model 931,22549.0,2.9,2761.0,Flipkart,5 Days,UNKNOWN,False,,Samsung,4.9094841335876955,High,Medium,High,True,0.35508891746862387
power bank fast charging,other,HP power bank fast charging Model 250,38959.0,4.6,579.0,Reliance Digital,2 Days,UNKNOWN,False,,HP,5.3052112414161865,High,High,Medium,True,0.06836417772530094
microwave oven convection,other,Samsung microwave oven convection Model 788,28251.0,3.3,4604.0,Amazon,Free Delivery,UNKNOWN,False,,Samsung,5.353959179475763,High,Medium,High,True,0.5377933524477009
men running shoes,fashion,Boat men running shoes Model 420,26404.0,3.9,718.0,Croma,Free Delivery,UNKNOWN,False,,Boat,4.971144543088419,High,Medium,Medium,True,0.10605211331616421
air fryer india,other,Dell air fryer India Model 323,34760.0,4.2,2520.0,Croma,2 Days,UNKNOWN,False,,Dell,5.652964370875168,High,High,High,True,0.304487917146145
microwave oven convection,other,Samsung microwave oven convection Model 354,16888.0,2.9,1267.0,Reliance Digital,5 Days,UNKNOWN,False,,Samsung,4.598078453998869,High,Medium,High,True,0.217568687825675
microwave oven convection,other,Philips microwave oven convection Model 565,28852.0,,4195.0,Flipkart,Free Delivery,UNKNOWN,False,,Philips,,High,,High,False,
power bank fast charging,other,Samsung power bank fast charging Model 596,26397.0,3.3,1033.0,Reliance Digital,Free Delivery,UNKNOWN,False,,Samsung,4.75647602202735,High,Medium,High,True,0.12913967496306397
microwave oven convection,other,Nike microwave oven convection Model 845,46529.0,4.7,1118.0,Flipkart,5 Days,UNKNOWN,False,,Nike,5.62807628332477,High,High,High,True,0.11293172000257905
air fryer india,other,Puma air fryer India Model 818,4964.0,4.1,732.0,Flipkart,5 Days,UNKNOWN,False,,Puma,5.09885828075466,High,High,Medium,True,0.6045930701047542
air fryer india,other,Nike air fryer India Model 470,33735.0,2.7,1710.0,Amazon,2 Days,UNKNOWN,False,,Nike,4.597933309556877,High,Medium,High,True,0.13686082703423744
men running shoes,fashion,Nike men running shoes Model 785,24799.0,3.4,246.0,Flipkart,5 Days,UNKNOWN,False,,Nike,4.2437553346511905,High,Medium,Medium,True,0.03372716641800073
office chair ergonomic,office equipments,Philips office chair ergonomic Model 755,9463.0,,3340.0,Flipkart,Free Delivery,UNKNOWN,False,,Philips,,High,,High,False,
office chair ergonomic,office equipments,Dell office chair ergonomic Model 884,7331.0,4.1,2179.0,Reliance Digital,Free Delivery,UNKNOWN,False,,Dell,5.534832062313253,High,High,High,True,1.2186468421770562
office chair ergonomic,office equipments,Boat office chair ergonomic Model 172 ,28498.0,,4784.0,Reliance Digital,Free Delivery,UNKNOWN,False,,Boat,,High,,High,False,
power bank fast charging,other,Sony power bank fast charging Model 154,33036.0,,3288.0,Reliance Digital,Free Delivery,UNKNOWN,False,,Sony,,High,,High,False,
men running shoes,fashion,Boat men running shoes Model 762 ,18772.0,3.4,347.0,Reliance Digital,Free Delivery,UNKNOWN,False,,Boat,4.380880991909789,High,Medium,Medium,True,0.06284892392925634
power bank fast charging,other,Nike power bank fast charging Model 813,49195.0,4.1,2711.0,Croma,Free Delivery,UNKNOWN,False,,Nike,5.622176659624114,High,High,High,True,0.2259396280109767
microwave oven convection,other,LG microwave oven convection Model 306,8035.0,4.7,4121.0,Reliance Digital,5 Days,UNKNOWN,False,,LG,6.149637504580162,High,High,High,True,2.4105413814561296
power bank fast charging,other,Dell power bank fast charging Model 291,1087.0,2.6,1882.0,Croma,5 Days,UNKNOWN,False,,Dell,4.576248611462861,Medium,Medium,High,True,4.501563937442502
power bank fast charging,other,LG power bank fast charging Model 347,16861.0,4.4,1826.0,Croma,2 Days,UNKNOWN,False,,LG,5.644172222551203,High,High,High,True,0.47650791767985295
power bank fast charging,other,LG power bank fast charging Model 649,26039.0,4.1,248.0,Flipkart,2 Days,UNKNOWN,False,,LG,4.666981158585882,High,High,Medium,True,0.039049118629747685
office chair ergonomic,office equipments,Nike office chair ergonomic Model 210,34006.0,4.6,2854.0,Flipkart,Free Delivery,UNKNOWN,False,,Nike,5.942730848836044,High,High,High,True,0.38606128330294653
men running shoes,fashion,HP men running shoes Model 454,30364.0,,660.0,Amazon,5 Days,UNKNOWN,False,,HP,,High,,Medium,False,
power bank fast charging,other,LG power bank fast charging Model 344,25192.0,,1871.0,Flipkart,Free Delivery,UNKNOWN,False,,LG,,High,,High,False,
office chair ergonomic,office equipments,Samsung office chair ergonomic Model 656 ,41403.0,2.8,135.0,Amazon,Free Delivery,UNKNOWN,False,,Samsung,3.645061954294421,High,Medium,Medium,True,0.009129773204840229
power bank fast charging,other,LG power bank fast charging Model 620,7596.0,2.5,3981.0,Flipkart,2 Days,UNKNOWN,False,,LG,4.815815793849657,High,Medium,High,True,1.3102290679304898
microwave oven convection,other,Nike microwave oven convection Model 724,43854.0,3.5,3729.0,Croma,5 Days,UNKNOWN,False,,Nike,5.389665405055145,High,Medium,High,True,0.29761253249418523
men running shoes,fashion,Nike men running shoes Model 955,12436.0,2.8,4004.0,Amazon,2 Days,UNKNOWN,False,,Nike,4.998119543800984,High,Medium,High,True,0.9015117401093599
power bank fast charging,other,Nike power bank fast charging Model 543,19052.0,4.2,3428.0,Flipkart,5 Days,UNKNOWN,False,,Nike,5.776009580985168,High,High,High,True,0.75570018895654
microwave oven convection,other,Philips microwave oven convection Model 269,47068.0,3.9,1802.0,Reliance Digital,Free Delivery,UNKNOWN,False,,Philips,5.338882889281328,High,Medium,High,True,0.1493116342313249
power bank fast charging,other,Dell power bank fast charging Model 653,46043.0,4.2,1541.0,Flipkart,Free Delivery,UNKNOWN,False,,Dell,5.4563342216493105,High,High,High,True,0.14056859891840237
office chair ergonomic,office equipments,Nike office chair ergonomic Model 771,29337.0,3.6,1541.0,Flipkart,Free Delivery,UNKNOWN,False,,Nike,5.09633422164931,High,Medium,High,True,0.18909908988649146
power bank fast charging,other,HP power bank fast charging Model 730,15938.0,3.3,3328.0,Amazon,Free Delivery,UNKNOWN,False,,HP,5.224170895030009,High,Medium,High,True,0.6890701468189233
office chair ergonomic,office equipments,HP office chair ergonomic Model 674,41684.0,3.7,3074.0,Croma,Free Delivery,UNKNOWN,False,,HP,5.432424072096248,High,Medium,High,True,0.27285769120046066
air fryer india,other,Sony air fryer India Model 906,41305.0,3.9,3574.0,Reliance Digital,Free Delivery,UNKNOWN,False,,Sony,5.612688182051244,High,Medium,High,True,0.3374555138603075
office chair ergonomic,office equipments,Samsung office chair ergonomic Model 398,31075.0,4.7,1146.0,Amazon,Free Delivery,UNKNOWN,False,,Samsung,5.637962046851749,High,High,High,True,0.17332904263877716
men running shoes,fashion,Dell men running shoes Model 652,30140.0,2.9,807.0,Reliance Digital,5 Days,UNKNOWN,False,,Dell,4.417824823408438,High,Medium,Medium,True,0.07764764432647643
power bank fast charging,other,Sony power bank fast charging Model 334,9499.0,4.9,4207.0,Croma,Free Delivery,UNKNOWN,False,,Sony,6.277897101767018,High,High,High,True,2.170154753131909
men running shoes,fashion,Philips men running shoes Model 277,31389.0,4.3,4321.0,Croma,5 Days,UNKNOWN,False,,Philips,5.928589414826733,High,High,High,True,0.5919366657109179
office chair ergonomic,office equipments,Philips office chair ergonomic Model 658,4438.0,,40.0,Amazon,5 Days,UNKNOWN,False,,Philips,,High,,Low,False,
air fryer india,other,Dell air fryer India Model 580,17961.0,3.1,4995.0,Flipkart,2 Days,UNKNOWN,False,,Dell,5.266557148498187,High,Medium,High,True,0.8621179221646902
office chair ergonomic,office equipments,Dell office chair ergonomic Model 249 ,9264.0,3.3,609.0,Reliance Digital,Free Delivery,UNKNOWN,False,,Dell,4.545383582866942,High,Medium,Medium,True,0.2169365284974093
microwave oven convection,other,LG microwave oven convection Model 223,46052.0,4.5,2531.0,Croma,Free Delivery,UNKNOWN,False,,LG,5.834705913305626,High,High,High,True,0.24731824893598542
air fryer india,other,LG air fryer India Model 237,3117.0,3.7,748.0,Croma,Free Delivery,UNKNOWN,False,,LG,4.867495593406888,High,Medium,Medium,True,0.8879050368944498
air fryer india,other,LG air fryer India Model 520,28421.0,4.6,2786.0,Reliance Digital,5 Days,UNKNOWN,False,,LG,5.933088410992779,High,High,High,True,0.45092009429647084
air fryer india,other,Dell air fryer India Model 376,48528.0,2.6,3673.0,Flipkart,Free Delivery,UNKNOWN,False,,Dell,4.843614506310029,High,Medium,High,True,0.19678948236069901
microwave oven convection,other,Puma microwave oven convection Model 544,48582.0,3.1,3036.0,Flipkart,5 Days,UNKNOWN,False,,Puma,5.0674501860183,High,Medium,High,True,0.19372607138446338
office chair ergonomic,office equipments,HP office chair ergonomic Model 112,31474.0,3.0,4517.0,Croma,Free Delivery,UNKNOWN,False,,HP,5.1663298788111796,High,Medium,High,True,0.4305458473660799
air fryer india,other,Nike air fryer India Model 635 ,23979.0,,384.0,Amazon,2 Days,UNKNOWN,False,,Nike,,High,,Medium,False,
office chair ergonomic,office equipments,Boat office chair ergonomic Model 505,17335.0,4.9,2038.0,Croma,Free Delivery,UNKNOWN,False,,Boat,5.988085908229782,High,High,High,True,0.5760715315835017
office chair ergonomic,office equipments,Nike office chair ergonomic Model 457,6006.0,3.4,1498.0,Flipkart,Free Delivery,UNKNOWN,False,,Nike,4.9650213992410395,High,Medium,High,True,0.848018648018648
air fryer india,other,Philips air fryer India Model 669 ,13652.0,2.7,2243.0,Amazon,2 Days,UNKNOWN,False,,Philips,4.706406106657035,High,Medium,High,True,0.44360533255200707
men running shoes,fashion,HP men running shoes Model 974,13155.0,3.6,2057.0,Flipkart,2 Days,UNKNOWN,False,,HP,5.211795966557599,High,Medium,High,True,0.5629190421892817
microwave oven convection,other,Sony microwave oven convection Model 861,14160.0,5.0,1594.0,Reliance Digital,Free Delivery,UNKNOWN,False,,Sony,5.949851606087578,High,High,High,True,0.5628531073446328
office chair ergonomic,office equipments,Boat office chair ergonomic Model 534,49386.0,4.1,916.0,Croma,Free Delivery,UNKNOWN,False,,Boat,5.188442988902585,High,High,Medium,True,0.07604584295144372
power bank fast charging,other,Boat power bank fast charging Model 257,48691.0,4.8,539.0,Croma,Free Delivery,UNKNOWN,False,,Boat,5.396627655823329,High,High,Medium,True,0.0531350762974677
office chair ergonomic,office equipments,Sony office chair ergonomic Model 116,39770.0,4.2,617.0,Reliance Digital,2 Days,UNKNOWN,False,,Sony,5.090595382983077,High,High,Medium,True,0.06515966809152628
air fryer india,other,Sony air fryer India Model 725,22083.0,2.5,3667.0,Flipkart,5 Days,UNKNOWN,False,,Sony,4.782960733350542,High,Medium,High,True,0.41513834171081826
men running shoes,fashion,LG men running shoes Model 265,31009.0,3.1,506.0,Reliance Digital,2 Days,UNKNOWN,False,,LG,4.351404401436474,High,Medium,Medium,True,0.050585313941113874
microwave oven convection,other,Philips microwave oven convection Model 221,14840.0,4.3,3858.0,Flipkart,Free Delivery,UNKNOWN,False,,Philips,5.883265344615047,High,High,High,True,1.1178840970350403
men running shoes,fashion,LG men running shoes Model 272,5766.0,3.2,973.0,Reliance Digital,5 Days,UNKNOWN,False,,LG,4.672564521457014,High,Medium,Medium,True,0.5399930627818246
microwave oven convection,other,Puma microwave oven convection Model 738,41951.0,4.0,1460.0,Flipkart,Free Delivery,UNKNOWN,False,,Puma,5.3147505647002795,High,Medium,High,True,0.1392100307501609
office chair ergonomic,office equipments,HP office chair ergonomic Model 205,132290.0,2.6,874.0,Reliance Digital,Free Delivery,UNKNOWN,False,,HP,4.269689554543046,High,Medium,Medium,True,0.01717741325874972
office chair ergonomic,office equipments,Samsung office chair ergonomic Model 229,20104.0,2.7,439.0,Amazon,2 Days,UNKNOWN,False,,Samsung,4.054709890764923,High,Medium,Medium,True,0.05895841623557502
power bank fast charging,other,Nike power bank fast charging Model 172,25092.0,3.0,263.0,Croma,2 Days,UNKNOWN,False,,Nike,4.030379641258526,High,Medium,Medium,True,0.0314442850310856
microwave oven convection,other,Boat microwave oven convection Model 156,220130.0,4.8,4501.0,Croma,2 Days,UNKNOWN,False,,Boat,6.2449108085866705,High,High,High,True,0.09814564121201108
air fryer india,other,Dell air fryer India Model 243,184400.0,2.6,3171.0,Amazon,Free Delivery,UNKNOWN,False,,Dell,4.7848470331018955,High,Medium,High,True,0.04471041214750542
air fryer india,other,Nike air fryer India Model 258 ,17028.0,3.0,3583.0,Flipkart,5 Days,UNKNOWN,False,,Nike,5.073693909637928,High,Medium,High,True,0.6312544045102184
microwave oven convection,other,Boat microwave oven convection Model 458,31490.0,3.1,1093.0,Amazon,5 Days,UNKNOWN,False,,Boat,4.659038393192771,High,Medium,High,True,0.10759923785328676
power bank fast charging,other,Dell power bank fast charging Model 484,40635.0,3.0,1454.0,Croma,2 Days,UNKNOWN,False,,Dell,4.713104471842238,High,Medium,High,True,0.10734588409007013
office chair ergonomic,office equipments,Philips office chair ergonomic Model 808,28743.0,5.0,3347.0,Amazon,2 Days,UNKNOWN,False,,Philips,6.246447372643747,High,High,High,True,0.5822287165570748
power bank fast charging,other,Philips power bank fast charging Model 136,11469.0,3.4,2456.0,Reliance Digital,Free Delivery,UNKNOWN,False,,Philips,5.162678549008472,High,Medium,High,True,0.7280844014299416
microwave oven convection,other,Sony microwave oven convection Model 852,47730.0,4.5,3005.0,Croma,2 Days,UNKNOWN,False,,Sony,5.903346228125168,High,High,High,True,0.2833123821495915
power bank fast charging,other,Boat power bank fast charging Model 295,171520.0,3.9,,Flipkart,Free Delivery,UNKNOWN,False,,Boat,,High,Medium,,True,
air fryer india,other,Nike air fryer India Model 162 ,489880.0,4.1,4559.0,Flipkart,5 Days,UNKNOWN,False,,Nike,5.830031161003372,High,High,High,True,0.03815607903976483
men running shoes,fashion,HP men running shoes Model 129,999.0,4.5,3287.0,Flipkart,5 Days,UNKNOWN,False,,HP,5.939213902470428,Medium,High,High,True,14.806306306306306
office chair ergonomic,office equipments,Nike office chair ergonomic Model 977 ,41365.0,3.8,1093.0,Croma,Free Delivery,UNKNOWN,False,,Nike,5.0790383931927705,High,Medium,High,True,0.10040855795962769
microwave oven convection,other,Puma microwave oven convection Model 212,12632.0,3.0,2291.0,Flipkart,Free Delivery,UNKNOWN,False,,Puma,4.894872031133852,High,Medium,High,True,0.544094363521216
air fryer india,other,Boat air fryer India Model 950,35032.0,3.9,2261.0,Reliance Digital,2 Days,UNKNOWN,False,,Boat,5.429601862670426,High,Medium,High,True,0.25170986526604244
air fryer india,other,Samsung air fryer India Model 923 ,20041.0,4.6,1686.0,Reliance Digital,Free Delivery,UNKNOWN,False,,Samsung,5.732282833018387,High,High,High,True,0.3869866773115114
office chair ergonomic,office equipments,Sony office chair ergonomic Model 116 ,397700.0,4.2,617.0,Reliance Digital,2 Days,UNKNOWN,False,,Sony,5.090595382983077,High,High,Medium,True,0.0065159668091526275
air fryer india,other,Philips air fryer India Model 213,999.0,4.4,2655.0,Amazon,2 Days,UNKNOWN,False,,Philips,5.79383060423853,Medium,High,High,True,11.693693693693696
air fryer india,other,Philips air fryer India Model 594,41057.0,3.6,3166.0,Reliance Digital,2 Days,UNKNOWN,False,,Philips,5.384216018615456,High,Medium,High,True,0.27760430620844195
office chair ergonomic,office equipments,Samsung office chair ergonomic Model 472,9857.0,,3938.0,Amazon,2 Days,UNKNOWN,False,,Samsung,,High,,High,False,
office chair ergonomic,office equipments,Puma office chair ergonomic Model 306,23833.0,2.6,293.0,Flipkart,5 Days,UNKNOWN,False,,Puma,3.8334319069354725,High,Medium,Medium,True,0.03196408341375404
microwave oven convection,other,Dell microwave oven convection Model 367,323170.0,3.6,434.0,Amazon,Free Delivery,UNKNOWN,False,,Dell,4.590138412435474,High,Medium,Medium,True,0.004834607172695486
microwave oven convection,other,Puma microwave oven convection Model 195,128720.0,4.4,629.0,Amazon,5 Days,UNKNOWN,False,,Puma,5.218287927754232,High,High,Medium,True,0.021500932256059667
office chair ergonomic,office equipments,Samsung office chair ergonomic Model 666 ,4203.0,4.0,3908.0,Croma,5 Days,UNKNOWN,False,,Samsung,5.708414746317182,High,Medium,High,True,3.7192481560789914
air fryer india,other,Boat air fryer India Model 433,30954.0,4.2,746.0,Amazon,5 Days,UNKNOWN,False,,Boat,5.166426074053128,High,High,Medium,True,0.10122116689280869
power bank fast charging,other,HP power bank fast charging Model 815 ,5912.0,3.6,80.0,Reliance Digital,Free Delivery,UNKNOWN,False,,HP,3.917779661868976,High,Medium,Low,True,0.04871447902571042
power bank fast charging,other,LG power bank fast charging Model 347 ,16861.0,4.4,1826.0,Croma,2 Days,UNKNOWN,False,,LG,5.644172222551203,High,High,High,True,0.47650791767985295
microwave oven convection,other,Boat microwave oven convection Model 727,16473.0,,4296.0,Croma,Free Delivery,UNKNOWN,False,,Boat,,High,,High,False,
iphone,mobile,Apple iPhone 17 Pro,124400.4,4.5,13000.0,Apple,Free next-day delivery,USD,True,"https://www.google.com/search?ibp=oshop&q=iphone&prds=catalogid:461677229171638444,productid:6099195971872800621,headlineOfferDocid:8182383595621411134,imageDocid:4482703506354512087,rds:PC_9961958114952839788|PROD_PC_9961958114952839788,gpcid:9961958114952839788,pvt:hg&hl=en&gl=us&udm=28",Apple,6.489112622624868,High,High,High,True,0.4702557226504095
iphone,mobile,Apple iPhone 16e,12449.17,4.6,10000.0,Boost Mobile,,USD,False,"https://www.google.com/search?ibp=oshop&q=iphone&prds=catalogid:16029531393919230726,productid:1897130661901326138,headlineOfferDocid:15800488489070171164,imageDocid:13450378854840152589,rds:PC_14126173308846421367|PROD_PC_14126173308846421367,gpcid:14126173308846421367,mid:576462880781495626,pvt:hg&hl=en&gl=us&udm=28",Apple,6.444176146790607,High,High,High,True,3.695025451495963
iphone,mobile,Apple iPhone 17 Pro Max,99500.4,4.5,22000.0,Apple,Free next-day delivery,USD,True,"https://www.google.com/search?ibp=oshop&q=iphone&prds=catalogid:14168848586042650493,productid:6267898192402169263,headlineOfferDocid:9742715914832712106,imageDocid:17255481404991010739,rds:PC_4867250886722056820|PROD_PC_4867250886722056820,gpcid:4867250886722056820,mid:576462556069674099,pvt:hg&hl=en&gl=us&udm=28",Apple,6.699537274341152,High,High,High,True,0.9949708744889468
iphone,mobile,Apple iPhone 15,41417.0,4.7,54000.0,Walmart,Free delivery by Sat,USD,False,"https://www.google.com/search?ibp=oshop&q=iphone&prds=catalogid:11705794825643768767,productid:2568289313584734313,headlineOfferDocid:6665082123021186545,imageDocid:10230625183121457869,rds:PC_6601648695432433635|PROD_PC_6601648695432433635,gpcid:6601648695432433635,mid:576462758755759090,pvt:hg&hl=en&gl=us&udm=28",Apple,7.178703137557386,High,High,High,True,6.127918487577565
iphone,mobile,Apple iPhone 17,68807.0,4.8,23000.0,Apple,Free next-day delivery,USD,False,"https://www.google.com/search?ibp=oshop&q=iphone&prds=catalogid:1162483734985481855,productid:1682543984926353568,headlineOfferDocid:15441680057023274579,imageDocid:8199555666722271560,rds:PC_4728907421224624008|PROD_PC_4728907421224624008,gpcid:4728907421224624008,pvt:hg&hl=en&gl=us&udm=28",Apple,6.897317188890802,High,High,High,True,1.6044879154737164
iphone,mobile,Apple iPhone 16 Plus,77180.04,4.7,9800.0,Verizon,Free delivery,USD,True,"https://www.google.com/search?ibp=oshop&q=iphone&prds=catalogid:750620215642480126,productid:11095062588487401386,headlineOfferDocid:1847369472416581245,imageDocid:4714281717718011263,rds:PC_8897179128216049295|PROD_PC_8897179128216049295,gpcid:8897179128216049295,mid:576462819791058017,pvt:hg&hl=en&gl=us&udm=28",Apple,6.4960958801076725,High,High,High,True,0.5967864230181794
iphone,mobile,Apple iPhone 16,60507.0,4.7,29000.0,Walmart,,USD,True,"https://www.google.com/search?ibp=oshop&q=iphone&prds=catalogid:2517119301140850438,productid:12239783624438124415,headlineOfferDocid:3571768337583677743,imageDocid:3274259940317916866,rds:PC_1465601687215425854|PROD_PC_1465601687215425854,gpcid:1465601687215425854,mid:576460833570787340,pvt:hg&hl=en&gl=us&udm=28",Apple,6.930034236453086,High,High,High,True,2.2526319268844928
iphone,mobile,Apple iPhone 17e,20886.120000000003,4.7,1800.0,At&T,Free delivery,USD,True,"https://www.google.com/search?ibp=oshop&q=iphone&prds=catalogid:17933694113703965261,productid:14651588985570776420,headlineOfferDocid:10377872843847532659,imageDocid:3940799764689133153,rds:PC_15096775703250617709|PROD_PC_15096775703250617709,gpcid:15096775703250617709,mid:576462883654484663,pvt:hg&hl=en&gl=us&udm=28",Apple,5.818438938070383,High,High,High,True,0.4050536911594877
iphone,mobile,Apple iPhone Air,116113.68,4.3,4300.0,Apple,Free next-day delivery,USD,True,"https://www.google.com/search?ibp=oshop&q=iphone&prds=catalogid:17991041022236373368,productid:13257889039355079611,headlineOfferDocid:12729316295016605768,imageDocid:845593542305997107,rds:PC_17053988925978656314|PROD_PC_17053988925978656314,gpcid:17053988925978656314,mid:576462879844799774,pvt:hg&hl=en&gl=us&udm=28",Apple,5.926641133113494,High,High,High,True,0.15924049603802068
iphone,mobile,Apple iPhone 15 128GB Black  Available With Cricket Wireless Plan,29049.17,4.5,11.0,Cricket Wireless,Free delivery,USD,False,"https://www.google.com/search?ibp=oshop&q=iphone&prds=productid:10381625117188221237,headlineOfferDocid:10381625117188221237,imageDocid:13174789921801823907,rds:PC_10050402835695201371|PROD_PC_10050402835695201371,pvt:hg&hl=en&gl=us&udm=28",Apple,3.6939626599152,High,High,Low,True,0.0017040073778355803
iphone,mobile,Apple iPhone 14,23987.0,4.5,48000.0,Back Market,,USD,False,"https://www.google.com/search?ibp=oshop&q=iphone&prds=catalogid:11079545061416596281,productid:15332876627187687969,headlineOfferDocid:887177525630168611,imageDocid:6786202627893910781,rds:PC_8053804293482199477|PROD_PC_8053804293482199477,gpcid:8053804293482199477,mid:576462684717173784,pvt:hg&hl=en&gl=us&udm=28",Apple,7.011590849202541,High,High,High,True,9.004877642056114
iphone,mobile,Apple iPhone 12,16599.170000000002,4.3,48000.0,Best Buy,Free delivery,USD,False,"https://www.google.com/search?ibp=oshop&q=iphone&prds=catalogid:6270153989176538177,productid:12172221524434716754,headlineOfferDocid:274900493913933400,imageDocid:16209370223521594763,rds:PC_435984501635772740|PROD_PC_435984501635772740,gpcid:435984501635772740,mid:576462900638141113,pvt:hg&hl=en&gl=us&udm=28",Apple,6.89159084920254,High,High,High,True,12.434356657591914
iphone,mobile,Apple iPhone 13,17164.4,4.6,83000.0,Walmart - Upgrade Solution Inc,Free delivery,USD,False,"https://www.google.com/search?ibp=oshop&q=iphone&prds=catalogid:6459989864881593991,productid:9312202635691942211,headlineOfferDocid:7317541762010976533,imageDocid:17046991344989722455,rds:PC_8971650804785857268|PROD_PC_8971650804785857268,gpcid:8971650804785857268,mid:576462624134816700,pvt:hg&hl=en&gl=us&udm=28",Apple,7.2906431739595705,High,High,High,True,22.24371373307543
iphone,mobile,Apple iPhone 15  Black  128GB with 24 monthly payments  plan,52290.0,4.7,54000.0,T-Mobile,Free delivery,USD,True,"https://www.google.com/search?ibp=oshop&q=iphone&prds=productid:13528523097997182821,headlineOfferDocid:13528523097997182821,imageDocid:11083866937706273567,rds:PC_6601648695432433635|PROD_PC_6601648695432433635,pvt:hg&hl=en&gl=us&udm=28",Apple,7.178703137557386,High,High,High,True,4.853700516351119
iphone,mobile,Apple SE Watch,9213.0,4.5,56000.0,Best Buy,,USD,False,"https://www.google.com/search?ibp=oshop&q=iphone&prds=catalogid:9279261589196400269,productid:18370435570490061949,headlineOfferDocid:13964468391351931051,imageDocid:13299854110788581677,rds:PC_8360109243546355642|PROD_PC_8360109243546355642,gpcid:8360109243546355642,mid:576462796319228210,pvt:hg&hl=en&gl=us&udm=28",Apple,7.073249930680284,High,High,High,True,27.352653858677954
iphone,mobile,Apple iPhone 14 Plus,23904.0,4.4,12000.0,Back Market,,USD,False,"https://www.google.com/search?ibp=oshop&q=iphone&prds=catalogid:17759963551893261990,productid:12992476157141530242,headlineOfferDocid:14260456868963301000,imageDocid:10119392737011642904,rds:PC_9468624372169813779|PROD_PC_9468624372169813779,gpcid:9468624372169813779,mid:576462725296367088,pvt:hg&hl=en&gl=us&udm=28",Apple,6.397098103452577,High,High,High,True,2.2088353413654622
iphone,mobile,Apple iPhone 11,13694.17,4.4,78000.0,Ebay - Itsworthmore,Free delivery by Sat,USD,False,"https://www.google.com/search?ibp=oshop&q=iphone&prds=catalogid:12308287955179192352,productid:9418620838065947476,headlineOfferDocid:7164042384207127214,imageDocid:16942952539938851942,rds:PC_8023149794696260886|PROD_PC_8023149794696260886,gpcid:8023149794696260886,mid:576462319911438051,pvt:hg&hl=en&gl=us&udm=28",Apple,7.1457907704409465,High,High,High,True,25.061759858392293
iphone,mobile,Apple iPhone 15 Plus,53949.17,4.6,9300.0,Target,Free delivery by Wed,USD,False,"https://www.google.com/search?ibp=oshop&q=iphone&prds=catalogid:11555061121306309403,productid:8717589437035082366,headlineOfferDocid:13433222919456360327,imageDocid:15938390727334850152,rds:PC_4702526954592161872|PROD_PC_4702526954592161872,gpcid:4702526954592161872,mid:576462756293218671,pvt:hg&hl=en&gl=us&udm=28",Apple,6.415150880096987,High,High,High,True,0.792968640666761
iphone,mobile,APPLE IPHONE 13 MINI,21995.0,4.3,12000.0,Back Market,,USD,False,"https://www.google.com/search?ibp=oshop&q=iphone&prds=catalogid:14037241831600444795,productid:14425901739575060819,headlineOfferDocid:3186543980287332687,imageDocid:6287644585621070210,rds:PC_7247330322390165966|PROD_PC_7247330322390165966,gpcid:7247330322390165966,mid:576462836122922296,pvt:hg&hl=en&gl=us&udm=28",APPLE,6.337098103452576,High,High,High,True,2.345987724482837
iphone,mobile,Apple iPhone 12 Mini,15267.85,4.3,24000.0,Walmart - Yywireless,,USD,False,"https://www.google.com/search?ibp=oshop&q=iphone&prds=catalogid:8603702075097955153,productid:6082243813320672013,headlineOfferDocid:15952889374721285667,imageDocid:11862759314172590521,rds:PC_14561671209714996631|PROD_PC_14561671209714996631,gpcid:14561671209714996631,mid:576462876919225707,pvt:hg&hl=en&gl=us&udm=28",Apple,6.614340310051487,High,High,High,True,6.759301407860308
iphone,mobile,Apple  iPhone 17e 256GB  Black Verizon,49780.08,4.7,1800.0,Best Buy,Free delivery by Sat,USD,True,"https://www.google.com/search?ibp=oshop&q=iphone&prds=productid:9464482762925663591,headlineOfferDocid:9464482762925663591,imageDocid:7513493801429701181,rds:PC_15096775703250617709|PROD_PC_15096775703250617709,pvt:hg&hl=en&gl=us&udm=28",Apple,5.818438938070383,High,High,High,True,0.1699474970711176
iphone,mobile,Apple iPhone 8,6805.169999999999,4.3,30000.0,Back Market,,USD,False,"https://www.google.com/search?ibp=oshop&q=iphone&prds=catalogid:830737816400496933,productid:2304645374163698333,headlineOfferDocid:8873307520622304927,imageDocid:447323955231849713,rds:PC_13368511492336631680|PROD_PC_13368511492336631680,gpcid:13368511492336631680,mid:576462864015586278,pvt:hg&hl=en&gl=us&udm=28",Apple,6.703594397368832,High,High,High,True,18.956175966213927
iphone,mobile,Apple iPhone 16 Pro,91223.64,4.6,18000.0,Viaero Wireless,Free delivery,USD,True,"https://www.google.com/search?ibp=oshop&q=iphone&prds=productid:7206356333606194892,headlineOfferDocid:7206356333606194892,imageDocid:9514825859546782912,rds:PC_10943350843658421229|PROD_PC_10943350843658421229,pvt:hg&hl=en&gl=us&udm=28",Apple,6.679273036356282,High,High,High,True,0.9076594619552564
iphone,mobile,iPhone 12  64GB  Blue  Unlocked,14316.67,4.3,48000.0,Reebelo Usa,Free delivery by Tue,USD,False,"https://www.google.com/search?ibp=oshop&q=iphone&prds=productid:16761353740138022590,headlineOfferDocid:16761353740138022590,imageDocid:6989118407544208556,rds:PC_435984501635772740|PROD_PC_435984501635772740,pvt:hg&hl=en&gl=us&udm=28",iPhone,6.89159084920254,High,High,High,True,14.416760322058131
iphone,mobile,Apple iPhone 13 Pro,32840.61,4.4,15000.0,Back Market,,USD,False,"https://www.google.com/search?ibp=oshop&q=iphone&prds=catalogid:2934452686125445599,productid:12103109595313452912,headlineOfferDocid:16885855172441775145,imageDocid:2487602393966496277,rds:PC_8623544612196710249|PROD_PC_8623544612196710249,gpcid:8623544612196710249,pvt:hg&hl=en&gl=us&udm=28",Apple,6.4863488578115565,High,High,High,True,2.009706884250932
iphone,mobile,Apple iPhone 7,5368.4400000000005,4.3,37000.0,Walmart - Upgrade Solution Inc,Free delivery,USD,False,"https://www.google.com/search?ibp=oshop&q=iphone&prds=catalogid:5308272542745210393,productid:4992135472943780035,headlineOfferDocid:1778305914684616777,imageDocid:15876698964194469430,rds:PC_6142244829115239135|PROD_PC_6142244829115239135,gpcid:6142244829115239135,mid:576462235285926155,pvt:hg&hl=en&gl=us&udm=28",Apple,6.7874800873152665,High,High,High,True,29.63616991155717
iphone,mobile,Apple  iPhone 17e 512GB  White Verizon,66393.36,4.7,1800.0,Best Buy,Free delivery by Tue,USD,True,"https://www.google.com/search?ibp=oshop&q=iphone&prds=productid:15623475752933431592,headlineOfferDocid:15623475752933431592,imageDocid:8486562325384046127,rds:PC_15096775703250617709|PROD_PC_15096775703250617709,pvt:hg&hl=en&gl=us&udm=28",Apple,5.818438938070383,High,High,High,True,0.1274223807922961
iphone,mobile,Apple iPhone 12 Pro Max,28967.0,4.4,15000.0,Back Market,,USD,False,"https://www.google.com/search?ibp=oshop&q=iphone&prds=catalogid:15982563268370664381,productid:8308681321948518937,headlineOfferDocid:981926286714689136,imageDocid:16873693813430388599,rds:PC_7453357062207114878|PROD_PC_7453357062207114878,gpcid:7453357062207114878,mid:576462821003197463,pvt:hg&hl=en&gl=us&udm=28",Apple,6.4863488578115565,High,High,High,True,2.2784547933855768
iphone,mobile,Apple Iphone 14 128gb Network Unlocked Very Good Condition,25231.17,4.5,48000.0,Ebay - Directauth,Free delivery by Mon,USD,False,"https://www.google.com/search?ibp=oshop&q=iphone&prds=productid:10599196601456471224,headlineOfferDocid:10599196601456471224,imageDocid:2017956349774460894,rds:PC_8053804293482199477|PROD_PC_8053804293482199477,pvt:hg&hl=en&gl=us&udm=28",Apple,7.011590849202541,High,High,High,True,8.560839628126638
iphone,mobile,Apple Iphone 16e,49720.32000000001,,,Viaero Wireless,Free delivery,USD,True,"https://www.google.com/search?ibp=oshop&q=iphone&prds=productid:17675550675919624688,headlineOfferDocid:17675550675919624688,imageDocid:1898917817998893320,pvt:hg&hl=en&gl=us&udm=28",Apple,,High,,,False,
iphone,mobile,Apple Iphone XS,10995.01,4.5,15000.0,Walmart - Wireless Source,Free delivery,USD,False,"https://www.google.com/search?ibp=oshop&q=iphone&prds=catalogid:4485466949985702538,productid:14335253671845480120,headlineOfferDocid:13153900817725700996,imageDocid:9514305120103917430,rds:PC_6811745323585508222|PROD_PC_6811745323585508222,gpcid:6811745323585508222,mid:576462311032611740,pvt:hg&hl=en&gl=us&udm=28",Apple,6.546348857811555,High,High,High,True,6.139148577400111
iphone,mobile,iPhone 15 256GB  Black  Unlocked,33482.2,4.7,54000.0,Back Market,,USD,False,"https://www.google.com/search?ibp=oshop&q=iphone&prds=productid:14517608025617185563,headlineOfferDocid:14517608025617185563,imageDocid:7724578898268109658,rds:PC_6601648695432433635|PROD_PC_6601648695432433635,pvt:hg&hl=en&gl=us&udm=28",iPhone,7.178703137557386,High,High,High,True,7.580147063215679
iphone,mobile,Apple  Refurbished Excellent  iPhone 14 Pro Max A2651 128GB 67inch 2022  Unlocked  Gold,46549.72,4.4,23000.0,Best Buy,,USD,False,"https://www.google.com/search?ibp=oshop&q=iphone&prds=productid:17003653396474120581,headlineOfferDocid:17003653396474120581,imageDocid:6130589411317785890,rds:PC_8672923537105206374|PROD_PC_8672923537105206374,pvt:hg&hl=en&gl=us&udm=28",Apple,6.6573171888908025,High,High,High,True,2.1740195214922884
iphone,mobile,iPhone 13  256GB  Pink  Unlocked,24567.17,4.6,83000.0,Reebelo Usa,Free delivery by Tue,USD,False,"https://www.google.com/search?ibp=oshop&q=iphone&prds=productid:16668264476468362941,headlineOfferDocid:16668264476468362941,imageDocid:12478352040978757473,rds:PC_8971650804785857268|PROD_PC_8971650804785857268,pvt:hg&hl=en&gl=us&udm=28",iPhone,7.2906431739595705,High,High,High,True,15.541065576539747
iphone,mobile,Apple iPhone 11 64GB Prepaid  Total Wireless Black with plan with 24 monthly installment payments  plan,20749.17,4.4,74000.0,Total Wireless,Free delivery by Wed,USD,False,"https://www.google.com/search?ibp=oshop&q=iphone&prds=productid:11536523965264605955,headlineOfferDocid:11536523965264605955,imageDocid:18066924778440357335,rds:PC_8023149794696260886|PROD_PC_8023149794696260886,pvt:hg&hl=en&gl=us&udm=28",Apple,7.124733554243406,High,High,High,True,15.692193952818355
iphone,mobile,Apple iPhone XR,20583.17,4.5,40000.0,Ebay - Cellsensation,Free delivery,USD,False,"https://www.google.com/search?ibp=oshop&q=iphone&prds=catalogid:3168464279511408051,productid:8959325327106127539,headlineOfferDocid:4137374504631865441,imageDocid:8065639153227818184,rds:PC_15653290272112071452|PROD_PC_15653290272112071452,gpcid:15653290272112071452,mid:576462311165491294,pvt:hg&hl=en&gl=us&udm=28",Apple,6.938663893113432,High,High,High,True,8.745008664846086
iphone,mobile,iPhone 15 Pro 512GB  Natural Titanium  Unlocked,54531.0,4.5,14000.0,Back Market,,USD,False,"https://www.google.com/search?ibp=oshop&q=iphone&prds=productid:269285804413792711,headlineOfferDocid:269285804413792711,imageDocid:9939014386185350746,rds:PC_11795796123145720151|PROD_PC_11795796123145720151,pvt:hg&hl=en&gl=us&udm=28",iPhone,6.51875361384717,High,High,High,True,1.1553061561313749
iphone,mobile,Apple  Refurbished Excellent  iPhone 14 Pro Max A2651 128GB 67inch 2022 Deep  Unlocked  Purple,46549.72,4.4,23000.0,Best Buy,,USD,False,"https://www.google.com/search?ibp=oshop&q=iphone&prds=productid:2873427226523606067,headlineOfferDocid:2873427226523606067,imageDocid:1782308711389290613,rds:PC_8672923537105206374|PROD_PC_8672923537105206374,pvt:hg&hl=en&gl=us&udm=28",Apple,6.6573171888908025,High,High,High,True,2.1740195214922884
iphone,mobile,Apple Iphone 12 PRO,20667.0,4.3,17000.0,Walmart - Reebelo,Free delivery,USD,False,"https://www.google.com/search?ibp=oshop&q=iphone&prds=catalogid:4370868469791693735,productid:13043231935759279247,headlineOfferDocid:1314179314559057484,imageDocid:11073224795786999912,rds:PC_14243855303706753583|PROD_PC_14243855303706753583,gpcid:14243855303706753583,mid:576462787490644887,pvt:hg&hl=en&gl=us&udm=28",Apple,6.476410977935091,High,High,High,True,3.537039725165723
iphone,mobile,iPhone 14 Pro Max  128GB  Gold  Unlocked,44569.34,4.4,23000.0,Reebelo Usa,Free delivery by Tue,USD,False,"https://www.google.com/search?ibp=oshop&q=iphone&prds=productid:5484823447926905476,headlineOfferDocid:5484823447926905476,imageDocid:12370981564624929943,rds:PC_8672923537105206374|PROD_PC_8672923537105206374,pvt:hg&hl=en&gl=us&udm=28",iPhone,6.6573171888908025,High,High,High,True,2.270619219400602
samsung,mobile,Samsung Galaxy Z Fold7,132799.17,4.6,52000.0,Samsung,Free delivery,USD,False,"https://www.google.com/search?ibp=oshop&q=Samsung&prds=catalogid:16161404336191574849,productid:13290963935809730568,headlineOfferDocid:10444038009565071907,imageDocid:11328692731771072581,rds:PC_16337891081947337161|PROD_PC_16337891081947337161,gpcid:16337891081947337161,mid:576462833777183171,pvt:hg&hl=en&gl=us&udm=28",Samsung,7.103607291259155,High,High,High,True,1.8012160768775884
samsung,mobile,Samsung Galaxy S25 FE,53949.17,4.6,119000.0,Best Buy,Free delivery by Sat,USD,False,"https://www.google.com/search?ibp=oshop&q=Samsung&prds=catalogid:13834566291519350291,productid:8129272483435906231,headlineOfferDocid:3312554410984747961,imageDocid:5034301679683960159,rds:PC_11752250590237752181|PROD_PC_11752250590237752181,gpcid:11752250590237752181,pvt:hg&hl=en&gl=us&udm=28",Samsung,7.434754870167881,High,High,High,True,10.14658798272522
samsung,mobile,Samsung Galaxy Z Flip7,107899.17,4.5,41000.0,Samsung,Free delivery,USD,False,"https://www.google.com/search?ibp=oshop&q=Samsung&prds=catalogid:17628167703122538218,productid:12433246234969379399,headlineOfferDocid:9548328485748242500,rds:PC_10192101424008708893|PROD_PC_10192101424008708893,gpcid:10192101424008708893,mid:576462863844915666,pvt:hg&hl=en&gl=us&udm=28",Samsung,6.948540694253165,High,High,High,True,1.7099297427403752
samsung,mobile,Samsung Galaxy Watch Ultra,53949.17,4.6,18000.0,Samsung,Free delivery,USD,False,"https://www.google.com/search?ibp=oshop&q=Samsung&prds=catalogid:7534159148514796834,productid:14128632669515693324,headlineOfferDocid:8895708966048453892,imageDocid:3144900381034434047,rds:PC_2673828588296638927|PROD_PC_2673828588296638927,gpcid:2673828588296638927,mid:576462833044590996,pvt:hg&hl=en&gl=us&udm=28",Samsung,6.679273036356282,High,High,High,True,1.5347780141937308
samsung,mobile,Samsung Galaxy S25,32785.0,4.7,62000.0,Walmart - Reebelo,Free delivery,USD,False,"https://www.google.com/search?ibp=oshop&q=Samsung&prds=catalogid:6612124133586791833,productid:4324293161558900224,headlineOfferDocid:10792809419999174516,imageDocid:84343121259535121,rds:PC_7998131059683023653|PROD_PC_7998131059683023653,gpcid:7998131059683023653,mid:576462859883472853,pvt:hg&hl=en&gl=us&udm=28",Samsung,7.233962317171766,High,High,High,True,8.888211072136649
samsung,mobile,Samsung The Frame QLED 4K Smart TV,74699.17,4.6,21000.0,Samsung,Free delivery,USD,False,"https://www.google.com/search?ibp=oshop&q=Samsung&prds=catalogid:10469443510341920104,productid:14329402422632591247,headlineOfferDocid:14305320958390907088,imageDocid:4168674276575188966,rds:PC_15708983441793073681|PROD_PC_15708983441793073681,gpcid:15708983441793073681,pvt:hg&hl=en&gl=us&udm=28",Samsung,6.740930133847771,High,High,High,True,1.2931870595081576
samsung,mobile,Samsung Galaxy S24 Ultra,53949.17,4.7,92000.0,Best Buy,,USD,False,"https://www.google.com/search?ibp=oshop&q=Samsung&prds=catalogid:12202098061423044315,productid:6596219538848798663,headlineOfferDocid:12571815497661783049,imageDocid:14158671900464117048,rds:PC_4010143927307777393|PROD_PC_4010143927307777393,gpcid:4010143927307777393,mid:576462770869180404,pvt:hg&hl=en&gl=us&udm=28",Samsung,7.3918218902149295,High,High,High,True,8.014951851900594
samsung,mobile,Samsung 44 Cu Ft Top Load Washer with ActiveWave Agitator and SoftClose Lid,48057.0,4.2,2300.0,Samsung,,USD,False,"https://www.google.com/search?ibp=oshop&q=Samsung&prds=catalogid:14863706430062454629,productid:1551158532802276184,headlineOfferDocid:13677403803836821484,imageDocid:12693406590585044019,rds:PC_1132906797792898822|PROD_PC_1132906797792898822,gpcid:1132906797792898822,mid:576462671813705674,pvt:hg&hl=en&gl=us&udm=28",Samsung,5.616439636014146,High,High,High,True,0.20101129908233972
samsung,mobile,Samsung RF18A5101S9 18 Cu Ft Smart Counter Depth 3Door French Door Refrigerator,99517.0,4.0,497.0,Samsung,,USD,False,"https://www.google.com/search?ibp=oshop&q=Samsung&prds=catalogid:9350087561553031421,productid:13874868824132428330,headlineOfferDocid:7459970250408167928,imageDocid:2016328890071918417,rds:PC_16386940619088852202|PROD_PC_16386940619088852202,gpcid:16386940619088852202,pvt:hg&hl=en&gl=us&udm=28",Samsung,4.8842400308098615,High,Medium,Medium,True,0.019976486429454265
samsung,mobile,SAMSUNG Galaxy S23,18718.99,4.5,29000.0,Walmart - Wireless Source,,USD,False,"https://www.google.com/search?ibp=oshop&q=Samsung&prds=catalogid:9910521699439700827,productid:2629882377806443476,headlineOfferDocid:17202850490594880350,imageDocid:18112219121206231417,rds:PC_6185279726844231230|PROD_PC_6185279726844231230,gpcid:6185279726844231230,mid:576462461160273199,pvt:hg&hl=en&gl=us&udm=28",SAMSUNG,6.810034236453086,High,High,High,True,6.971529981051328
samsung,mobile,Samsung 28 Cu Ft French Door Refrigerator RF28R7201SRAA,149317.0,3.8,6500.0,Samsung,,USD,False,"https://www.google.com/search?ibp=oshop&q=Samsung&prds=catalogid:15239343209599519488,productid:17678213379009529223,headlineOfferDocid:9213231519819221609,rds:PC_161359243725335853|PROD_PC_161359243725335853,gpcid:161359243725335853,mid:576462843134481514,pvt:hg&hl=en&gl=us&udm=28",Samsung,5.791884516081788,High,Medium,High,True,0.16541987851349813
samsung,mobile,Samsung Galaxy Z Fold5,78848.34,4.5,33000.0,Best Buy,,USD,False,"https://www.google.com/search?ibp=oshop&q=Samsung&prds=catalogid:9052328631605007103,productid:5757170628932348514,headlineOfferDocid:7374722425804485553,imageDocid:8173979347043073623,rds:PC_6813755555271574309|PROD_PC_6813755555271574309,gpcid:6813755555271574309,mid:576462749387424242,pvt:hg&hl=en&gl=us&udm=28",Samsung,6.861717257207918,High,High,High,True,1.883362414478225
samsung,mobile,Samsung 45 Cu Ft Front Load Washer,66317.0,4.4,5200.0,Samsung,,USD,False,"https://www.google.com/search?ibp=oshop&q=Samsung&prds=catalogid:2108665930403548430,productid:2809191082795154491,headlineOfferDocid:10595847562816644985,imageDocid:7542691501394400605,rds:PC_6136951932180885063|PROD_PC_6136951932180885063,gpcid:6136951932180885063,mid:576462797860322723,pvt:hg&hl=en&gl=us&udm=28",Samsung,6.062642477509229,High,High,High,True,0.3450095752220397
samsung,mobile,Samsung Q7F 4K QLED Smart TV,37349.17,4.6,17000.0,Sw Tv Appliances,Free same-day delivery,USD,False,"https://www.google.com/search?ibp=oshop&q=Samsung&prds=catalogid:14248331104131977924,productid:12345040709499749780,headlineOfferDocid:2016397385576025450,imageDocid:9961685720006551412,rds:PC_680016644084120875|PROD_PC_680016644084120875,gpcid:680016644084120875,mid:576462834885810205,pvt:hg&hl=en&gl=us&udm=28",Samsung,6.656410977935091,High,High,High,True,2.0937546938794087
samsung,mobile,Samsung Galaxy A26 5G,10008.97,4.7,18000.0,Walmart - Havearly Phone Supplier,,USD,False,"https://www.google.com/search?ibp=oshop&q=Samsung&prds=catalogid:17130569052945502582,productid:12881096770535301374,headlineOfferDocid:3638482502116665094,imageDocid:4590265296794916621,rds:PC_17525312830161686849|PROD_PC_17525312830161686849,gpcid:17525312830161686849,mid:576462819951395787,pvt:hg&hl=en&gl=us&udm=28",Samsung,6.739273036356282,High,High,High,True,8.45241818089174
samsung,mobile,Samsung Galaxy S22 Ultra 5G,49800.0,4.5,42000.0,Newegg.Com,,USD,False,"https://www.google.com/search?ibp=oshop&q=Samsung&prds=catalogid:14736960160787400698,productid:16420227094723068179,headlineOfferDocid:11570170685424561388,imageDocid:6025443076189689479,rds:PC_1964985831339837001|PROD_PC_1964985831339837001,gpcid:1964985831339837001,mid:576462862121731337,pvt:hg&hl=en&gl=us&udm=28",Samsung,6.958179482602349,High,High,High,True,3.7951807228915664
samsung,mobile,Samsung TopLoad Washer WA45T3200AW,48057.0,4.3,8000.0,Samsung,,USD,False,"https://www.google.com/search?ibp=oshop&q=Samsung&prds=catalogid:13813982154892295880,productid:12967114312000966396,headlineOfferDocid:2962222848809372149,rds:PC_12514723922193557473|PROD_PC_12514723922193557473,gpcid:12514723922193557473,mid:576462628097133465,pvt:hg&hl=en&gl=us&udm=28",Samsung,6.17492872514005,High,High,High,True,0.7158166344133009
samsung,mobile,Samsung Galaxy Z Flip6,70133.34,4.5,38000.0,Best Buy,,USD,False,"https://www.google.com/search?ibp=oshop&q=Samsung&prds=catalogid:671630872934280666,productid:10364329335373510210,headlineOfferDocid:18100307168656296743,imageDocid:2965624713626201197,rds:PC_18233330950665299788|PROD_PC_18233330950665299788,gpcid:18233330950665299788,mid:576462782032326924,pvt:hg&hl=en&gl=us&udm=28",Samsung,6.918147101660697,High,High,High,True,2.4382126959873864
samsung,mobile,Samsung Galaxy Tab A11,24899.17,4.6,13000.0,Samsung,Free delivery,USD,False,"https://www.google.com/search?ibp=oshop&q=Samsung&prds=catalogid:1447007832110777020,productid:7186551037266724540,headlineOfferDocid:5994107377122362545,imageDocid:3654233849784395317,rds:PC_1896912588365321076|PROD_PC_1896912588365321076,gpcid:1896912588365321076,pvt:hg&hl=en&gl=us&udm=28",Samsung,6.549112622624867,High,High,High,True,2.4016864819188752
samsung,mobile,Samsung Galaxy S10,16517.0,4.6,14000.0,Walmart - Reebelo,Free delivery,USD,False,"https://www.google.com/search?ibp=oshop&q=Samsung&prds=catalogid:1555655332582815408,productid:3438119953937109073,headlineOfferDocid:17013104190491916547,imageDocid:16462841698345517512,rds:PC_2064156120049538632|PROD_PC_2064156120049538632,gpcid:2064156120049538632,mid:576462777793100451,pvt:hg&hl=en&gl=us&udm=28",Samsung,6.578753613847169,High,High,High,True,3.8990131379790514
samsung,mobile,Samsung RF27CG5400SR 26 Cu Ft Counter Depth 3Door French Door Refrigerator,224017.0,3.9,777.0,Samsung,,USD,False,"https://www.google.com/search?ibp=oshop&q=Samsung&prds=catalogid:6559593562680557071,productid:10735717982767471349,headlineOfferDocid:6032703068332332015,rds:PC_16430743319129556919|PROD_PC_16430743319129556919,gpcid:16430743319129556919,mid:576462810919706498,pvt:hg&hl=en&gl=us&udm=28",Samsung,5.002690609671356,High,Medium,Medium,True,0.01352709838985434
samsung,mobile,Samsung Galaxy Z,103747.51,4.4,7100.0,Target,Free delivery by Sat,USD,False,"https://www.google.com/search?ibp=oshop&q=Samsung&prds=catalogid:4072730187229693695,productid:2648906642805019298,headlineOfferDocid:5076941290032608445,imageDocid:7106597989508849248,rds:PC_3232673062602871424|PROD_PC_3232673062602871424,gpcid:3232673062602871424,mid:576462719355083192,pvt:hg&hl=en&gl=us&udm=28",Samsung,6.187196359272837,High,High,High,True,0.3011156605107921
samsung,mobile,Samsung Smart TV,16599.170000000002,4.5,8700.0,Samsung,Free delivery,USD,False,"https://www.google.com/search?ibp=oshop&q=Samsung&prds=catalogid:4507017133649713457,productid:16005930068600100406,headlineOfferDocid:9451735223949189370,imageDocid:9250097537830149322,rds:PC_7015169446026823090|PROD_PC_7015169446026823090,gpcid:7015169446026823090,mid:576462510836189916,pvt:hg&hl=en&gl=us&udm=28",Samsung,6.32847729622641,High,High,High,True,2.358551662522885
samsung,mobile,Samsung Galaxy A36 5G,60589.17,4.4,110000.0,Best Buy,,USD,False,"https://www.google.com/search?ibp=oshop&q=Samsung&prds=catalogid:4357203636160217917,productid:6639732493840198997,headlineOfferDocid:16781112824388404933,imageDocid:17080045954412395526,rds:PC_2094322970772669367|PROD_PC_2094322970772669367,gpcid:2094322970772669367,mid:576462542884163174,pvt:hg&hl=en&gl=us&udm=28",Samsung,7.283297894256929,High,High,High,True,7.98822627872275
samsung,mobile,Samsung 75Cu Feet Stackable Vented Electric Dryer DVE45T6000W,60507.0,4.3,3300.0,Samsung,,USD,False,"https://www.google.com/search?ibp=oshop&q=Samsung&prds=catalogid:15130381614517655082,productid:17180475310574192162,headlineOfferDocid:10984353345922594086,rds:PC_18223174543505811545|PROD_PC_18223174543505811545,gpcid:18223174543505811545,mid:576462800797413680,pvt:hg&hl=en&gl=us&udm=28",Samsung,5.820792292741277,High,High,High,True,0.23451832019435767
samsung,mobile,SAMSUNG GALAXY Z 5G,42828.0,4.3,12000.0,Walmart - Reliant Cellular,,USD,False,"https://www.google.com/search?ibp=oshop&q=Samsung&prds=catalogid:15060130511629889937,productid:16190044022238050091,headlineOfferDocid:37512410379956211,imageDocid:11997858884065120603,rds:PC_6500942693023472972|PROD_PC_6500942693023472972,gpcid:6500942693023472972,mid:576462719354877161,pvt:hg&hl=en&gl=us&udm=28",SAMSUNG,6.337098103452576,High,High,High,True,1.2048192771084338
samsung,mobile,Samsung Galaxy S21 FE 5G 128gb,11454.0,4.2,11000.0,Uptrade,Free delivery,USD,False,"https://www.google.com/search?ibp=oshop&q=Samsung&prds=catalogid:4442971734315036701,productid:12213394617520549590,headlineOfferDocid:4134386345071730276,imageDocid:160531687847846113,rds:PC_15835457117629155936|PROD_PC_15835457117629155936,gpcid:15835457117629155936,mid:576462852651029777,pvt:hg&hl=en&gl=us&udm=28",Samsung,6.242296582695774,High,High,High,True,4.033525405971713
samsung,mobile,Samsung Bespoke Kitchen Package with AI 3Door French Door Fridge Silver,299298.0,4.0,1200.0,Samsung,Free delivery,USD,False,"https://www.google.com/search?ibp=oshop&q=Samsung&prds=productid:9612982693302400643,headlineOfferDocid:9612982693302400643,imageDocid:12473209856273797976,rds:PC_8534801976108169175|PROD_PC_8534801976108169175,pvt:hg&hl=en&gl=us&udm=28",Samsung,5.236363928831993,High,Medium,High,True,0.016037527815087306
samsung,mobile,64GB Samsung Galaxy S8,7422.69,4.5,18000.0,Kenri'S I.T Services,,USD,False,"https://www.google.com/search?ibp=oshop&q=Samsung&prds=catalogid:2180014055246693368,productid:12842594086884063981,headlineOfferDocid:11993758395395181060,imageDocid:12328954941284802644,rds:PC_6475186212383108291|PROD_PC_6475186212383108291,gpcid:6475186212383108291,mid:576462294869481008,pvt:hg&hl=en&gl=us&udm=28",64GB,6.619273036356281,High,High,High,True,10.912485904705708
samsung,mobile,Samsung Galaxy S20 128gb 5G,14603.85,4.3,5500.0,Walmart - Ideal Mobile,Free delivery,USD,False,"https://www.google.com/search?ibp=oshop&q=Samsung&prds=catalogid:10436253249520453838,productid:2707187025063868298,headlineOfferDocid:14128751451128884402,imageDocid:5116916381214013769,rds:PC_3465359053274901105|PROD_PC_3465359053274901105,gpcid:3465359053274901105,mid:576462404432540472,pvt:hg&hl=en&gl=us&udm=28",Samsung,6.025074069150183,High,High,High,True,1.6194359706515746
samsung,mobile,Samsung Bespoke 30 Cu Ft 3Door French Door Refrigerator with Beverage Center,132717.0,4.4,2100.0,Snow Bros. Appliance,,USD,False,"https://www.google.com/search?ibp=oshop&q=Samsung&prds=catalogid:1569641057987553561,productid:4959897676597705157,headlineOfferDocid:14789107293336183714,imageDocid:5388900902310799932,rds:PC_791824590959526160|PROD_PC_791824590959526160,gpcid:791824590959526160,mid:576462756533474790,pvt:hg&hl=en&gl=us&udm=28",Samsung,5.700067480338001,High,High,High,True,0.06962182689482131
samsung,mobile,Samsung Bespoke 288 Cu Ft French Door Refrigerator,182102.0,4.4,7000.0,Aj Madison,Free delivery,USD,False,"https://www.google.com/search?ibp=oshop&q=Samsung&prds=catalogid:7045375775830236437,productid:12790128487219888035,headlineOfferDocid:7285396290418453187,imageDocid:3461282412675305875,rds:PC_9176586303452669900|PROD_PC_9176586303452669900,gpcid:9176586303452669900,mid:576462461856945178,pvt:hg&hl=en&gl=us&udm=28",Samsung,6.1815233099908795,High,High,High,True,0.16913597873719127
samsung,mobile,Samsung OLED S90F 4K Smart TV,146909.17,4.8,10000.0,Newegg.Com - Walts Tv,Free delivery,USD,False,"https://www.google.com/search?ibp=oshop&q=Samsung&prds=catalogid:687459390062416895,productid:16135043182618784977,headlineOfferDocid:1497417506503515511,imageDocid:8719836419235357286,rds:PC_13409673499992857891|PROD_PC_13409673499992857891,gpcid:13409673499992857891,mid:576462518107262851,pvt:hg&hl=en&gl=us&udm=28",Samsung,6.564176146790607,High,High,High,True,0.32673249736554905
samsung,mobile,Samsung Galaxy S23,34307.22,4.6,12000.0,Walmart - Havearly Phone Supplier,Free delivery,USD,False,"https://www.google.com/search?ibp=oshop&q=Samsung&prds=catalogid:13780270118860396032,productid:13449561055406519486,headlineOfferDocid:7545931638357037916,imageDocid:13196047997471836244,rds:PC_7058306629969671653|PROD_PC_7058306629969671653,gpcid:7058306629969671653,mid:576462549607400395,pvt:hg&hl=en&gl=us&udm=28",Samsung,6.517098103452577,High,High,High,True,1.6089907605454477
samsung,mobile,Samsung RF27CG5B10SR 26 Cu Ft French Door Refrigerator,207417.0,4.1,194.0,Samsung,,USD,False,"https://www.google.com/search?ibp=oshop&q=Samsung&prds=catalogid:7418996844880619964,productid:13762123601806077740,headlineOfferDocid:8179915101367109970,imageDocid:9280118867148940122,rds:PC_5104344754462579947|PROD_PC_5104344754462579947,gpcid:5104344754462579947,mid:576462810919430676,pvt:hg&hl=en&gl=us&udm=28",Samsung,4.569199823425498,High,High,Medium,True,0.0038347869268189204
samsung,mobile,Samsung 50 Cu Ft Smart Front Load Washer,70549.17,4.5,3800.0,Pseg,,USD,False,"https://www.google.com/search?ibp=oshop&q=Samsung&prds=catalogid:5216507005802926555,productid:4317965703882510323,headlineOfferDocid:7606254909869313594,rds:PC_2453778655666442676|PROD_PC_2453778655666442676,gpcid:2453778655666442676,mid:576462796692108057,pvt:hg&hl=en&gl=us&udm=28",Samsung,5.9972077875957,High,High,High,True,0.24238414144347836
samsung,mobile,Samsung OLED 4K S95F Smart TV,190899.17,4.8,39000.0,Merlin'S Tv & Appliance,,USD,False,"https://www.google.com/search?ibp=oshop&q=Samsung&prds=catalogid:11715636070496803808,productid:15887818371068562541,headlineOfferDocid:3860466657742599247,imageDocid:2544030364908631460,rds:PC_14086073946244683030|PROD_PC_14086073946244683030,gpcid:14086073946244683030,mid:576462865198287633,pvt:hg&hl=en&gl=us&udm=28",Samsung,7.1085370263234795,High,High,High,True,0.9806223882482045
samsung,mobile,Samsung Galaxy A36 5G A Series 128gb Unlocked Android Cell Phone with 50mp Camera Awesome Black,25729.17,4.4,110000.0,Walmart - Cellstoreusa,,USD,False,"https://www.google.com/search?ibp=oshop&q=Samsung&prds=productid:5972679250747719335,headlineOfferDocid:5972679250747719335,imageDocid:646752255589839662,rds:PC_2094322970772669367|PROD_PC_2094322970772669367,pvt:hg&hl=en&gl=us&udm=28",Samsung,7.283297894256929,High,High,High,True,18.811333595292815
samsung,mobile,Samsung 274 CuFt Stainless Refrigerator Side by Side,66399.17,4.2,9900.0,Ace Family Hardware,,USD,False,"https://www.google.com/search?ibp=oshop&q=Samsung&prds=catalogid:9413128245314557608,productid:15957230937651428672,headlineOfferDocid:418237294306301824,rds:PC_4100937819047518479|PROD_PC_4100937819047518479,gpcid:4100937819047518479,mid:576462778790675877,pvt:hg&hl=en&gl=us&udm=28",Samsung,6.200156416449007,High,High,High,True,0.6262126469351952
samsung,mobile,Samsung A53 Galaxy 5G 128gb,7470.0,4.2,21000.0,Swappa,Free delivery,USD,False,"https://www.google.com/search?ibp=oshop&q=Samsung&prds=catalogid:11405825002969552074,productid:13619538846820592832,headlineOfferDocid:18417780467198986037,imageDocid:5782286790584667134,rds:PC_928647197513735271|PROD_PC_928647197513735271,gpcid:928647197513735271,mid:576462669801332073,pvt:hg&hl=en&gl=us&udm=28",Samsung,6.5009301338477705,High,High,High,True,11.80722891566265
xiaomi,mobile,Xiaomi Poco X7 Pro 5G Dual SIM Unlocked,33780.17,4.8,29000.0,Walmart - Myworldphone,,USD,False,"https://www.google.com/search?ibp=oshop&q=Xiaomi&prds=catalogid:14998783640990168187,productid:11065940100285145292,headlineOfferDocid:8231697148291007183,imageDocid:2121217731172903228,rds:PC_7033307105854576301|PROD_PC_7033307105854576301,gpcid:7033307105854576301,mid:576462502932935192,pvt:hg&hl=en&gl=us&udm=28",Xiaomi,6.990034236453086,High,High,High,True,4.120760789540136
xiaomi,mobile,Xiaomi Mi 13 Ultra 5G ROM 16GB RAM Dual SIM GSM Unlocked,41126.5,4.7,187.0,Ebay - 5Gsmartphonestore,Free delivery,USD,False,"https://www.google.com/search?ibp=oshop&q=Xiaomi&prds=catalogid:7296482728811054322,productid:2744061310691531623,headlineOfferDocid:7449902615291692494,imageDocid:2615822206904285676,rds:PC_2618452658179645278|PROD_PC_2618452658179645278,gpcid:2618452658179645278,mid:576462751514464708,pvt:hg&hl=en&gl=us&udm=28",Xiaomi,4.914576785131979,High,High,Medium,True,0.02137064909486584
xiaomi,mobile,Xiaomi 17 Ultra 5G Dual SIM,98753.4,4.8,431.0,Mi 4 Canada,Free delivery,USD,False,"https://www.google.com/search?ibp=oshop&q=Xiaomi&prds=catalogid:16895626181366771666,productid:17426240118874341275,headlineOfferDocid:7811734188850848773,imageDocid:17696759288672924470,rds:PC_5568752279026963739|PROD_PC_5568752279026963739,gpcid:5568752279026963739,mid:576462883641451953,pvt:hg&hl=en&gl=us&udm=28",Xiaomi,5.307370235297644,High,High,Medium,True,0.020949152130458292
xiaomi,mobile,Xiaomi Pad 7,25148.17,4.8,8400.0,Techinn.Com,,USD,False,"https://www.google.com/search?ibp=oshop&q=Xiaomi&prds=catalogid:11844811294990464105,productid:13820749343482532123,headlineOfferDocid:3443875653576932441,imageDocid:822471842962943037,rds:PC_4320820885533354877|PROD_PC_4320820885533354877,gpcid:4320820885533354877,mid:576462510835818097,pvt:hg&hl=en&gl=us&udm=28",Xiaomi,6.494442410145939,High,High,High,True,1.603297575926996
xiaomi,mobile,Xiaomi 17 Ultra 5g 69 161tb Global Version With Photography Kit,138525.34,5.0,95.0,Ebay - Globaltone05,Free delivery,USD,False,"https://www.google.com/search?ibp=oshop&q=Xiaomi&prds=productid:14973121103417745620,headlineOfferDocid:14973121103417745620,imageDocid:18243777814323803401,rds:PC_7358847205998996401|PROD_PC_7358847205998996401,pvt:hg&hl=en&gl=us&udm=28",Xiaomi,4.825739276587134,High,High,Low,True,0.0034289755217348683
xiaomi,mobile,Xiaomi Mi Jia Smart Home Gateway 3rd Generation Edition,2738.17,,,Xiaomi Eu Store,,USD,False,"https://www.google.com/search?ibp=oshop&q=Xiaomi&prds=catalogid:3336011807242005141,productid:618130065113684413,headlineOfferDocid:13047247794799423504,imageDocid:9559690873618040768,gpcid:9530679067740647383,mid:576462459563834704,pvt:hg&hl=en&gl=us&udm=28",Xiaomi,,High,,,False,
xiaomi,mobile,Xiaomi Poco F7 Ultra 5G ROM RAM Dual sim GSM Unlocked,76691.17,4.9,1400.0,Walmart - Myworldphone,Free delivery,USD,False,"https://www.google.com/search?ibp=oshop&q=Xiaomi&prds=catalogid:1359745886080234098,productid:16765757245806006257,headlineOfferDocid:18411169827449576812,imageDocid:14391324031065090521,rds:PC_4382117883585192341|PROD_PC_4382117883585192341,gpcid:4382117883585192341,mid:576462820169726988,pvt:hg&hl=en&gl=us&udm=28",Xiaomi,5.837976618534803,High,High,High,True,0.08944967197657828
xiaomi,mobile,Xiaomi 17 Pro Max 5G,83478.08,4.4,133.0,Mi 4 Canada,Free delivery,USD,False,"https://www.google.com/search?ibp=oshop&q=Xiaomi&prds=catalogid:10627455903757053396,productid:11778711989610274454,headlineOfferDocid:4617997911095453307,imageDocid:12641096751789379252,rds:PC_3284074874028719571|PROD_PC_3284074874028719571,gpcid:3284074874028719571,mid:576462556213259673,pvt:hg&hl=en&gl=us&udm=28",Xiaomi,4.599135919980364,High,High,Medium,True,0.007010223522150965
xiaomi,mobile,Xiaomi Redmi Note 10 Pro,9960.0,4.6,10000.0,Ebay - Anddel-3237,Free delivery,USD,False,"https://www.google.com/search?ibp=oshop&q=Xiaomi&prds=catalogid:15921597647523918336,productid:5769131427048525062,headlineOfferDocid:10883018545165638840,imageDocid:343465814060439233,rds:PC_16428186021843862620|PROD_PC_16428186021843862620,gpcid:16428186021843862620,mid:576462416896028309,pvt:hg&hl=en&gl=us&udm=28",Xiaomi,6.444176146790607,High,High,High,True,4.618473895582329
xiaomi,mobile,Xiaomi Poco F6 Pro,45649.17,4.7,772.0,Myworldphone.Com,Free delivery by Wed,USD,False,"https://www.google.com/search?ibp=oshop&q=Xiaomi&prds=catalogid:6527916135405373750,productid:6857270346858022985,headlineOfferDocid:17256212265627179844,imageDocid:11292944842602586937,rds:PC_14997002917498745116|PROD_PC_14997002917498745116,gpcid:14997002917498745116,mid:576462803657368861,pvt:hg&hl=en&gl=us&udm=28",Xiaomi,5.480111619434969,High,High,Medium,True,0.0794844681732439
xiaomi,mobile,XIAOMI Poco X7 PRO 5G  4G LTE for Tmobile Mint Tello  Global 256GB  8GB Ai 667 50MP Gamers Phone NFC Dual sim Unlocked Model 2412DPC0AG ,12684.89,,,Ravir.De,,USD,False,"https://www.google.com/search?ibp=oshop&q=Xiaomi&prds=productid:4427706460411382824,headlineOfferDocid:4427706460411382824,imageDocid:9620856248738084989,pvt:hg&hl=en&gl=us&udm=28",XIAOMI,,High,,,False,
xiaomi,mobile,Xiaomi Redmi Note 14s,19836.17,4.8,883.0,Walmart - Myworldphone,,USD,False,"https://www.google.com/search?ibp=oshop&q=Xiaomi&prds=catalogid:11889777325076195649,productid:7245070300472978167,headlineOfferDocid:11727571834079376574,imageDocid:9997520671431296244,rds:PC_13266518680433618906|PROD_PC_13266518680433618906,gpcid:13266518680433618906,mid:576462814991285447,pvt:hg&hl=en&gl=us&udm=28",Xiaomi,5.593782825055057,High,High,Medium,True,0.2136702800994345
xiaomi,mobile,Redmi Xiaomi 13C 4G LTE,14027.0,4.4,7900.0,Ebay,,USD,False,"https://www.google.com/search?ibp=oshop&q=Xiaomi&prds=catalogid:11992268031251864356,productid:9724948936359803275,headlineOfferDocid:15159003273458721027,imageDocid:1545464236140367771,rds:PC_553980211621910287|PROD_PC_553980211621910287,gpcid:553980211621910287,mid:576462855824771366,pvt:hg&hl=en&gl=us&udm=28",Redmi,6.229897845089094,High,High,High,True,2.4780779924431453
xiaomi,mobile,Xiaomi Smart Home Hub 2,2406.17,4.7,669.0,Techinn.Com,,USD,False,"https://www.google.com/search?ibp=oshop&q=Xiaomi&prds=catalogid:15205246104602105493,productid:13922511678831756785,headlineOfferDocid:17637636042583159774,imageDocid:13506579242395101797,rds:PC_7328858197474087465|PROD_PC_7328858197474087465,gpcid:7328858197474087465,mid:576462440396870252,pvt:hg&hl=en&gl=us&udm=28",Xiaomi,5.422911084954005,High,High,Medium,True,1.3067655236329936
xiaomi,mobile,Xiaomi Mi Smart Kettle,4066.17,4.3,46.0,Xiaomi Eu Store,,USD,False,"https://www.google.com/search?ibp=oshop&q=Xiaomi&prds=catalogid:10089068064259293837,productid:2616250928652641558,headlineOfferDocid:9206511507692916917,imageDocid:8498626813439138750,rds:PC_5450908046593253383|PROD_PC_5450908046593253383,gpcid:5450908046593253383,mid:576462790276831042,pvt:hg&hl=en&gl=us&udm=28",Xiaomi,4.120059040684023,High,High,Low,True,0.048645285366819384
xiaomi,mobile,Xiaomi Mi Note 10 6GB RAM 128GB Dual SIM  Unlocked,12201.0,4.6,4100.0,Ebay - Lmiw1828,,USD,False,"https://www.google.com/search?ibp=oshop&q=Xiaomi&prds=catalogid:6991036584145632146,productid:14684632328601233183,headlineOfferDocid:10376030012397376641,imageDocid:16393206805974994298,rds:PC_9676104256405933984|PROD_PC_9676104256405933984,gpcid:9676104256405933984,mid:576462671789842362,pvt:hg&hl=en&gl=us&udm=28",Xiaomi,6.087594450156824,High,High,High,True,1.5457749364806164
xiaomi,mobile,Xiaomi Poco F7 5G 512GB ROM 12GB RAM Dual Sim GSM Unlocked,50214.17,4.9,8800.0,Walmart - Myworldphone,,USD,False,"https://www.google.com/search?ibp=oshop&q=Xiaomi&prds=catalogid:5513961009193982788,productid:182426722628061473,headlineOfferDocid:16003223652480250576,imageDocid:4011458225946454115,rds:PC_15148976852408121724|PROD_PC_15148976852408121724,gpcid:15148976852408121724,mid:576462849575840467,pvt:hg&hl=en&gl=us&udm=28",Xiaomi,6.573048252149524,High,High,High,True,0.8587217512506928
xiaomi,mobile,Xiaomi 17 12GB256GB White  1Year Warranty,54447.17,4.9,125.0,Bludiode European Transactions,Free delivery,USD,False,"https://www.google.com/search?ibp=oshop&q=Xiaomi&prds=productid:16797301955906940979,headlineOfferDocid:16797301955906940979,imageDocid:5025302822261052446,rds:PC_3816196488328616392|PROD_PC_3816196488328616392,pvt:hg&hl=en&gl=us&udm=28",Xiaomi,4.874512762780592,High,High,Medium,True,0.011249436839417
xiaomi,mobile,Xiaomi 17 Pro Smartphone Android 16 Snapdragon 8 Elite Gen 5 Octa Core,84327.17,4.4,145.0,Ebay - Likesell365,Free delivery,USD,False,"https://www.google.com/search?ibp=oshop&q=Xiaomi&prds=productid:10605189361042895840,headlineOfferDocid:10605189361042895840,imageDocid:9669808978005248707,rds:PC_772329185515210719|PROD_PC_772329185515210719,pvt:hg&hl=en&gl=us&udm=28",Xiaomi,4.633442648683335,High,High,Medium,True,0.007565770320526587
xiaomi,mobile,Xiaomi Redmi Pad SE 87,11536.17,4.9,15000.0,Techinn.Com,,USD,False,"https://www.google.com/search?ibp=oshop&q=Xiaomi&prds=catalogid:7924525535942385857,productid:16817177510325682850,headlineOfferDocid:3156890687133814797,imageDocid:2698630453476386911,rds:PC_13929241110048363270|PROD_PC_13929241110048363270,gpcid:13929241110048363270,mid:576462900151444649,pvt:hg&hl=en&gl=us&udm=28",Xiaomi,6.786348857811555,High,High,High,True,6.3712653332951925
xiaomi,mobile,Xiaomi Redmi 13C 5G 256gb ROM 8GB RAM Dual SIM GSM Unlocked  Blue,18259.17,,,Walmart - Myworldphone,Free delivery,USD,False,"https://www.google.com/search?ibp=oshop&q=Xiaomi&prds=productid:8927090255408749580,headlineOfferDocid:8927090255408749580,imageDocid:3435029884410638287,pvt:hg&hl=en&gl=us&udm=28",Xiaomi,,High,,,False,
xiaomi,mobile,Xiaomi Civi 5g 655 Inch 256gb Rom 12gb Ram Cell Phone Excellent,15205.6,,,Ebay,Free delivery,USD,False,"https://www.google.com/search?ibp=oshop&q=Xiaomi&prds=productid:10814109207621229350,headlineOfferDocid:10814109207621229350,imageDocid:12640098745573863314,pvt:hg&hl=en&gl=us&udm=28",Xiaomi,,High,,,False,
xiaomi,mobile,Xiaomi Redmi Note 14 5G Dual Sim 256GB White 8GB RAM  China Version at Etoren,26145.0,4.7,26.0,Etoren.Com,,USD,False,"https://www.google.com/search?ibp=oshop&q=Xiaomi&prds=productid:6636534884027215763,headlineOfferDocid:6636534884027215763,imageDocid:7757289278230004825,rds:PC_8685280788731161613|PROD_PC_8685280788731161613,pvt:hg&hl=en&gl=us&udm=28",Xiaomi,4.138334746401732,High,High,Low,True,0.0046739338305603366
xiaomi,mobile,Redmi Note 14 Pro 5G Dual SIM 12GB256GB  Aurora Purple Global,23987.0,4.7,12000.0,Pdaplaza Canada,,USD,False,"https://www.google.com/search?ibp=oshop&q=Xiaomi&prds=productid:358300776461464145,headlineOfferDocid:358300776461464145,imageDocid:12942450642109523716,rds:PC_12876536217781531422|PROD_PC_12876536217781531422,pvt:hg&hl=en&gl=us&udm=28",Redmi,6.577098103452577,High,High,High,True,2.351273606536874
xiaomi,mobile,Xiaomi 17 Pro Max 5g  Snapdragon 8 Elite Gen5  7500mah 100w50w ,111716.34,4.4,133.0,Ebay - Kiplink,Free delivery,USD,False,"https://www.google.com/search?ibp=oshop&q=Xiaomi&prds=productid:10960327949537342618,headlineOfferDocid:10960327949537342618,imageDocid:11553238892189354283,rds:PC_3284074874028719571|PROD_PC_3284074874028719571,pvt:hg&hl=en&gl=us&udm=28",Xiaomi,4.599135919980364,High,High,Medium,True,0.005238266846192777
xiaomi,mobile,Xiaomi Smart Band 9,1783.6699999999998,4.8,30000.0,Bikeinn.Com,,USD,False,"https://www.google.com/search?ibp=oshop&q=Xiaomi&prds=catalogid:5660795032670126995,productid:12564250934566053529,headlineOfferDocid:13786562253277598415,imageDocid:4365105672319300520,rds:PC_12355536467329564708|PROD_PC_12355536467329564708,gpcid:12355536467329564708,mid:576462790725702825,pvt:hg&hl=en&gl=us&udm=28",Xiaomi,7.003594397368833,Medium,High,High,True,80.73242247725196
xiaomi,mobile,Xiaomi Redmi Note 14 Pro 5G,29155.41,4.7,12000.0,Sears - Ami Ventures Inc,Free delivery,USD,False,"https://www.google.com/search?ibp=oshop&q=Xiaomi&prds=catalogid:11718883362600874279,productid:6643327038169711554,headlineOfferDocid:459749961609800931,imageDocid:7392836144589322749,rds:PC_12876536217781531422|PROD_PC_12876536217781531422,gpcid:12876536217781531422,mid:576462816912353824,pvt:hg&hl=en&gl=us&udm=28",Xiaomi,6.577098103452577,High,High,High,True,1.934460877072214
xiaomi,mobile,Xiaomi 13 636 50mp 128gb 256gb 512gb Snapdragon 8 Gen 2 Smartphone,21497.0,4.6,456.0,Ebay - Winwin2010,Free delivery,USD,False,"https://www.google.com/search?ibp=oshop&q=Xiaomi&prds=productid:11815331806304281806,headlineOfferDocid:11815331806304281806,imageDocid:4127928290618763755,rds:PC_5052341412606338064|PROD_PC_5052341412606338064,pvt:hg&hl=en&gl=us&udm=28",Xiaomi,5.209873356357682,High,High,Medium,True,0.09757640601014095
xiaomi,mobile,Xiaomi Redmi Pad SE WiFi 11 Octa Core,6308.0,4.8,7700.0,Brickstone Kitchen + Bar,,USD,False,"https://www.google.com/search?ibp=oshop&q=Xiaomi&prds=catalogid:11650307217745195537,productid:3586539483090791447,headlineOfferDocid:16083069003759260030,imageDocid:10666144682207083394,rds:PC_4952530256119200341|PROD_PC_4952530256119200341,gpcid:4952530256119200341,mid:576462893631020637,pvt:hg&hl=en&gl=us&udm=28",Xiaomi,6.4596421878156995,High,High,High,True,5.859226379201014
xiaomi,mobile,Xiaomi Mi Jia Smart Wireless Switch,1493.1699999999998,4.5,33.0,Xiaomi Eu Store,,USD,False,"https://www.google.com/search?ibp=oshop&q=Xiaomi&prds=catalogid:8666973531309083705,productid:10770729365249960341,headlineOfferDocid:5214149845934150596,imageDocid:14537584379714413080,rds:PC_12487089595361282384|PROD_PC_12487089595361282384,gpcid:12487089595361282384,mid:576462835713498545,pvt:hg&hl=en&gl=us&udm=28",Xiaomi,4.110544209846465,Medium,High,Low,True,0.09945284194030152
xiaomi,mobile,Xiaomi 17 Ultra Smartphone 69 AMOLED Snapdragon 8 Elite Gen 5 Android 16,109145.0,4.8,427.0,Ebay - Helloworld2003,,USD,False,"https://www.google.com/search?ibp=oshop&q=Xiaomi&prds=productid:11151746074345165115,headlineOfferDocid:11151746074345165115,imageDocid:808260896225881514,rds:PC_5568752279026963739|PROD_PC_5568752279026963739,pvt:hg&hl=en&gl=us&udm=28",Xiaomi,5.303649278232719,High,High,Medium,True,0.018778688900087038
xiaomi,mobile,Xiaomi Smart Camera C400,3402.17,4.9,8500.0,Techinn.Com,,USD,False,"https://www.google.com/search?ibp=oshop&q=Xiaomi&prds=catalogid:15745168502738977746,productid:12482389136500761181,headlineOfferDocid:426584075992711419,imageDocid:2854348228992541879,rds:PC_15417562210260799052|PROD_PC_15417562210260799052,gpcid:15417562210260799052,mid:576462732865620221,pvt:hg&hl=en&gl=us&udm=28",Xiaomi,6.559175633046944,High,High,High,True,12.242186604431877
xiaomi,mobile,Xiaomi Smart Band 10,3515.05,4.9,23000.0,Dynsol,,USD,False,"https://www.google.com/search?ibp=oshop&q=Xiaomi&prds=catalogid:5015261823280694878,productid:5854580022303519281,headlineOfferDocid:15239849866260518941,imageDocid:2096568864279653136,rds:PC_9185057092000426621|PROD_PC_9185057092000426621,gpcid:9185057092000426621,mid:576462886067697283,pvt:hg&hl=en&gl=us&udm=28",Xiaomi,6.957317188890801,High,High,High,True,32.062132828836006
xiaomi,mobile,Xiaomi 14 Civi,57685.0,,,Ebay,Free delivery,USD,False,"https://www.google.com/search?ibp=oshop&q=Xiaomi&prds=catalogid:17892470232081731078,productid:1392801521743004471,headlineOfferDocid:17224473950230587413,imageDocid:13855937114961395782,gpcid:2779868560110113203,mid:576462847615941962,pvt:hg&hl=en&gl=us&udm=28",Xiaomi,,High,,,False,
xiaomi,mobile,Xiaomi Redmi 14C 128GB 68in  Unlocked New Sealed,21497.0,4.7,21000.0,Poshmark,,USD,False,"https://www.google.com/search?ibp=oshop&q=Xiaomi&prds=productid:11162466146401354960,headlineOfferDocid:11162466146401354960,imageDocid:16662447757898807821,rds:PC_11504663859095761433|PROD_PC_11504663859095761433,pvt:hg&hl=en&gl=us&udm=28",Xiaomi,6.800930133847771,High,High,High,True,4.591338326278085
xiaomi,mobile,Unlocked Xiaomi Mi 11 Ultra 5g 256512gb Dual Sim 681 50mp 5000mah,27888.0,4.6,455.0,Ebay - Phoneandaccessory,,USD,False,"https://www.google.com/search?ibp=oshop&q=Xiaomi&prds=productid:2960516055797682989,headlineOfferDocid:2960516055797682989,imageDocid:14530384519300470851,rds:PC_942552831881692500|PROD_PC_942552831881692500,pvt:hg&hl=en&gl=us&udm=28",Unlocked,5.208997123805755,High,High,Medium,True,0.07505020080321285
xiaomi,mobile,Xiaomi 2 Pro Kettle,3817.17,4.6,307.0,Techinn.Com,,USD,False,"https://www.google.com/search?ibp=oshop&q=Xiaomi&prds=catalogid:14970048744685757918,productid:9595006997302295523,headlineOfferDocid:9494445318349389029,imageDocid:4164328888159112091,rds:PC_15509379228525061808|PROD_PC_15509379228525061808,gpcid:15509379228525061808,mid:576462497821915394,pvt:hg&hl=en&gl=us&udm=28",Xiaomi,5.05203991318943,High,High,Medium,True,0.3699599441471037
xiaomi,mobile,Xiaomi 14 Smartphone,58017.0,,,Ebay - Easterngood,Free delivery,USD,False,"https://www.google.com/search?ibp=oshop&q=Xiaomi&prds=catalogid:14164397489715651863,productid:6875152767236973852,headlineOfferDocid:5578409812764104377,imageDocid:4000937225829487991,gpcid:2820590075555441480,mid:576462765155945185,pvt:hg&hl=en&gl=us&udm=28",Xiaomi,,High,,,False,
xiaomi,mobile,Xiaomi Electric Kettle 2,2905.0,4.8,2600.0,Diginet Store,,USD,False,"https://www.google.com/search?ibp=oshop&q=Xiaomi&prds=catalogid:9601991201942864584,productid:942343845469567025,headlineOfferDocid:8349245929537730515,imageDocid:8868345662309622901,rds:PC_3377292609808902488|PROD_PC_3377292609808902488,gpcid:3377292609808902488,mid:576462511259258738,pvt:hg&hl=en&gl=us&udm=28",Xiaomi,6.025460506179461,High,High,High,True,4.296041308089501
xiaomi,mobile,Xiaomi Redmi Pad SE 110 inch Wifi 128GB Purple 6GB RAM  China Version at Etoren,18177.0,4.8,7700.0,Etoren.Com,,USD,False,"https://www.google.com/search?ibp=oshop&q=Xiaomi&prds=productid:10121838997793831179,headlineOfferDocid:10121838997793831179,imageDocid:1531038664520728067,rds:PC_4952530256119200341|PROD_PC_4952530256119200341,pvt:hg&hl=en&gl=us&udm=28",Xiaomi,6.4596421878156995,High,High,High,True,2.03333883479122
nothing,mobile,NOTHING Graphic Digital Download Image Joke Prank Gag Gift,82.17,,,Etsy - Digismartpress,Free delivery,USD,False,"https://www.google.com/search?ibp=oshop&q=Nothing&prds=productid:11138978360939571023,headlineOfferDocid:11138978360939571023,imageDocid:2335204368378742678,pvt:hg&hl=en&gl=us&udm=28",NOTHING,,Low,,,False,
nothing,mobile,Nothing Phone,66399.17,4.7,493.0,Best Buy,Free delivery,USD,False,"https://www.google.com/search?ibp=oshop&q=Nothing&prds=catalogid:3520551243489243715,productid:4012672635672424154,headlineOfferDocid:17296074380414690097,imageDocid:10952966088663035078,rds:PC_16127829128511898291|PROD_PC_16127829128511898291,gpcid:16127829128511898291,mid:576462835053825743,pvt:hg&hl=en&gl=us&udm=28",Nothing,5.30101420687517,High,High,Medium,True,0.034896520543856197
nothing,mobile,Nothing Ear 2024 Wireless Earbuds,9047.0,4.6,891.0,Nothing Us,Free delivery by Wed,USD,False,"https://www.google.com/search?ibp=oshop&q=Nothing&prds=catalogid:8234494512552705530,productid:4438899476593456363,headlineOfferDocid:13002765508858305402,imageDocid:14243858679467131185,rds:PC_1369772385361214601|PROD_PC_1369772385361214601,gpcid:1369772385361214601,mid:576462529878060707,pvt:hg&hl=en&gl=us&udm=28",Nothing,5.477386453032004,High,High,Medium,True,0.4530341549684978
nothing,mobile,Nothing Phone 4 a 5G 128GB 8GB RAM Gsm Unlocked Phone Qualcomm SM7635AC Snapdragon 7s Gen 4 50MP,29132.17,4.4,1200.0,Swiftronics Usa,,USD,False,"https://www.google.com/search?ibp=oshop&q=Nothing&prds=catalogid:8508199431863139552,productid:2695270217015438501,headlineOfferDocid:6809240134049708539,imageDocid:12189941724446486452,rds:PC_5001907228501824688|PROD_PC_5001907228501824688,gpcid:5001907228501824688,mid:576462881555721880,pvt:hg&hl=en&gl=us&udm=28",Nothing,5.476363928831994,High,High,High,True,0.1812429352156053
nothing,mobile,Nothing Headphone Hybrid Active Noise Cancelling Headphones,24817.0,4.8,373.0,Best Buy,Free delivery,USD,False,"https://www.google.com/search?ibp=oshop&q=Nothing&prds=catalogid:9465036878436651571,productid:6301785134951310526,headlineOfferDocid:4156268253425997331,imageDocid:3321368407530078399,rds:PC_12534570111090811875|PROD_PC_12534570111090811875,gpcid:12534570111090811875,mid:576462833516418749,pvt:hg&hl=en&gl=us&udm=28",Nothing,5.249702318965813,High,High,Medium,True,0.0721440947737438
nothing,mobile,Nothing Phone Dual SIM 5G,31539.17,4.8,468.0,Ebay,Free delivery,USD,False,"https://www.google.com/search?ibp=oshop&q=Nothing&prds=catalogid:7325217047670441261,productid:11991870832017456189,headlineOfferDocid:3166035982048057076,imageDocid:13028006968106750764,rds:PC_17436641115210096660|PROD_PC_17436641115210096660,gpcid:17436641115210096660,mid:576462460361716521,pvt:hg&hl=en&gl=us&udm=28",Nothing,5.340241107378512,High,High,Medium,True,0.0712257171003549
nothing,mobile,Nothing  Phone 4a Pro 256GB Unlocked  Black,49799.17,4.4,676.0,Best Buy,Free delivery by Sat,USD,False,"https://www.google.com/search?ibp=oshop&q=Nothing&prds=productid:7670836587855907815,headlineOfferDocid:7670836587855907815,imageDocid:4005955712911739143,rds:PC_2901239192010480193|PROD_PC_2901239192010480193,pvt:hg&hl=en&gl=us&udm=28",Nothing,5.24706850916491,High,High,Medium,True,0.05972790309557369
nothing,mobile,Nothing Phone 256GB,25056.04,4.7,1000.0,Bfix,,USD,False,"https://www.google.com/search?ibp=oshop&q=Nothing&prds=catalogid:15050673865048022596,productid:11116990345789575097,headlineOfferDocid:13650284184205402627,imageDocid:2864638858020815455,rds:PC_13684307289004167628|PROD_PC_13684307289004167628,gpcid:13684307289004167628,mid:576462814202792322,pvt:hg&hl=en&gl=us&udm=28",Nothing,5.5835019117260885,High,High,Medium,True,0.1875795217440585
nothing,mobile,Nothing Phone 2a Plus 5G Smartphone,10790.0,4.8,221.0,Heesakkersinfra.Nl,Free delivery,USD,False,"https://www.google.com/search?ibp=oshop&q=Nothing&prds=catalogid:10526438601547189805,productid:15411521639370074669,headlineOfferDocid:16596415746179583119,imageDocid:9493395316159587747,rds:PC_5237687304842151423|PROD_PC_5237687304842151423,gpcid:5237687304842151423,mid:576462782974217784,pvt:hg&hl=en&gl=us&udm=28",Nothing,5.041070952748912,High,High,Medium,True,0.09831325301204819
nothing,mobile,Nothing Ears True Wireless Bluetooth Earphones,14857.0,4.8,206.0,Best Buy,Free delivery,USD,False,"https://www.google.com/search?ibp=oshop&q=Nothing&prds=catalogid:3291657717481451993,productid:6976358242660567416,headlineOfferDocid:15757297731592457720,imageDocid:6902033903780942232,rds:PC_425888014126946729|PROD_PC_425888014126946729,gpcid:425888014126946729,pvt:hg&hl=en&gl=us&udm=28",Nothing,5.013087517306147,High,High,Medium,True,0.06655448610082788
nothing,mobile,Nothing Phone 3a Lite 5G,30708.34,4.8,213.0,Ebay - Globaltone05,Free delivery,USD,False,"https://www.google.com/search?ibp=oshop&q=Nothing&prds=catalogid:14107119450368430174,productid:495689171678228933,headlineOfferDocid:18094447596758870317,imageDocid:11056660021304623107,rds:PC_1188226152943200491|PROD_PC_1188226152943200491,gpcid:1188226152943200491,mid:576462524089789996,pvt:hg&hl=en&gl=us&udm=28",Nothing,5.0263904060087405,High,High,Medium,True,0.03329388693755508
nothing,mobile,Nothing  Guilty Of Everything 10th Anniversary Silver LP Vinyl,1162.0,,,Oldies.Com,,USD,False,"https://www.google.com/search?ibp=oshop&q=Nothing&prds=catalogid:13901559279562450115,productid:14533771707759642023,headlineOfferDocid:14104406007534876382,imageDocid:14659792018044668327,pvt:hg&hl=en&gl=us&udm=28",Nothing,,Medium,,,False,
nothing,mobile,Nothing A Portrait of Insomnia,1123.82,,,Target,Free delivery on $35+,USD,False,"https://www.google.com/search?ibp=oshop&q=Nothing&prds=catalogid:11191780760857976764,productid:11741074191097046989,headlineOfferDocid:1945198686804118534,imageDocid:17816145458024487846,gpcid:10457701711061105647,mid:576460832400496221,pvt:hg&hl=en&gl=us&udm=28",Nothing,,Medium,,,False,
nothing,mobile,Nothing CMF Buds 2,3485.17,4.6,938.0,Dressinn.Com,,USD,False,"https://www.google.com/search?ibp=oshop&q=Nothing&prds=catalogid:12659234616454849232,productid:8574666090947318137,headlineOfferDocid:6846879526299944021,imageDocid:6125577596353914428,rds:PC_13887802858395412725|PROD_PC_13887802858395412725,gpcid:13887802858395412725,mid:576462889934333704,pvt:hg&hl=en&gl=us&udm=28",Nothing,5.497926191683305,High,High,Medium,True,1.2380457768200688
nothing,mobile,Nothing,82.17,,,Barnes & Noble - Nook,Free delivery,USD,False,"https://www.google.com/search?ibp=oshop&q=Nothing&prds=catalogid:15428676666891031544,productid:729542585439132393,headlineOfferDocid:9054064722142598789,imageDocid:17670098832373362043,gpcid:1930788569298309497,mid:576462731993000422,pvt:hg&hl=en&gl=us&udm=28",Nothing,,Low,,,False,
nothing,mobile,Nothing Phone Pro 256GB,60855.600000000006,4.4,676.0,Ebay - Ak.Smartphones,,USD,False,"https://www.google.com/search?ibp=oshop&q=Nothing&prds=catalogid:2550583599251989093,productid:13009643793002790116,headlineOfferDocid:8575915879309489052,imageDocid:8043832655519768217,rds:PC_2901239192010480193|PROD_PC_2901239192010480193,gpcid:2901239192010480193,pvt:hg&hl=en&gl=us&udm=28",Nothing,5.24706850916491,High,High,Medium,True,0.04887635648978894
nothing,mobile,Nothing  Dance On The Blacktop LPVinyl,1659.1699999999998,5.0,1.0,Music Direct,,USD,False,"https://www.google.com/search?ibp=oshop&q=Nothing&prds=catalogid:13225180076442707653,productid:7903666168818795869,headlineOfferDocid:3820090911423367112,imageDocid:1925398392059272031,rds:PC_15398882245214741511|PROD_PC_15398882245214741511,gpcid:15398882245214741511,mid:576462859584335939,pvt:hg&hl=en&gl=us&udm=28",Nothing,3.277258872223978,Medium,High,Low,True,0.003013554970256213
nothing,mobile,Nothing Ear Stick Wireless Earbuds,6639.169999999999,4.3,466.0,Walmart - Luoheshianhaoshangmaoyo,Free delivery,USD,False,"https://www.google.com/search?ibp=oshop&q=Nothing&prds=catalogid:3986665957412755763,productid:4951066930713357502,headlineOfferDocid:11118560158783130074,imageDocid:781950004628807023,rds:PC_12527464623683721488|PROD_PC_12527464623683721488,gpcid:12527464623683721488,pvt:hg&hl=en&gl=us&udm=28",Nothing,5.038531703067559,High,High,Medium,True,0.301814835288146
nothing,mobile,Nothing  A Short History Of Decay LPVinyl,1607.71,,,Target,Free delivery on $35+,USD,False,"https://www.google.com/search?ibp=oshop&q=Nothing&prds=catalogid:14154146075343229012,productid:227786893507619189,headlineOfferDocid:5452582508550539837,imageDocid:4388254885981528494,pvt:hg&hl=en&gl=us&udm=28",Nothing,,Medium,,,False,
nothing,mobile,Nothing Ear,8217.0,4.6,2100.0,Ebay - Multistore4All,Free delivery,USD,False,"https://www.google.com/search?ibp=oshop&q=Nothing&prds=catalogid:11847874174640422873,productid:8047890997993935720,headlineOfferDocid:756498665883962009,imageDocid:13291311936887408733,rds:PC_18175989244255226091|PROD_PC_18175989244255226091,gpcid:18175989244255226091,mid:576462807426984518,pvt:hg&hl=en&gl=us&udm=28",Nothing,5.820067480338,High,High,High,True,1.1756115370573201
nothing,mobile,Nothing  Surprising Insights Everywhere from Zero to Oblivion,746.1700000000001,5.0,2.0,Barnes & Noble - Nook,Free delivery,USD,False,"https://www.google.com/search?ibp=oshop&q=Nothing&prds=catalogid:4446457156581263649,productid:7824536028139996397,headlineOfferDocid:9642764045708692595,imageDocid:8546983936310326689,rds:PC_120666564587068527|PROD_PC_120666564587068527,gpcid:120666564587068527,mid:576462775169043418,pvt:hg&hl=en&gl=us&udm=28",Nothing,3.439444915467244,Medium,High,Low,True,0.013401771714220618
nothing,mobile,Nothing Phone 1 8GB RAM,50619.21,4.4,982.0,Topmarket.Co.Il,,USD,False,"https://www.google.com/search?ibp=oshop&q=Nothing&prds=catalogid:17631202813198457267,productid:2982178431372135557,headlineOfferDocid:10452503915604521643,imageDocid:7770752521639540812,rds:PC_10473219694968610472|PROD_PC_10473219694968610472,gpcid:10473219694968610472,mid:576462716600474923,pvt:hg&hl=en&gl=us&udm=28",Nothing,5.396243648058867,High,High,Medium,True,0.0853588983312857
nothing,mobile,Nothing Phone Pro Snapdragon 7 Gen 4,65485.34,5.0,8.0,Ebay,Free delivery,USD,False,"https://www.google.com/search?ibp=oshop&q=Nothing&prds=catalogid:14882160812235216753,productid:12602271916938464102,headlineOfferDocid:12328290758333574570,imageDocid:11929244946844901109,rds:PC_17904064784808497354|PROD_PC_17904064784808497354,gpcid:17904064784808497354,pvt:hg&hl=en&gl=us&udm=28",Nothing,3.878889830934488,High,High,Low,True,0.0006108237355108792
nothing,mobile,Nothing Ear 1 Wireless Earbuds,8300.0,4.6,343.0,Uncrate,Free delivery on $199+,USD,False,"https://www.google.com/search?ibp=oshop&q=Nothing&prds=catalogid:2232234002614607250,productid:6922543985907199151,headlineOfferDocid:9263726874835377476,imageDocid:11926467782557552806,rds:PC_541808107873134328|PROD_PC_541808107873134328,gpcid:541808107873134328,mid:576462890235627387,pvt:hg&hl=en&gl=us&udm=28",Nothing,5.09625666294936,High,High,Medium,True,0.19009638554216868
nothing,mobile,Pre order nothing 3a pro 5g phone 6 77inch 12gb ram 256gb  gray,32765.91,5.0,33.0,Bfix,,USD,False,"https://www.google.com/search?ibp=oshop&q=Nothing&prds=catalogid:16240410788433289670,productid:14997144199376756715,headlineOfferDocid:2036499975913555767,imageDocid:3393281449345866059,rds:CID_16240410788433289670|PROD_CID_16240410788433289670,pvt:hg&hl=en&gl=us&udm=28",Pre,4.4105442098464644,High,High,Low,True,0.005035721577700726
nothing,mobile,Nothing Phone 4a 5g  678 120hz Amoled 50mp Periscope 5400mah ,52207.0,4.4,676.0,Ebay - Leadsky2,Free delivery,USD,False,"https://www.google.com/search?ibp=oshop&q=Nothing&prds=productid:4213540054789042518,headlineOfferDocid:4213540054789042518,imageDocid:16345982225366565159,rds:PC_2901239192010480193|PROD_PC_2901239192010480193,pvt:hg&hl=en&gl=us&udm=28",Nothing,5.24706850916491,High,High,Medium,True,0.05697320282720708
nothing,mobile,25 Copies Paperback Book Nothing Surprising Insights Everywhere from Zero to Oblivion by New Scientist 9781615192052,22866.5,5.0,2.0,Bulk Bookstore,Free delivery,USD,False,"https://www.google.com/search?ibp=oshop&q=Nothing&prds=productid:6429970691172824582,headlineOfferDocid:6429970691172824582,imageDocid:8814491385756315809,rds:PC_120666564587068527|PROD_PC_120666564587068527,pvt:hg&hl=en&gl=us&udm=28",25,3.439444915467244,High,High,Low,True,0.0004373209717271992
nothing,mobile,Nothing The Art of Doing Nothing Simple Ways to Make Time for Yourself by Zeddini Wissem by Independently Published Paperback,489.7000000000001,,,Walmart,,USD,False,"https://www.google.com/search?ibp=oshop&q=Nothing&prds=catalogid:2845775939597186465,productid:17650419379522338856,headlineOfferDocid:4525713684795926171,imageDocid:15978573115449761595,gpcid:10490222950753407032,mid:576462411284893249,pvt:hg&hl=en&gl=us&udm=28",Nothing,,Low,,,False,
nothing,mobile,CMF Phone 2 Pro,31789.0,4.7,530.0,Topmarket.Co.Il,,USD,False,"https://www.google.com/search?ibp=oshop&q=Nothing&prds=catalogid:16312655377565487689,productid:3322321303293638694,headlineOfferDocid:14494739978114756309,imageDocid:10323817433553712922,rds:PC_12151823873269025214|PROD_PC_12151823873269025214,gpcid:12151823873269025214,mid:576462893660631159,pvt:hg&hl=en&gl=us&udm=28",CMF,5.329904808496776,High,High,Medium,True,0.07836043914561641
nothing,mobile,Nothing Phone 4a Pro silver 128 Gb 8 Gb Ram Unlocked Gobal,53836.29,,,Ebay - Ak.Smartphones,,USD,False,"https://www.google.com/search?ibp=oshop&q=Nothing&prds=productid:2375347453793736549,headlineOfferDocid:2375347453793736549,imageDocid:14603432702695634120,pvt:hg&hl=en&gl=us&udm=28",Nothing,,High,,,False,
nothing,mobile,Nothing Ear Open Wireless Earbuds,9618.87,4.6,206.0,Microless.Com,,USD,False,"https://www.google.com/search?ibp=oshop&q=Nothing&prds=catalogid:10354836412575846735,productid:3738344720525350978,headlineOfferDocid:9343059453429684053,imageDocid:2960463184343146103,rds:PC_759853609761582129|PROD_PC_759853609761582129,gpcid:759853609761582129,mid:576462832966367811,pvt:hg&hl=en&gl=us&udm=28",Nothing,4.893087517306148,High,High,Medium,True,0.0985146903950256
nothing,mobile,Nothing Tlphone Noir 128GB 8GB  Transparent Tlphone tui  Mondial Fedex,144695.56,,,Ebay,,USD,False,"https://www.google.com/search?ibp=oshop&q=Nothing&prds=productid:14803452043575514745,headlineOfferDocid:14803452043575514745,imageDocid:17648197019906287233,pvt:hg&hl=en&gl=us&udm=28",Nothing,,High,,,False,
nothing,mobile,CMF Watch Pro 2 Smartwatch,4564.17,4.6,829.0,Ebay - Aimportar17,Free delivery,USD,False,"https://www.google.com/search?ibp=oshop&q=Nothing&prds=catalogid:12236768186349651638,productid:18335974926364460465,headlineOfferDocid:9301441362734498919,imageDocid:3999923446994601000,rds:PC_7393642629287823022|PROD_PC_7393642629287823022,gpcid:7393642629287823022,pvt:hg&hl=en&gl=us&udm=28",CMF,5.4485702803162575,High,High,Medium,True,0.8355078798554829
nothing,mobile,Cmf By Nothing Buds Pro 2 Wireless Earbuds Active Noise Cancelling Bluetooth Earphones with Spatial Audio  Bass Black,9960.0,,,Walmart - Selly Studios,Free delivery,USD,False,"https://www.google.com/search?ibp=oshop&q=Nothing&prds=productid:5124904811588666360,headlineOfferDocid:5124904811588666360,imageDocid:7983590032150752501,pvt:hg&hl=en&gl=us&udm=28",Cmf,,High,,,False,
nothing,mobile,Nothing Ear Buds 2 HiRes Wireless Earbuds,12367.0,4.8,125.0,Uncrate,Free delivery on $199+,USD,False,"https://www.google.com/search?ibp=oshop&q=Nothing&prds=catalogid:4253895510230732341,productid:14296736042691702799,headlineOfferDocid:11129101271971285837,imageDocid:9108814099440471780,rds:PC_6509761756475231119|PROD_PC_6509761756475231119,gpcid:6509761756475231119,pvt:hg&hl=en&gl=us&udm=28",Nothing,4.814512762780591,High,High,Medium,True,0.04851621250101076
nothing,mobile,Nothing Phone 3a 5g Black 8gb Ram 128gb,37183.17,4.7,1000.0,Ebay - Soundsolutions_Worldwide,Free delivery,USD,False,"https://www.google.com/search?ibp=oshop&q=Nothing&prds=productid:5042854549336200812,headlineOfferDocid:5042854549336200812,imageDocid:12519688768835185288,rds:PC_13684307289004167628|PROD_PC_13684307289004167628,pvt:hg&hl=en&gl=us&udm=28",Nothing,5.5835019117260885,High,High,Medium,True,0.126401272403617
nothing,mobile,Nothing Phone 3a Pro 5G Smartphone,50590.16,4.7,641.0,Topmarket.Co.Il,,USD,False,"https://www.google.com/search?ibp=oshop&q=Nothing&prds=catalogid:12765514455711540594,productid:17906190039133199792,headlineOfferDocid:8603319007874963358,imageDocid:14177673596891661844,rds:PC_7251712868301782063|PROD_PC_7251712868301782063,gpcid:7251712868301782063,mid:576462817410920607,pvt:hg&hl=en&gl=us&udm=28",Nothing,5.405835321475985,High,High,Medium,True,0.05955110638116187
nothing,mobile,Nothing Phone 3  White  256 GB  Unlocked,41500.0,4.7,493.0,Swappa,Free delivery,USD,False,"https://www.google.com/search?ibp=oshop&q=Nothing&prds=productid:1480846238925856601,headlineOfferDocid:1480846238925856601,imageDocid:10040319300481280190,rds:PC_16127829128511898291|PROD_PC_16127829128511898291,pvt:hg&hl=en&gl=us&udm=28",Nothing,5.30101420687517,High,High,Medium,True,0.05583373493975904
nothing,mobile,Nothing Phone 2 5g 67 12256gb Qualcomm Sm8475 Snapdragon 8 Gen 1,23157.0,4.8,468.0,Ebay - Westlife-1998,Free delivery,USD,False,"https://www.google.com/search?ibp=oshop&q=Nothing&prds=productid:4124374027577006106,headlineOfferDocid:4124374027577006106,imageDocid:13442084820708621145,rds:PC_17436641115210096660|PROD_PC_17436641115210096660,pvt:hg&hl=en&gl=us&udm=28",Nothing,5.340241107378512,High,High,Medium,True,0.09700738437621453
nothing,mobile,Nothing Phone 4a 12256GB White  BFIX,37295.22,4.4,1200.0,Bfix,,USD,False,"https://www.google.com/search?ibp=oshop&q=Nothing&prds=productid:13112318432889617824,headlineOfferDocid:13112318432889617824,imageDocid:16141737438478091477,rds:PC_5001907228501824688|PROD_PC_5001907228501824688,pvt:hg&hl=en&gl=us&udm=28",Nothing,5.476363928831994,High,High,High,True,0.14157310239757265
motorola,mobile,Motorola moto G play,4140.04,3.6,130.0,Walmart,Free delivery,USD,False,"https://www.google.com/search?ibp=oshop&q=Motorola&prds=catalogid:8972845747721516552,productid:3944630478664970641,headlineOfferDocid:2121466562873790060,imageDocid:10144531270489641636,rds:PC_16607148997783142493|PROD_PC_16607148997783142493,gpcid:16607148997783142493,mid:576462849384656886,pvt:hg&hl=en&gl=us&udm=28",Motorola,4.11007892928046,High,Medium,Medium,True,0.11304238606390277
motorola,mobile,Motorola Razr Ultra 2025,66399.17,4.0,519.0,Motorola - United States,Free delivery,USD,False,"https://www.google.com/search?ibp=oshop&q=Motorola&prds=catalogid:15684811715507154802,productid:4135226443868192557,headlineOfferDocid:10614124255929888686,imageDocid:15549437115254538527,rds:PC_4561565024881707461|PROD_PC_4561565024881707461,gpcid:4561565024881707461,mid:576462537164466956,pvt:hg&hl=en&gl=us&udm=28",Motorola,4.901531524630189,High,Medium,Medium,True,0.0312654510591021
motorola,mobile,Motorola Moto G Stylus 5G,16599.170000000002,4.2,1700.0,Best Buy,Free delivery by Sat,USD,False,"https://www.google.com/search?ibp=oshop&q=Motorola&prds=catalogid:12270293941179377973,productid:17956624391462532710,headlineOfferDocid:17224216977332249347,imageDocid:14262375938786758531,rds:PC_6076741790411226558|PROD_PC_6076741790411226558,gpcid:6076741790411226558,mid:576462828071602158,pvt:hg&hl=en&gl=us&udm=28",Motorola,5.495588636958345,High,High,High,True,0.43014198902716216
motorola,mobile,Motorola Moto G Power 5G 2024,10789.17,4.0,3200.0,Motorola - United States,Free delivery,USD,False,"https://www.google.com/search?ibp=oshop&q=Motorola&prds=catalogid:16768952130088763242,productid:15054909857579886781,headlineOfferDocid:12440755384690353616,imageDocid:1690060239128844379,rds:PC_9131605894125381693|PROD_PC_9131605894125381693,gpcid:9131605894125381693,mid:576462808137735980,pvt:hg&hl=en&gl=us&udm=28",Motorola,5.628487415987945,High,Medium,High,True,1.1863748555264213
motorola,mobile,Motorola Razr 2024,33199.17,3.8,279.0,Motorola - United States,Free delivery,USD,False,"https://www.google.com/search?ibp=oshop&q=Motorola&prds=catalogid:9527050291276922248,productid:17609823086725607066,headlineOfferDocid:8587767220237572243,imageDocid:12743093463797849699,rds:PC_12108599778057196319|PROD_PC_12108599778057196319,gpcid:12108599778057196319,mid:576462517427930063,pvt:hg&hl=en&gl=us&udm=28",Motorola,4.533915841267699,High,Medium,Medium,True,0.031934533303091615
motorola,mobile,Motorola razr 2024,45649.17,3.9,543.0,Motorola - United States,Free delivery,USD,False,"https://www.google.com/search?ibp=oshop&q=Motorola&prds=catalogid:1404814746338760323,productid:2190831176385111449,headlineOfferDocid:6227577421609612011,imageDocid:9967054425221916381,rds:PC_7899704140179134608|PROD_PC_7899704140179134608,gpcid:7899704140179134608,mid:576462503359077820,pvt:hg&hl=en&gl=us&udm=28",Motorola,4.859579698742377,High,Medium,Medium,True,0.0463907667981696
motorola,mobile,Motorola Moto G Stylus 2025,33199.17,4.2,1200.0,Motorola - United States,Free delivery,USD,False,"https://www.google.com/search?ibp=oshop&q=Motorola&prds=catalogid:8571133406097711879,productid:12505613153795080253,headlineOfferDocid:10533988972721719333,imageDocid:6406789894603531186,rds:PC_5786943769061632783|PROD_PC_5786943769061632783,gpcid:5786943769061632783,mid:576462883194899972,pvt:hg&hl=en&gl=us&udm=28",Motorola,5.3563639288319935,High,High,High,True,0.15181102419126744
motorola,mobile,Motorola 2025 Moto G,16599.170000000002,4.0,3500.0,Best Buy,Free delivery,USD,False,"https://www.google.com/search?ibp=oshop&q=Motorola&prds=catalogid:13078729291008953468,productid:11656667044948041378,headlineOfferDocid:5288348716804380874,imageDocid:5510840786704772601,rds:PC_5435713101217100535|PROD_PC_5435713101217100535,gpcid:5435713101217100535,mid:576462877172249355,pvt:hg&hl=en&gl=us&udm=28",Motorola,5.664321568381866,High,Medium,High,True,0.8434156647591414
motorola,mobile,Motorola Edge 2024,20736.72,4.3,560.0,Verizon,Free delivery,USD,True,"https://www.google.com/search?ibp=oshop&q=Motorola&prds=catalogid:9619587699260751247,productid:13785485479972613824,headlineOfferDocid:1916775581089013678,imageDocid:3089623636639826192,rds:PC_9368566844791574223|PROD_PC_9368566844791574223,gpcid:9368566844791574223,mid:576462813346158194,pvt:hg&hl=en&gl=us&udm=28",Motorola,5.111888362209078,High,High,Medium,True,0.11612251117823841
motorola,mobile,Motorola Moto G Power 2025,12367.0,4.1,701.0,Walmart,Free delivery by Sat,USD,False,"https://www.google.com/search?ibp=oshop&q=Motorola&prds=catalogid:619757825910960329,productid:8116619281811831285,headlineOfferDocid:9938012898217602409,imageDocid:1009795917156896113,rds:PC_4030597426313790588|PROD_PC_4030597426313790588,gpcid:4030597426313790588,mid:576462821504849276,pvt:hg&hl=en&gl=us&udm=28",Motorola,5.0815733616103245,High,High,Medium,True,0.23240074391525833
motorola,mobile,moto g power  2026  PANTONE Pure Cashmere,33199.17,4.2,216.0,Motorola - United States,Free delivery,USD,False,"https://www.google.com/search?ibp=oshop&q=Motorola&prds=productid:6494960371880209362,headlineOfferDocid:6494960371880209362,imageDocid:10445802028768144233,rds:PC_11729514467490982025|PROD_PC_11729514467490982025,pvt:hg&hl=en&gl=us&udm=28",moto,4.671958941416184,High,High,Medium,True,0.02732598435442814
motorola,mobile,Motorola Razr 2025,33199.17,4.0,383.0,Best Buy,,USD,False,"https://www.google.com/search?ibp=oshop&q=Motorola&prds=catalogid:7456200138833448653,productid:3869418799151727546,headlineOfferDocid:4092470400064742759,rds:PC_5308374268804883473|PROD_PC_5308374268804883473,gpcid:5308374268804883473,mid:576462860393912817,pvt:hg&hl=en&gl=us&udm=28",Motorola,4.780257021035091,High,Medium,Medium,True,0.04614573195655193
motorola,mobile,moto g power  2026  PANTONE Evening Blue,33199.17,4.2,216.0,Motorola - United States,Free delivery,USD,False,"https://www.google.com/search?ibp=oshop&q=Motorola&prds=productid:12748155070418351985,headlineOfferDocid:12748155070418351985,imageDocid:10417429152464428551,rds:PC_11729514467490982025|PROD_PC_11729514467490982025,pvt:hg&hl=en&gl=us&udm=28",moto,4.671958941416184,High,High,Medium,True,0.02732598435442814
motorola,mobile,Motorola Razr 2025,82999.17,4.1,194.0,Motorola - United States,Free delivery,USD,False,"https://www.google.com/search?ibp=oshop&q=Motorola&prds=catalogid:365009442917988387,productid:6049545859068024648,headlineOfferDocid:208982446670141728,rds:PC_2685707611212869219|PROD_PC_2685707611212869219,gpcid:2685707611212869219,mid:576462821006368115,pvt:hg&hl=en&gl=us&udm=28",Motorola,4.569199823425498,High,High,Medium,True,0.009583228362404106
motorola,mobile,Motorola Edge 2025,45649.17,4.3,370.0,Best Buy,Free delivery by Sat,USD,False,"https://www.google.com/search?ibp=oshop&q=Motorola&prds=catalogid:4459785641505020355,productid:18007595681263795158,headlineOfferDocid:16860295318540438834,imageDocid:661510535163123738,rds:PC_18085109372963773867|PROD_PC_18085109372963773867,gpcid:18085109372963773867,mid:576462887967137580,pvt:hg&hl=en&gl=us&udm=28",Motorola,4.946480825042974,High,High,Medium,True,0.03485276950270947
motorola,mobile,Walmart Motorola Moto g Play Prepaid Smartphone,4140.04,3.2,5.0,Walmart,Free delivery,USD,False,"https://www.google.com/search?ibp=oshop&q=Motorola&prds=catalogid:15753608247862974090,productid:11147226400238442050,headlineOfferDocid:12054315637832332350,imageDocid:11047122658452307499,rds:PC_11653402547671044815|PROD_PC_11653402547671044815,gpcid:11653402547671044815,pvt:hg&hl=en&gl=us&udm=28",Walmart,2.636703787691222,High,Medium,Low,True,0.003864696959449667
motorola,mobile,Motorola Moto G Play 2024,9047.0,3.9,4300.0,Best Buy,,USD,False,"https://www.google.com/search?ibp=oshop&q=Motorola&prds=catalogid:11728931125208695182,productid:18227072505466509915,headlineOfferDocid:16535970222317657504,imageDocid:8133280389532838798,rds:PC_6747545124227736512|PROD_PC_6747545124227736512,gpcid:6747545124227736512,mid:576462861379967234,pvt:hg&hl=en&gl=us&udm=28",Motorola,5.686641133113494,High,Medium,High,True,1.8536531446888471
motorola,mobile,Consumer Cellular Moto G Play 2024,7469.169999999999,3.7,84.0,Target,Free delivery by Wed,USD,False,"https://www.google.com/search?ibp=oshop&q=Motorola&prds=catalogid:3682148509535969014,productid:11662073489289592927,headlineOfferDocid:196686901456936879,imageDocid:2415055929256832393,rds:PC_5934731416694990122|PROD_PC_5934731416694990122,gpcid:5934731416694990122,pvt:hg&hl=en&gl=us&udm=28",Consumer,3.9970605025961268,High,Medium,Low,True,0.04161104915271711
motorola,mobile,Motorola Ace 5G One,9129.17,3.8,1100.0,Walmart - Esquared Shop,,USD,False,"https://www.google.com/search?ibp=oshop&q=Motorola&prds=catalogid:3088247956474726616,productid:6786007281374275879,headlineOfferDocid:16147813717187590479,imageDocid:3196643142819057799,rds:PC_2275183611647638691|PROD_PC_2275183611647638691,gpcid:2275183611647638691,mid:576462777708642039,pvt:hg&hl=en&gl=us&udm=28",Motorola,5.081589654689072,High,Medium,High,True,0.45787295011485163
motorola,mobile,Motorola moto g 2026,24899.17,4.3,125.0,Best Buy,Free delivery by Mon,USD,False,"https://www.google.com/search?ibp=oshop&q=Motorola&prds=catalogid:2573120649916652599,productid:5687049677273570177,headlineOfferDocid:5261019387316190796,imageDocid:8509037641116169283,rds:PC_268066273970111391|PROD_PC_268066273970111391,gpcid:268066273970111391,mid:576462531117578770,pvt:hg&hl=en&gl=us&udm=28",Motorola,4.5145127627805905,High,High,Medium,True,0.021587064950357785
motorola,mobile,Motorola razr  2025 256GB Parfait Pink  Available With Cricket Wireless Plan,12449.17,4.0,383.0,Cricket Wireless,Free delivery,USD,False,"https://www.google.com/search?ibp=oshop&q=Motorola&prds=productid:2317939715847329618,headlineOfferDocid:2317939715847329618,imageDocid:10457536698268119008,rds:PC_5308374268804883473|PROD_PC_5308374268804883473,pvt:hg&hl=en&gl=us&udm=28",Motorola,4.780257021035091,High,Medium,Medium,True,0.12306041286286555
motorola,mobile,Motorola Moto G 5G 2024,3871.12,3.9,2800.0,Walmart - B2B Mobile,Free delivery,USD,False,"https://www.google.com/search?ibp=oshop&q=Motorola&prds=catalogid:1316525159498704854,productid:2881608249226343526,headlineOfferDocid:8946631449433943307,imageDocid:1880618510675258240,rds:PC_7513639985055019931|PROD_PC_7513639985055019931,gpcid:7513639985055019931,mid:576462828007088352,pvt:hg&hl=en&gl=us&udm=28",Motorola,5.515092710104044,High,Medium,High,True,2.8208890450308957
motorola,mobile,Motorola Moto G Stylus 2026,41499.17,5.0,1.0,Best Buy,Free delivery by Mon,USD,False,"https://www.google.com/search?ibp=oshop&q=Motorola&prds=catalogid:10437728525181303209,productid:10424998619633753594,headlineOfferDocid:3490307010169390418,imageDocid:4276708984568877750,rds:PC_5902192194297956019|PROD_PC_5902192194297956019,gpcid:5902192194297956019,mid:576462888991658446,pvt:hg&hl=en&gl=us&udm=28",Motorola,3.277258872223978,High,High,Low,True,0.00012048433739759133
motorola,mobile,Motorola Moto G Power 5G 2024 Prepaid Phone,14103.36,3.5,40.0,Verizon,Free delivery,USD,True,"https://www.google.com/search?ibp=oshop&q=Motorola&prds=catalogid:12656911123428237362,productid:12025289988336195416,headlineOfferDocid:15865073074533706366,imageDocid:15789017944781791259,rds:PC_7124281211428237911|PROD_PC_7124281211428237911,gpcid:7124281211428237911,pvt:hg&hl=en&gl=us&udm=28",Motorola,3.5854288266817234,High,Medium,Low,True,0.009926712499716378
motorola,mobile,Motorola razr  2025 256GB Spring Bud  Available With Cricket Wireless Plan,12449.17,4.0,383.0,Cricket Wireless,Free delivery,USD,False,"https://www.google.com/search?ibp=oshop&q=Motorola&prds=productid:13199652586802720539,headlineOfferDocid:13199652586802720539,imageDocid:8479770041992604479,rds:PC_5308374268804883473|PROD_PC_5308374268804883473,pvt:hg&hl=en&gl=us&udm=28",Motorola,4.780257021035091,High,Medium,Medium,True,0.12306041286286555
motorola,mobile,Motorola Moto G Power 5G,8290.039999999999,3.2,901.0,Walmart,Free delivery by Wed,USD,False,"https://www.google.com/search?ibp=oshop&q=Motorola&prds=catalogid:10791759722389052341,productid:16485797394816916722,headlineOfferDocid:423260157565499471,imageDocid:15391536672349658400,rds:PC_7172346223386841611|PROD_PC_7172346223386841611,gpcid:7172346223386841611,mid:576462550675089958,pvt:hg&hl=en&gl=us&udm=28",Motorola,4.6418458080250495,High,Medium,Medium,True,0.3477908429874887
motorola,mobile,Moto G Stylus Motorola,13279.17,4.2,1700.0,Best Buy,,USD,False,"https://www.google.com/search?ibp=oshop&q=Motorola&prds=catalogid:6171577338550485677,productid:8604304750942651315,headlineOfferDocid:10619749861192508672,imageDocid:7040961761822883637,rds:PC_8434251766564161125|PROD_PC_8434251766564161125,gpcid:8434251766564161125,mid:576462555683658886,pvt:hg&hl=en&gl=us&udm=28",Moto,5.495588636958345,High,High,High,True,0.537684207672618
motorola,mobile,Consumer Cellular Moto G 5G 128GB Gray,14109.17,4.3,33.0,Target,Free delivery by Wed,USD,False,"https://www.google.com/search?ibp=oshop&q=Motorola&prds=catalogid:6632092325971272827,productid:5171480019265248281,headlineOfferDocid:1256558904038073842,imageDocid:7450881276751337919,rds:PC_10442482697160658629|PROD_PC_10442482697160658629,gpcid:10442482697160658629,pvt:hg&hl=en&gl=us&udm=28",Consumer,3.9905442098464645,High,High,Low,True,0.010057288982980573
motorola,mobile,Motorola Moto E20 65 Dual SIM,996.0,4.4,2700.0,Ravir.De,,USD,False,"https://www.google.com/search?ibp=oshop&q=Motorola&prds=catalogid:17808098648296305242,productid:16393916936547626832,headlineOfferDocid:11262774209176175964,imageDocid:15242318439944646564,rds:PC_3097721817950113019|PROD_PC_3097721817950113019,gpcid:3097721817950113019,mid:576462656035075552,pvt:hg&hl=en&gl=us&udm=28",Motorola,5.800550941517047,Medium,High,High,True,11.927710843373497
motorola,mobile,Moto E Motorola,7468.34,4.0,1200.0,Walmart - Ml Tech Store,,USD,False,"https://www.google.com/search?ibp=oshop&q=Motorola&prds=catalogid:8425199216350356625,productid:16045733330641091109,headlineOfferDocid:7283911641121872441,imageDocid:1431634353678729610,rds:PC_15630321065037373201|PROD_PC_15630321065037373201,gpcid:15630321065037373201,mid:576462890278600689,pvt:hg&hl=en&gl=us&udm=28",Moto,5.236363928831993,High,Medium,High,True,0.6427131062592223
motorola,mobile,Motorola Moto G Play,9877.0,3.7,3300.0,Best Buy,,USD,False,"https://www.google.com/search?ibp=oshop&q=Motorola&prds=catalogid:10064001721983786341,productid:11409862899335243118,headlineOfferDocid:17157852005525846177,imageDocid:13716209170311909902,rds:PC_5618553093737121452|PROD_PC_5618553093737121452,gpcid:5618553093737121452,mid:576462827440715268,pvt:hg&hl=en&gl=us&udm=28",Motorola,5.460792292741278,High,Medium,High,True,1.2362053255036956
motorola,mobile,Motorola Edge 50 Pro 5G,38428.17,4.5,1100.0,Electronicsforce.Com,Free delivery by Tue,USD,False,"https://www.google.com/search?ibp=oshop&q=Motorola&prds=catalogid:16835958491166601507,productid:6010768177937418367,headlineOfferDocid:11821330903350218544,imageDocid:3984120859345430174,rds:PC_18098994143561565699|PROD_PC_18098994143561565699,gpcid:18098994143561565699,mid:576462852749623984,pvt:hg&hl=en&gl=us&udm=28",Motorola,5.501589654689072,High,High,High,True,0.12881175450197083
motorola,mobile,Motorola Moto G86 Power 5G,24817.0,4.8,2000.0,Walmart - Omega Distributions Florida,Free delivery,USD,False,"https://www.google.com/search?ibp=oshop&q=Motorola&prds=catalogid:1650501423380690523,productid:14666361125342858245,headlineOfferDocid:5963778797267850401,imageDocid:12127300988723155378,rds:PC_10070241047954077575|PROD_PC_10070241047954077575,gpcid:10070241047954077575,mid:576462845701307090,pvt:hg&hl=en&gl=us&udm=28",Motorola,5.920560933833493,High,High,High,True,0.38683160736591854
motorola,mobile,Motorola Edge 60 Pro,49758.5,4.8,2300.0,Wireless Place,Free delivery by Wed,USD,False,"https://www.google.com/search?ibp=oshop&q=Motorola&prds=catalogid:111784404075133050,productid:5479418138137531046,headlineOfferDocid:1573503217996284158,imageDocid:18082388342778160307,rds:PC_10360787057128524745|PROD_PC_10360787057128524745,gpcid:10360787057128524745,mid:576462821304904296,pvt:hg&hl=en&gl=us&udm=28",Motorola,5.976439636014146,High,High,High,True,0.22187164002130288
motorola,mobile,Motorola CARAMEL LATTE 8256GB,20847.94,4.2,1700.0,Connection,Free delivery,USD,False,"https://www.google.com/search?ibp=oshop&q=Motorola&prds=productid:11775543309586147781,headlineOfferDocid:11775543309586147781,imageDocid:11275088563685567524,rds:PC_6076741790411226558|PROD_PC_6076741790411226558,pvt:hg&hl=en&gl=us&udm=28",Motorola,5.495588636958345,High,High,High,True,0.3424798805061795
motorola,mobile,Motorola Edge 40 Neo,21579.17,4.5,2400.0,Walmart - Lifeline786,Free delivery by Mon,USD,False,"https://www.google.com/search?ibp=oshop&q=Motorola&prds=catalogid:10199752312628833184,productid:7578035163906831105,headlineOfferDocid:10357024718696921135,imageDocid:12009369393550011031,rds:PC_12189461407785188162|PROD_PC_12189461407785188162,gpcid:12189461407785188162,mid:576462783414164411,pvt:hg&hl=en&gl=us&udm=28",Motorola,5.8134562384885005,High,High,High,True,0.5004826413620173
motorola,mobile,Motorola Moto G7 Power,7880.85,4.5,2100.0,Cell2Get,Free delivery,USD,False,"https://www.google.com/search?ibp=oshop&q=Motorola&prds=catalogid:14339654568605356315,productid:13778010800176740482,headlineOfferDocid:844156457077113330,imageDocid:3180887683071490940,rds:PC_14453845215847658218|PROD_PC_14453845215847658218,gpcid:14453845215847658218,mid:576462374136013091,pvt:hg&hl=en&gl=us&udm=28",Motorola,5.760067480338,High,High,High,True,1.199109233141095
motorola,mobile,motorola razr  2024,33199.17,3.8,249.0,Motorola.Com,Free delivery,USD,False,"https://www.google.com/search?ibp=oshop&q=Motorola&prds=productid:1749446998104038755,headlineOfferDocid:1749446998104038755,imageDocid:11079671382417882898,rds:LO_1749446998104038755|PROD_LO_1749446998104038755,pvt:hg&hl=en&gl=us&udm=28",motorola,4.488584367144899,High,Medium,Medium,True,0.028500712517812946
motorola,mobile,Moto G Power Motorola,3647.85,3.5,707.0,Walmart - The Wireless Circle,Free delivery,USD,False,"https://www.google.com/search?ibp=oshop&q=Motorola&prds=catalogid:12414450283312290654,productid:6533139290811977701,headlineOfferDocid:14751452909164612488,imageDocid:9536124441081688185,rds:PC_11026679200519449081|PROD_PC_11026679200519449081,gpcid:11026679200519449081,mid:576462820078097183,pvt:hg&hl=en&gl=us&udm=28",Moto,4.724977637477489,High,Medium,Medium,True,0.6783447784311307
motorola,mobile,Motorola Edge 30 Neo,14358.17,4.6,869.0,Electronicsforce.Com,Free delivery by Tue,USD,False,"https://www.google.com/search?ibp=oshop&q=Motorola&prds=catalogid:14299597226601975523,productid:1218180829922959203,headlineOfferDocid:3341845602267340932,imageDocid:4528052666939181349,rds:PC_16706953311445062639|PROD_PC_16706953311445062639,gpcid:16706953311445062639,mid:576462461857971493,pvt:hg&hl=en&gl=us&udm=28",Motorola,5.467397284659452,High,High,Medium,True,0.27840595284775144
oppo,mobile,Oppo Find X9 Pro 5G Dual SIM,82169.17,4.8,906.0,Bludiode European Transactions,Free delivery,USD,False,"https://www.google.com/search?ibp=oshop&q=Oppo&prds=catalogid:9218328707498074173,productid:7199869773649133492,headlineOfferDocid:2911743372477564290,imageDocid:4474370882710012088,rds:PC_17934193114201683408|PROD_PC_17934193114201683408,gpcid:17934193114201683408,pvt:hg&hl=en&gl=us&udm=28",Oppo,5.604056980046055,High,High,Medium,True,0.05292495956816894
oppo,mobile,Oppo A5,19422.0,4.8,4300.0,Ebay,Free delivery,USD,False,"https://www.google.com/search?ibp=oshop&q=Oppo&prds=catalogid:4622366324354216828,productid:14862452380232282211,headlineOfferDocid:753463071397615201,imageDocid:12811374701521831874,rds:PC_17022493137122983417|PROD_PC_17022493137122983417,gpcid:17022493137122983417,mid:576462376315084472,pvt:hg&hl=en&gl=us&udm=28",Oppo,6.226641133113494,High,High,High,True,1.062712388013593
oppo,mobile,Oppo A40,10169.16,4.5,454.0,Mr Price,,USD,False,"https://www.google.com/search?ibp=oshop&q=Oppo&prds=catalogid:9174579875209243803,productid:642023534813306365,headlineOfferDocid:10919065579982657451,imageDocid:4920356203133897618,rds:PC_5230338539649127543|PROD_PC_5230338539649127543,gpcid:5230338539649127543,mid:576462796157124377,pvt:hg&hl=en&gl=us&udm=28",Oppo,5.1481189675803805,High,High,Medium,True,0.20090154939051014
oppo,mobile,Oppo Find X8 Ultra 5G,93956.0,4.7,45.0,Pdaplaza Canada,,USD,False,"https://www.google.com/search?ibp=oshop&q=Oppo&prds=catalogid:3463150148232796173,productid:16581352374397683002,headlineOfferDocid:8751056211696743909,imageDocid:5243124378885742712,rds:PC_10787957164585113512|PROD_PC_10787957164585113512,gpcid:10787957164585113512,mid:576462823496975370,pvt:hg&hl=en&gl=us&udm=28",Oppo,4.351456558595638,High,High,Low,True,0.002251053684703478
oppo,mobile,Oppo Find X9 5G Phone,56937.17,4.9,822.0,Bludiode European Transactions,Free delivery,USD,False,"https://www.google.com/search?ibp=oshop&q=Oppo&prds=catalogid:15937189807951835016,productid:3871436217107643221,headlineOfferDocid:15521497533855600340,imageDocid:17737771238339384590,rds:PC_11055514017706683545|PROD_PC_11055514017706683545,gpcid:11055514017706683545,mid:576462523589399271,pvt:hg&hl=en&gl=us&udm=28",Oppo,5.625182480270828,High,High,Medium,True,0.07074113448209668
oppo,mobile,Oppo A5 Pro 5G Unlocked Smartphone 8GB RAM 256GB,21506.96,4.8,2200.0,Ebay - One.Stop.Shoppee,,USD,False,"https://www.google.com/search?ibp=oshop&q=Oppo&prds=catalogid:7631344756048969356,productid:6953940176286315603,headlineOfferDocid:10110908710628593544,imageDocid:3784427963556410689,rds:PC_13781768416438394369|PROD_PC_13781768416438394369,gpcid:13781768416438394369,mid:576462502516407907,pvt:hg&hl=en&gl=us&udm=28",Oppo,5.958666832610585,High,High,High,True,0.49100384247704
oppo,mobile,Oppo Reno 10 5G,64088.45,4.7,892.0,Sears - Fastmedia,Free delivery,USD,False,"https://www.google.com/search?ibp=oshop&q=Oppo&prds=catalogid:12506949051996155736,productid:5229040743339784783,headlineOfferDocid:17943493824011317697,imageDocid:13310512387354564033,rds:PC_10220598693089468684|PROD_PC_10220598693089468684,gpcid:10220598693089468684,mid:576462461115823279,pvt:hg&hl=en&gl=us&udm=28",Oppo,5.5378346323506,High,High,Medium,True,0.06541584326036907
oppo,mobile,Oppo Reno14 5G Phone,38420.7,4.8,978.0,Ebay - One.Stop.Shoppee,,USD,False,"https://www.google.com/search?ibp=oshop&q=Oppo&prds=catalogid:1713323849004952965,productid:15694743894073613127,headlineOfferDocid:595548582594968880,imageDocid:8771603338279670872,rds:PC_4740669652361733114|PROD_PC_4740669652361733114,gpcid:4740669652361733114,mid:576462843069152218,pvt:hg&hl=en&gl=us&udm=28",Oppo,5.634612657012204,High,High,Medium,True,0.12218413511466475
oppo,mobile,Oppo A5x 169 cm Android 15 4G,13197.0,4.9,3700.0,Fruugo.Com,,USD,False,"https://www.google.com/search?ibp=oshop&q=Oppo&prds=catalogid:15836846558085607287,productid:2331446119587165512,headlineOfferDocid:12541165550731421990,imageDocid:12695353306356684686,rds:PC_14716644100545248708|PROD_PC_14716644100545248708,gpcid:14716644100545248708,mid:576462866790489765,pvt:hg&hl=en&gl=us&udm=28",Oppo,6.226543332954462,High,High,High,True,1.3737970750928241
oppo,mobile,Oppo Reno 15 Pro Max Dual SIM Unlocked Global,66317.0,4.8,1100.0,Ebay,Free delivery,USD,False,"https://www.google.com/search?ibp=oshop&q=Oppo&prds=catalogid:14839683012257229085,productid:4285725016978820719,headlineOfferDocid:2890287562340988214,imageDocid:6258881269983195442,rds:PC_15165609738237294282|PROD_PC_15165609738237294282,gpcid:15165609738237294282,mid:576462536889293444,pvt:hg&hl=en&gl=us&udm=28",Oppo,5.681589654689072,High,High,High,True,0.07961759428200914
oppo,mobile,Oppo Reno15 5G Phone,64530.01,4.9,2100.0,Grooves-Inc.Com,,USD,False,"https://www.google.com/search?ibp=oshop&q=Oppo&prds=catalogid:15932487002229962356,productid:11349959268752425417,headlineOfferDocid:14318069756773861793,imageDocid:9276015126961218150,rds:PC_14499913919177247152|PROD_PC_14499913919177247152,gpcid:14499913919177247152,mid:576462876189582346,pvt:hg&hl=en&gl=us&udm=28",Oppo,6.000067480338,High,High,High,True,0.15946069123497733
oppo,mobile,OPPO FIND X9 Pro 12GB512GB Titanium  1Year Warranty,72209.17,4.8,882.0,Bludiode European Transactions,Free delivery,USD,False,"https://www.google.com/search?ibp=oshop&q=Oppo&prds=productid:5428125922087183402,headlineOfferDocid:5428125922087183402,imageDocid:4474370882710012088,rds:PC_17934193114201683408|PROD_PC_17934193114201683408,pvt:hg&hl=en&gl=us&udm=28",OPPO,5.593330080241584,High,High,Medium,True,0.05862967265791865
oppo,mobile,Oppo F31 5G Phone,23272.37,5.0,5.0,Ebay - One.Stop.Shoppee,,USD,False,"https://www.google.com/search?ibp=oshop&q=Oppo&prds=catalogid:558966784141821938,productid:8538627852888144280,headlineOfferDocid:10992777560352335154,imageDocid:16929756005356362989,rds:PC_2578258728722556212|PROD_PC_2578258728722556212,gpcid:2578258728722556212,mid:576462843023119524,pvt:hg&hl=en&gl=us&udm=28",Oppo,3.716703787691222,High,High,Low,True,0.001074235241189445
oppo,mobile,Oppo Reno 5 Pro 5G 256GB Galactic Silver,50323.73,4.6,155.0,友和 Yoho,,USD,False,"https://www.google.com/search?ibp=oshop&q=Oppo&prds=catalogid:3141069630333815450,productid:15451105846153922545,headlineOfferDocid:1401123904666156663,imageDocid:1011561297658749235,rds:PC_6169907748645758628|PROD_PC_6169907748645758628,gpcid:6169907748645758628,mid:576462833044607325,pvt:hg&hl=en&gl=us&udm=28",Oppo,4.779942402899815,High,High,Medium,True,0.014168266144023903
oppo,mobile,Oppo R9S 64GB 4GB RAM International Version,6884.02,4.8,161.0,Ebay - Phone360,,USD,False,"https://www.google.com/search?ibp=oshop&q=Oppo&prds=catalogid:9610636697263049955,productid:10060917747016967727,headlineOfferDocid:4450842604875037388,imageDocid:7258608878043351351,rds:PC_4622943325137664967|PROD_PC_4622943325137664967,gpcid:4622943325137664967,mid:576462446874077478,pvt:hg&hl=en&gl=us&udm=28",Oppo,4.915038534092954,High,High,Medium,True,0.11225998762351067
oppo,mobile,Oppo Reno15 FS 5G,53531.68,4.7,55.0,Grooves-Inc.Com,,USD,False,"https://www.google.com/search?ibp=oshop&q=Oppo&prds=catalogid:6764771131733733506,productid:2990006790883668816,headlineOfferDocid:4384919567408390667,imageDocid:7248595203374853864,rds:PC_12879859643909894454|PROD_PC_12879859643909894454,gpcid:12879859643909894454,pvt:hg&hl=en&gl=us&udm=28",Oppo,4.43014067629406,High,High,Low,True,0.00482891626042747
oppo,mobile,OPPO FIND X9 12GB256GB Red  1Year Warranty,56937.17,4.9,822.0,Bludiode European Transactions,Free delivery,USD,False,"https://www.google.com/search?ibp=oshop&q=Oppo&prds=productid:1889545246792662746,headlineOfferDocid:1889545246792662746,imageDocid:17760207503145172990,rds:PC_11055514017706683545|PROD_PC_11055514017706683545,pvt:hg&hl=en&gl=us&udm=28",OPPO,5.625182480270828,High,High,Medium,True,0.07074113448209668
oppo,mobile,Oppo Find X8 Pro 5G Premium Edition Phone,23489.0,4.9,284.0,Ebay - 5Gsmartphonestore,Free delivery,USD,False,"https://www.google.com/search?ibp=oshop&q=Oppo&prds=catalogid:6932524683402964378,productid:9078560266224401576,headlineOfferDocid:10500346128985273695,imageDocid:546145665383605893,rds:PC_3278886869862978887|PROD_PC_3278886869862978887,gpcid:3278886869862978887,mid:576462555532620275,pvt:hg&hl=en&gl=us&udm=28",Oppo,5.20099567210746,High,High,Medium,True,0.05924475286304228
oppo,mobile,Oppo F29 Pro 5g,28246.56,4.4,11.0,Ebay,Free delivery,USD,False,"https://www.google.com/search?ibp=oshop&q=Oppo&prds=catalogid:5656549858126596792,productid:9489755639720412707,headlineOfferDocid:2770839269621834438,imageDocid:5611326344538598646,rds:PC_11862035825091832885|PROD_PC_11862035825091832885,gpcid:11862035825091832885,mid:576462516962479457,pvt:hg&hl=en&gl=us&udm=28",Oppo,3.6339626599152,High,High,Low,True,0.0017134829869548719
oppo,mobile,Oppo F31 Pro 5G Phone,34919.76,4.7,56.0,Ebay,,USD,False,"https://www.google.com/search?ibp=oshop&q=Oppo&prds=catalogid:17460534948218302080,productid:2751224330636192695,headlineOfferDocid:7575721598538291893,imageDocid:16518225839316444809,rds:PC_5222894929218803228|PROD_PC_5222894929218803228,gpcid:5222894929218803228,mid:576462866598538581,pvt:hg&hl=en&gl=us&udm=28",Oppo,4.43722050713382,High,High,Low,True,0.007537279752209063
oppo,mobile,Oppo Find N6 5G Global Version,153549.17,4.4,48.0,Swiftronics Usa,,USD,False,"https://www.google.com/search?ibp=oshop&q=Oppo&prds=catalogid:12036438457373256572,productid:4307605663227147774,headlineOfferDocid:2410484319622463568,imageDocid:15012418265484165310,rds:PC_10038101715326410062|PROD_PC_10038101715326410062,gpcid:10038101715326410062,pvt:hg&hl=en&gl=us&udm=28",Oppo,4.19672811924425,High,High,Low,True,0.0013754551717863404
oppo,mobile,Oppo A6x India 5G Phone,14027.0,4.9,745.0,Ebay - One.Stop.Shoppee,,USD,False,"https://www.google.com/search?ibp=oshop&q=Oppo&prds=catalogid:3876912990055226586,productid:8998840900879716482,headlineOfferDocid:14359144379126058675,imageDocid:3847010604443266573,rds:PC_7545848912888893488|PROD_PC_7545848912888893488,gpcid:7545848912888893488,pvt:hg&hl=en&gl=us&udm=28",Oppo,5.585890240081504,High,High,Medium,True,0.26024809296357027
oppo,mobile,OPPO A76 128GB1,14455.28,,,Whatnot,,USD,False,"https://www.google.com/search?ibp=oshop&q=Oppo&prds=productid:2059260337011436819,headlineOfferDocid:2059260337011436819,imageDocid:17453553873117027615,pvt:hg&hl=en&gl=us&udm=28",OPPO,,High,,,False,
oppo,mobile,Oppo F31 Pro Plus 5G,38179.17,4.9,391.0,Ebay - Lifestylegallery2010,Free delivery,USD,False,"https://www.google.com/search?ibp=oshop&q=Oppo&prds=catalogid:15349911925959120747,productid:7051611842020985852,headlineOfferDocid:16851078713488735204,imageDocid:7298698880448106875,rds:PC_14460159882872349056|PROD_PC_14460159882872349056,gpcid:14460159882872349056,mid:576462847861126813,pvt:hg&hl=en&gl=us&udm=28",Oppo,5.3285047359161855,High,High,Medium,True,0.050181813800561935
oppo,mobile,OPPO Reno5 Z 5G Dual CPH2211 128GB 8GB RAM Factory Unlocked International Version,20125.01,4.5,48.0,友和 Yoho,,USD,False,"https://www.google.com/search?ibp=oshop&q=Oppo&prds=catalogid:6016221745501557623,productid:2544865830200051360,headlineOfferDocid:7563407969766261907,imageDocid:14256044788842703128,rds:PC_10786006768650590732|PROD_PC_10786006768650590732,gpcid:10786006768650590732,mid:576462810768569320,pvt:hg&hl=en&gl=us&udm=28",OPPO,4.256728119244251,High,High,Low,True,0.010732913921533456
oppo,mobile,Oppo K13 Turbo Pro 5g Smartphone Snapdragon 8s Gen4 68 Amoled 120hz,31427.95,4.9,575.0,Ebay,Free delivery,USD,False,"https://www.google.com/search?ibp=oshop&q=Oppo&prds=productid:3281518750395231336,headlineOfferDocid:3281518750395231336,imageDocid:5006032840238463645,rds:PC_12348416440097942318|PROD_PC_12348416440097942318,pvt:hg&hl=en&gl=us&udm=28",Oppo,5.482443064278357,High,High,Medium,True,0.08964949988783869
oppo,mobile,Oppo Enco X3i True Wireless Earphones,8382.17,4.9,132.0,Dressinn.Com,,USD,False,"https://www.google.com/search?ibp=oshop&q=Oppo&prds=catalogid:1958990741626841203,productid:8741535850625263670,headlineOfferDocid:3830725680381521429,imageDocid:5272245524257651406,rds:PC_16744716228522130393|PROD_PC_16744716228522130393,gpcid:16744716228522130393,mid:576462796159149650,pvt:hg&hl=en&gl=us&udm=28",Oppo,4.896139651288701,High,High,Medium,True,0.07716378932901624
oppo,mobile,Oppo Reno8 5G 256GB,17015.0,4.6,1000.0,Ebay - 5Gsmartphonestore,Free delivery,USD,False,"https://www.google.com/search?ibp=oshop&q=Oppo&prds=catalogid:3292411903847384611,productid:6923135064068245310,headlineOfferDocid:17618353375068938913,imageDocid:14084400433329126809,rds:PC_18097487757791687346|PROD_PC_18097487757791687346,gpcid:18097487757791687346,mid:576462503318271411,pvt:hg&hl=en&gl=us&udm=28",Oppo,5.523501911726088,High,High,Medium,True,0.27034969144872173
oppo,mobile,Oppo Enco W12 Wireless Inear CallsMusic Headset,6391.0,4.6,116.0,Poshmark,,USD,False,"https://www.google.com/search?ibp=oshop&q=Oppo&prds=catalogid:11178009679222993512,productid:1491828436033712477,headlineOfferDocid:7214837981230925255,imageDocid:2205416334433661286,rds:PC_7719473996083397685|PROD_PC_7719473996083397685,gpcid:7719473996083397685,mid:576462816337337058,pvt:hg&hl=en&gl=us&udm=28",Oppo,4.664869573919102,High,High,Medium,True,0.08349241120325457
oppo,mobile,Oppo F15 4 GB 128 GB Blazing BlueigT,8029.419999999999,3.7,26.0,Ebay - Phone360,,USD,False,"https://www.google.com/search?ibp=oshop&q=Oppo&prds=catalogid:14744253256054141066,productid:4083164307624232742,headlineOfferDocid:9264689826145362861,imageDocid:1491638625641076763,rds:PC_4149665386926014381|PROD_PC_4149665386926014381,gpcid:4149665386926014381,mid:576462324462249217,pvt:hg&hl=en&gl=us&udm=28",Oppo,3.538334746401732,High,Medium,Low,True,0.011980940092808697
oppo,mobile,Oppo K13 5G Phone,24920.75,4.7,63.0,Ebay - One.Stop.Shoppee,,USD,False,"https://www.google.com/search?ibp=oshop&q=Oppo&prds=catalogid:1210995953964787477,productid:9057621121592813374,headlineOfferDocid:17880095101130131625,rds:PC_15625062721609304184|PROD_PC_15625062721609304184,gpcid:15625062721609304184,pvt:hg&hl=en&gl=us&udm=28",Oppo,4.483553233343868,High,High,Low,True,0.01188166487766219
oppo,mobile,Oppo A53s 128GB,7663.389999999999,4.4,585.0,Ebay - Lt-Trading,,USD,False,"https://www.google.com/search?ibp=oshop&q=Oppo&prds=catalogid:18157627457898230949,productid:17838448798261231007,headlineOfferDocid:12277358213693036317,imageDocid:17612493842461126006,rds:PC_13630566069111432270|PROD_PC_13630566069111432270,gpcid:13630566069111432270,mid:576462808300468001,pvt:hg&hl=en&gl=us&udm=28",Oppo,5.189327915830805,High,High,Medium,True,0.33588268377310826
oppo,mobile,Oppo Reno15 F 5G Phone,45030.82,4.9,4700.0,Grooves-Inc.Com,,USD,False,"https://www.google.com/search?ibp=oshop&q=Oppo&prds=catalogid:7746457390108235169,productid:7028612061424708443,headlineOfferDocid:3187354429269032425,imageDocid:5546373889627875203,rds:PC_9187637350202559634|PROD_PC_9187637350202559634,gpcid:9187637350202559634,mid:576462878158078295,pvt:hg&hl=en&gl=us&udm=28",Oppo,6.322212212409653,High,High,High,True,0.5114275067609251
oppo,mobile,Oppo Find N2 Flip 5gfactory Unlocked Dual Sim8gb,100845.0,4.7,385.0,Ebay - Multistore4All,Free delivery,USD,False,"https://www.google.com/search?ibp=oshop&q=Oppo&prds=productid:2110400915984290357,headlineOfferDocid:2110400915984290357,imageDocid:3971185277510864081,rds:PC_7170885819452021215|PROD_PC_7170885819452021215,pvt:hg&hl=en&gl=us&udm=28",Oppo,5.202334947785932,High,High,Medium,True,0.017943378452079925
oppo,mobile,Oppo F19s Phone,20667.0,,,Ebay - Lifestylegallery2010,Free delivery,USD,False,"https://www.google.com/search?ibp=oshop&q=Oppo&prds=catalogid:7187684915817082759,productid:14516327262757082468,headlineOfferDocid:10915000759289028586,imageDocid:7235850836310924995,gpcid:10637859382590406631,mid:576462859583737192,pvt:hg&hl=en&gl=us&udm=28",Oppo,,High,,,False,
oppo,mobile,Oppo F21s Pro 5G,35402.82,3.0,74.0,Ebay - Soundsolutions_Worldwide,Free delivery,USD,False,"https://www.google.com/search?ibp=oshop&q=Oppo&prds=catalogid:2108518420291873361,productid:2990723027241328386,headlineOfferDocid:15904710768237213077,imageDocid:4704796614317233410,rds:PC_3380847548131204610|PROD_PC_3380847548131204610,gpcid:3380847548131204610,mid:576462749118118089,pvt:hg&hl=en&gl=us&udm=28",Oppo,3.5269952454145237,High,Medium,Low,True,0.006270686911381636
oppo,mobile,OPPO Find X 8GB,91299.17,4.0,116.0,Overseas Electronics,,USD,False,"https://www.google.com/search?ibp=oshop&q=Oppo&prds=catalogid:5841362843078461701,productid:2840738675658298887,headlineOfferDocid:8518336581740401937,imageDocid:6950099609384233053,rds:PC_3707968819272914944|PROD_PC_3707968819272914944,gpcid:3707968819272914944,mid:576462305421186037,pvt:hg&hl=en&gl=us&udm=28",OPPO,4.3048695739191025,High,Medium,Medium,True,0.005082192970648035
oppo,mobile,Oppo K 14 5G Phone,23236.68,4.9,267.0,Ebay,Free delivery,USD,False,"https://www.google.com/search?ibp=oshop&q=Oppo&prds=catalogid:3155834996100982330,productid:2162132747521668103,headlineOfferDocid:11300092243332498494,imageDocid:7334462800407919648,rds:PC_10026223426496679408|PROD_PC_10026223426496679408,gpcid:10026223426496679408,mid:576462890279301772,pvt:hg&hl=en&gl=us&udm=28",Oppo,5.176394792204343,High,High,Medium,True,0.05630322404061166
oppo,mobile,OPPO Find X Find X8 167 cm 659 Dual SIM Android 15 5G USB TypeC 16 GB 512 GB 5630 mAh Black,67644.17,4.7,95.0,Ebay - Ahappyprice,,USD,False,"https://www.google.com/search?ibp=oshop&q=Oppo&prds=catalogid:7045430303653555883,productid:15135124174219605960,headlineOfferDocid:15967994855383651248,imageDocid:7058341167017681430,rds:PC_12021943976800917299|PROD_PC_12021943976800917299,gpcid:12021943976800917299,mid:576462808840486963,pvt:hg&hl=en&gl=us&udm=28",OPPO,4.645739276587134,High,High,Low,True,0.006600716661908927
oppo,mobile,Oppo F23 256GB 8GB RAM Gsm Unlocked Phone Qualcomm SM6375 Snapdragon 695 5G 64MP,29521.44,,,Ebay - Lifestylegallery2010,Free delivery,USD,False,"https://www.google.com/search?ibp=oshop&q=Oppo&prds=catalogid:3003975767157550823,productid:15287398895869661164,headlineOfferDocid:6978785869240505729,imageDocid:8183326832173022089,gpcid:12166707641408396515,mid:576462749386932381,pvt:hg&hl=en&gl=us&udm=28",Oppo,,High,,,False,
vivo,mobile,vivo X300 Pro 5G Phone,94786.0,4.9,1600.0,Ebay - Dentalcity05,,USD,False,"https://www.google.com/search?ibp=oshop&q=Vivo&prds=catalogid:12956734992168732912,productid:12715628527628460408,headlineOfferDocid:5928659829589337760,imageDocid:10071891488052886132,rds:PC_13681025360575688838|PROD_PC_13681025360575688838,gpcid:13681025360575688838,mid:576462901156609522,pvt:hg&hl=en&gl=us&udm=28",vivo,5.891353485198685,High,High,High,True,0.08271263688730404
vivo,mobile,Vivo X200 Ultra 5G,85268.39,4.8,245.0,Pdaplaza,,USD,False,"https://www.google.com/search?ibp=oshop&q=Vivo&prds=catalogid:2945836674627406025,productid:7341275943534327283,headlineOfferDocid:14220728717959366728,imageDocid:15953171951133998571,rds:PC_4692266727087395925|PROD_PC_4692266727087395925,gpcid:4692266727087395925,mid:576462821472994727,pvt:hg&hl=en&gl=us&udm=28",Vivo,5.082132614372945,High,High,Medium,True,0.013791746273149991
vivo,mobile,Vivo X200 Ultra 5G Smartphone  Snapdragon 8 Elite 16GB RAM 512GB1TB 682 Zeiss Camera Unlocked,53037.0,,,Barnagarbed.Org,Free delivery,USD,False,"https://www.google.com/search?ibp=oshop&q=Vivo&prds=productid:1995803433446402511,headlineOfferDocid:1995803433446402511,imageDocid:14884364334426038278,pvt:hg&hl=en&gl=us&udm=28",Vivo,,High,,,False,
vivo,mobile,vivo Y 51 Pro 5G Phone,21497.0,,,Ebay - One.Stop.Shoppee,,USD,False,"https://www.google.com/search?ibp=oshop&q=Vivo&prds=catalogid:737701392273602866,productid:8374327510616877454,headlineOfferDocid:9796701469156984477,imageDocid:1715168560917914982,gpcid:16475196785377918572,mid:576462883959910787,pvt:hg&hl=en&gl=us&udm=28",vivo,,High,,,False,
vivo,mobile,vivo T4x 5G Phone,17832.55,4.2,19.0,Ebay,Free delivery,USD,False,"https://www.google.com/search?ibp=oshop&q=Vivo&prds=catalogid:1855074261900934803,productid:1800235117605657442,headlineOfferDocid:11625079702411624386,rds:PC_7212758760538777712|PROD_PC_7212758760538777712,gpcid:7212758760538777712,mid:576462819643553877,pvt:hg&hl=en&gl=us&udm=28",vivo,3.7182929094215966,High,High,Low,True,0.004474962918931953
vivo,mobile,vivo V 70 Elite 5G Phone,47227.0,1.0,1.0,Ebay - One.Stop.Shoppee,,USD,False,"https://www.google.com/search?ibp=oshop&q=Vivo&prds=catalogid:12427021934698865603,productid:7664989880582536520,headlineOfferDocid:17712557307197198642,imageDocid:17916651407148115092,rds:PC_9946881937574870795|PROD_PC_9946881937574870795,gpcid:9946881937574870795,mid:576462881544250136,pvt:hg&hl=en&gl=us&udm=28",vivo,0.877258872223978,High,Low,Low,True,2.1174328244436444e-05
vivo,mobile,Official Global Version Vivo X20 601 Inch 4GB 64GB Smartphone Gold,40534.71,,,Geekbuying.Com,,USD,False,"https://www.google.com/search?ibp=oshop&q=Vivo&prds=productid:2676934487586008277,headlineOfferDocid:2676934487586008277,imageDocid:13790993812428384926,pvt:hg&hl=en&gl=us&udm=28",Official,,High,,,False,
vivo,mobile,Vivobarefoot Womens Sensus Shoes,4979.17,4.5,179.0,Sierra,,USD,False,"https://www.google.com/search?ibp=oshop&q=Vivo&prds=catalogid:15914298527545476615,productid:11111520708118194124,headlineOfferDocid:7852108390755892846,imageDocid:10814844135881030376,rds:PC_4465148093101411266|PROD_PC_4465148093101411266,gpcid:4465148093101411266,mid:576462771394115133,pvt:hg&hl=en&gl=us&udm=28",Vivobarefoot,4.777182740356084,High,High,Medium,True,0.16177395027685337
vivo,mobile,Vivo X300 Ultra 5G Smartphone,121677.17,4.9,878.0,Ebay - Likesell365,,USD,False,"https://www.google.com/search?ibp=oshop&q=Vivo&prds=catalogid:13370042521278860395,productid:13025976650668529232,headlineOfferDocid:14304383562321618934,imageDocid:4281652567502835824,rds:PC_13532948184088778801|PROD_PC_13532948184088778801,gpcid:13532948184088778801,mid:576462888042966548,pvt:hg&hl=en&gl=us&udm=28",Vivo,5.651513959074071,High,High,Medium,True,0.03535749557620382
vivo,mobile,Vivo V20 8gb Ram In 2021 8gb Ram 128gb Vivo V20 256gb Amazon Vivo V20 Review With Pros And,3901.0,,,Limes Academy,,USD,False,"https://www.google.com/search?ibp=oshop&q=Vivo&prds=productid:9208044015373286897,headlineOfferDocid:9208044015373286897,imageDocid:487274749637361324,pvt:hg&hl=en&gl=us&udm=28",Vivo,,High,,,False,
vivo,mobile,Vivo X100 Pro 5G,38910.4,4.8,281.0,Ebay - 5Gsmartphonestore,Free delivery,USD,False,"https://www.google.com/search?ibp=oshop&q=Vivo&prds=catalogid:10213752647547370163,productid:9311979335426337517,headlineOfferDocid:11736052681794814537,imageDocid:3901599215998416055,rds:PC_11599115531409523360|PROD_PC_11599115531409523360,gpcid:11599115531409523360,mid:576462762672181670,pvt:hg&hl=en&gl=us&udm=28",Vivo,5.136762828375245,High,High,Medium,True,0.03466425428677166
vivo,mobile,Garmin Vivomove Trend Smartwatch,24899.17,4.3,880.0,Garmin - United States,Free delivery by Mon,USD,False,"https://www.google.com/search?ibp=oshop&q=Vivo&prds=catalogid:2407631528428994118,productid:13819950599753120369,headlineOfferDocid:9253778864051210247,imageDocid:7415712490768281444,rds:PC_16402420171555854809|PROD_PC_16402420171555854809,gpcid:16402420171555854809,mid:576462854577743808,pvt:hg&hl=en&gl=us&udm=28",Garmin,5.292423050374472,High,High,Medium,True,0.1519729372505188
vivo,mobile,Vivobarefoot Primus Flow Womens,6972.0,3.8,70.0,Vivobarefoot,Free delivery on $120+,USD,False,"https://www.google.com/search?ibp=oshop&q=Vivo&prds=catalogid:13118641668154362622,productid:8535637845505137893,headlineOfferDocid:16667584635701798485,imageDocid:13612926104362160334,rds:PC_11091184906843827630|PROD_PC_11091184906843827630,gpcid:11091184906843827630,mid:576462815082786045,pvt:hg&hl=en&gl=us&udm=28",Vivobarefoot,3.985071950816526,High,Medium,Low,True,0.03815261044176707
vivo,mobile,vivo T5 Pro 5G Phone,28635.0,5.0,164.0,Ebay - One.Stop.Shoppee,,USD,False,"https://www.google.com/search?ibp=oshop&q=Vivo&prds=catalogid:9063011068073218963,productid:7762220997716638763,headlineOfferDocid:6954480903745813312,imageDocid:3197954514772910573,rds:PC_5815783446691921986|PROD_PC_5815783446691921986,gpcid:5815783446691921986,mid:576462889189655564,pvt:hg&hl=en&gl=us&udm=28",vivo,5.042378189560232,High,High,Medium,True,0.0286362842675048
vivo,mobile,Vivo Y21 5G Smartphone,14808.03,4.9,45.0,友和 Yoho,,USD,False,"https://www.google.com/search?ibp=oshop&q=Vivo&prds=catalogid:1966287581440929903,productid:10447646652056473053,headlineOfferDocid:18136787768971811293,imageDocid:8013164297342673302,rds:PC_4551126704461803439|PROD_PC_4551126704461803439,gpcid:4551126704461803439,mid:576462886940791903,pvt:hg&hl=en&gl=us&udm=28",Vivo,4.471456558595638,High,High,Low,True,0.014890569508570688
vivo,mobile,vivo X200 Pro 5G 512GB 16GB RAM Blue,79588.7,4.6,153.0,Ebay - One.Stop.Shoppee,,USD,False,"https://www.google.com/search?ibp=oshop&q=Vivo&prds=catalogid:11001011375118417596,productid:1735261787872617211,headlineOfferDocid:4395701830484542591,imageDocid:12676639098336498855,rds:PC_12821247379401184217|PROD_PC_12821247379401184217,gpcid:12821247379401184217,pvt:hg&hl=en&gl=us&udm=28",vivo,4.774781040965452,High,High,Medium,True,0.00884296388808964
vivo,mobile,Vivobarefoot Mens Primus Flow,9130.0,4.1,141.0,Revivo By Vivobarefoot,Free delivery on $120+,USD,False,"https://www.google.com/search?ibp=oshop&q=Vivo&prds=catalogid:8228367697013523958,productid:15011988749385185832,headlineOfferDocid:12907876725006203952,imageDocid:13612926104362160334,rds:PC_9064127807363935574|PROD_PC_9064127807363935574,gpcid:9064127807363935574,mid:576462516936333577,pvt:hg&hl=en&gl=us&udm=28",Vivobarefoot,4.442330823040503,High,High,Medium,True,0.06331872946330777
vivo,mobile,vivo Y400 Pro 5G Phone,39010.0,4.0,7.0,Ebay,Free delivery,USD,False,"https://www.google.com/search?ibp=oshop&q=Vivo&prds=catalogid:11313228776344521546,productid:10102918882186434903,headlineOfferDocid:15157878140616793218,imageDocid:6533013306669784050,rds:PC_4030564779211160233|PROD_PC_4030564779211160233,gpcid:4030564779211160233,mid:576462834916742934,pvt:hg&hl=en&gl=us&udm=28",vivo,3.2317766166719344,High,Medium,Low,True,0.0007177646757241733
vivo,mobile,Vivobarefoot Primus Trail Flow Womens,11039.0,4.0,19.0,Vivobarefoot,Free delivery,USD,False,"https://www.google.com/search?ibp=oshop&q=Vivo&prds=catalogid:18249413073187031724,productid:9939144760536692471,headlineOfferDocid:7656361911482919819,imageDocid:14996210353897543538,rds:PC_8847580578617956929|PROD_PC_8847580578617956929,gpcid:8847580578617956929,mid:576462863862709777,pvt:hg&hl=en&gl=us&udm=28",Vivobarefoot,3.5982929094215965,High,Medium,Low,True,0.0068846815834767644
vivo,mobile,vivo V50 12gb 67,42994.0,4.8,3000.0,Ebay - Soundsolutions_Worldwide,Free delivery,USD,False,"https://www.google.com/search?ibp=oshop&q=Vivo&prds=catalogid:3474427161112542282,productid:10009613197368850888,headlineOfferDocid:3480815050824227561,imageDocid:11498457037662999467,rds:PC_8994858988823932495|PROD_PC_8994858988823932495,gpcid:8994858988823932495,mid:576462816953095362,pvt:hg&hl=en&gl=us&udm=28",vivo,6.0826803381761465,High,High,High,True,0.33493045541238314
vivo,mobile,Garmin vivosmart 5,12449.17,4.0,2800.0,Best Buy,Free delivery by Sat,USD,False,"https://www.google.com/search?ibp=oshop&q=Vivo&prds=catalogid:18357166239817761858,productid:3387416314563525830,headlineOfferDocid:970560163964701258,imageDocid:2169468597451908628,rds:PC_8813342061987079288|PROD_PC_8813342061987079288,gpcid:8813342061987079288,mid:576462775330093656,pvt:hg&hl=en&gl=us&udm=28",Garmin,5.575092710104044,High,Medium,High,True,0.8996583707990171
vivo,mobile,Mastercard 100 OFF vivo X90 12GB8GB256GB 5G Smartphone,29050.0,4.5,11.0,Ebay - One.Stop.Shoppee,,USD,False,"https://www.google.com/search?ibp=oshop&q=Vivo&prds=catalogid:6728752037158477214,productid:10352083608963177785,headlineOfferDocid:10344395165072655541,imageDocid:9217638806734790502,rds:PC_4759732433824077502|PROD_PC_4759732433824077502,gpcid:4759732433824077502,mid:576462879105657288,pvt:hg&hl=en&gl=us&udm=28",Mastercard,3.6939626599152,High,High,Low,True,0.0017039586919104992
vivo,mobile,Vivobarefoot Mens Primus Trail Flow Mid Boots,12782.0,4.1,60.0,Vivobarefoot,Free delivery,USD,False,"https://www.google.com/search?ibp=oshop&q=Vivo&prds=catalogid:11243136888351770460,productid:892081813937566508,headlineOfferDocid:14501892667916030251,imageDocid:10262225257681759877,rds:PC_832130379497091136|PROD_PC_832130379497091136,gpcid:832130379497091136,mid:576462832807741679,pvt:hg&hl=en&gl=us&udm=28",Vivobarefoot,4.104349545669324,High,High,Low,True,0.019245814426537316
vivo,mobile,vivo V29 5G Smartphone,44820.0,4.8,986.0,Ebay - Soundsolutions_Worldwide,Free delivery,USD,False,"https://www.google.com/search?ibp=oshop&q=Vivo&prds=catalogid:605018498745472909,productid:15188492602729635875,headlineOfferDocid:2800111370004644681,imageDocid:3727068617648135000,rds:PC_16457251350742553936|PROD_PC_16457251350742553936,gpcid:16457251350742553936,mid:576462863779199233,pvt:hg&hl=en&gl=us&udm=28",vivo,5.6378680157733925,High,High,Medium,True,0.10559571619812584
vivo,mobile,Vivobarefoot Womens Primus Trail Flow Mid Boots,14110.0,4.0,22.0,Revivo By Vivobarefoot,Free delivery,USD,False,"https://www.google.com/search?ibp=oshop&q=Vivo&prds=catalogid:1466029493352678080,productid:16910241407066699085,headlineOfferDocid:12654417039284243730,imageDocid:17870941610868057847,rds:PC_57026737755213020|PROD_PC_57026737755213020,gpcid:57026737755213020,mid:576462830307942882,pvt:hg&hl=en&gl=us&udm=28",Vivobarefoot,3.65419768637166,High,Medium,Low,True,0.006236711552090716
vivo,mobile,vivo X 300 FE 5G Phone,43907.0,4.7,139.0,Ebay - Lifestylegallery2010,Free delivery,USD,False,"https://www.google.com/search?ibp=oshop&q=Vivo&prds=catalogid:2778609929414663683,productid:6132202445017559141,headlineOfferDocid:4922505228596752256,imageDocid:14596304228264085681,rds:PC_11590105150961403641|PROD_PC_11590105150961403641,gpcid:11590105150961403641,mid:576462884839413378,pvt:hg&hl=en&gl=us&udm=28",vivo,4.796656969043721,High,High,Medium,True,0.014879176441114174
vivo,mobile,Vivobarefoot Primus Trail Flow Mens,11039.0,4.3,30.0,Vivobarefoot,Free delivery,USD,False,"https://www.google.com/search?ibp=oshop&q=Vivo&prds=catalogid:1757559113445566107,productid:6288005375018575727,headlineOfferDocid:126094050402818938,imageDocid:2816730857781364046,rds:PC_9417133826810885242|PROD_PC_9417133826810885242,gpcid:9417133826810885242,mid:576462836158960719,pvt:hg&hl=en&gl=us&udm=28",Vivobarefoot,3.953594881794058,High,High,Low,True,0.011685841108796087
vivo,mobile,Vivo Y19s 67,15687.0,4.9,8100.0,Ebay - One.Stop.Shoppee,,USD,False,"https://www.google.com/search?ibp=oshop&q=Vivo&prds=catalogid:6472791403299501991,productid:9047800030445286489,headlineOfferDocid:14831443491474438407,imageDocid:8820989529534562373,rds:PC_15326257138536901460|PROD_PC_15326257138536901460,gpcid:15326257138536901460,mid:576462859587695345,pvt:hg&hl=en&gl=us&udm=28",Vivo,6.539897115932197,High,High,High,True,2.5301204819277108
vivo,mobile,Asus Vivobook Go 15 156 FHD AMD Ryzen 5 40 Laptop,35690.0,4.3,59.0,Best Buy,,USD,False,"https://www.google.com/search?ibp=oshop&q=Vivo&prds=catalogid:10926018676271345086,productid:8119067224274957569,headlineOfferDocid:13851000189127569543,imageDocid:12605463005144614251,rds:PC_5889331782187114897|PROD_PC_5889331782187114897,gpcid:5889331782187114897,pvt:hg&hl=en&gl=us&udm=28",Asus,4.2177378248888395,High,High,Low,True,0.007108433734939758
vivo,mobile,vivo X100 Android 14 Smartphone,103749.17,4.8,67.0,Ebay - Multistore4All,Free delivery,USD,False,"https://www.google.com/search?ibp=oshop&q=Vivo&prds=catalogid:1295168257222397576,productid:5133342436228113422,headlineOfferDocid:7828181845663438717,imageDocid:14258848146123212966,rds:PC_16483103908187640868|PROD_PC_16483103908187640868,gpcid:16483103908187640868,mid:576462823566166536,pvt:hg&hl=en&gl=us&udm=28",vivo,4.5678030820704425,High,High,Low,True,0.0030997838344152535
vivo,mobile,Vivobarefoot Tracker Textile AT Womens,14940.0,4.7,6.0,Revivo By Vivobarefoot,Free delivery,USD,False,"https://www.google.com/search?ibp=oshop&q=Vivo&prds=catalogid:7184581821119449107,productid:6520985153980724364,headlineOfferDocid:11422466537412965818,imageDocid:5482871367057143426,rds:PC_10164897697281440683|PROD_PC_10164897697281440683,gpcid:10164897697281440683,mid:576462492997339681,pvt:hg&hl=en&gl=us&udm=28",Vivobarefoot,3.598364059622125,High,High,Low,True,0.001887550200803213
vivo,mobile,Vivo T4 5G,27635.68,4.8,5.0,Ebay - One.Stop.Shoppee,,USD,False,"https://www.google.com/search?ibp=oshop&q=Vivo&prds=catalogid:590424587768895242,productid:2627134812913516903,headlineOfferDocid:2582146592233877389,rds:PC_16478055662144515017|PROD_PC_16478055662144515017,gpcid:16478055662144515017,mid:576462828271374769,pvt:hg&hl=en&gl=us&udm=28",Vivo,3.596703787691222,High,High,Low,True,0.0008684425351574486
vivo,mobile,Vivobarefoot Primus Flow Mens Barefoot Road Running size 13,6972.0,4.1,138.0,Vivobarefoot,Free delivery on $120+,USD,False,"https://www.google.com/search?ibp=oshop&q=Vivo&prds=productid:15797267248030861254,headlineOfferDocid:15797267248030861254,imageDocid:13612926104362160334,rds:PC_3768238176305243584|PROD_PC_3768238176305243584,pvt:hg&hl=en&gl=us&udm=28",Vivobarefoot,4.433789573252277,High,High,Medium,True,0.08115318416523234
vivo,mobile,Genuine Vivo X300 Pro Master Photography Edition BLUE 1TB 16GB China Model  6 in or More  More than 200 MP  WiFi  Android  Touchscreen,132717.0,,,Ebay,Free delivery,USD,False,"https://www.google.com/search?ibp=oshop&q=Vivo&prds=productid:6328131722029289704,headlineOfferDocid:6328131722029289704,imageDocid:10545501285106133473,pvt:hg&hl=en&gl=us&udm=28",Genuine,,High,,,False,
vivo,mobile,Vivobarefoot Primus Lite Knit Natural Womens,14110.0,4.1,224.0,Rei,Free delivery,USD,False,"https://www.google.com/search?ibp=oshop&q=Vivo&prds=catalogid:4503755685491628640,productid:2644998575526749466,headlineOfferDocid:16969486011940480256,imageDocid:5198011935549890489,rds:PC_12506329682296467519|PROD_PC_12506329682296467519,gpcid:12506329682296467519,mid:576462820838628860,pvt:hg&hl=en&gl=us&udm=28",Vivobarefoot,4.626440160881767,High,High,Medium,True,0.06508858965272855
vivo,mobile,Vivo V60 Lite 5G Smartphone 677 12Gb 512Gb Black,41511.62,4.9,3100.0,Ebay - Globaltone05,Free delivery,USD,False,"https://www.google.com/search?ibp=oshop&q=Vivo&prds=catalogid:10902235882043548583,productid:15094722054385597211,headlineOfferDocid:1530918615363250295,imageDocid:9621100025637152156,rds:PC_8479612586089355488|PROD_PC_8479612586089355488,gpcid:8479612586089355488,mid:576462550431828152,pvt:hg&hl=en&gl=us&udm=28",Vivo,6.15579196764018,High,High,High,True,0.3659216383268107
vivo,mobile,Men Vivobarefoot Sensus,12450.0,4.4,300.0,Revivo By Vivobarefoot,Free delivery,USD,False,"https://www.google.com/search?ibp=oshop&q=Vivo&prds=catalogid:8362155865001261326,productid:10748061407941337908,headlineOfferDocid:4299633276546368183,imageDocid:12015605175835282009,rds:PC_7335955165382725|PROD_PC_7335955165382725,gpcid:7335955165382725,mid:576462771393619102,pvt:hg&hl=en&gl=us&udm=28",Men,4.92284410589955,High,High,Medium,True,0.10602409638554217
vivo,mobile,Vivo Y19 653 128GB Spring White,7760.5,4.6,520.0,Ebay - Phoneandaccessory,,USD,False,"https://www.google.com/search?ibp=oshop&q=Vivo&prds=catalogid:9798480715666262671,productid:5911424839495430846,headlineOfferDocid:11116932919132728618,imageDocid:14451000401305673801,rds:PC_9886161905014003962|PROD_PC_9886161905014003962,gpcid:9886161905014003962,mid:576462853240679549,pvt:hg&hl=en&gl=us&udm=28",Vivo,5.262300016701347,High,High,Medium,True,0.3082275626570453
vivo,mobile,Vivobarefoot Primus Flow Mens Barefoot Road Running size 12,6972.0,4.1,137.0,Vivobarefoot,Free delivery on $120+,USD,False,"https://www.google.com/search?ibp=oshop&q=Vivo&prds=productid:10022336220785727975,headlineOfferDocid:10022336220785727975,imageDocid:18078856251951313195,rds:PC_9231265505042795790|PROD_PC_9231265505042795790,pvt:hg&hl=en&gl=us&udm=28",Vivobarefoot,4.430901474062882,High,High,Medium,True,0.08056511761331038
vivo,mobile,vivo V30 5G Smartphone,47642.0,4.8,809.0,Ebay,Free delivery,USD,False,"https://www.google.com/search?ibp=oshop&q=Vivo&prds=catalogid:1900504614117391485,productid:8601428097271128373,headlineOfferDocid:7157430841211297445,rds:PC_11234179776842186479|PROD_PC_11234179776842186479,gpcid:11234179776842186479,mid:576462769396606784,pvt:hg&hl=en&gl=us&udm=28",vivo,5.558813699066594,High,High,Medium,True,0.08150791318584442
nokia,mobile,Nokia 105 4G GSM Unlocked Mobile Phone,4979.17,4.2,4700.0,Walmart - Virtual Depot,Free delivery,USD,False,"https://www.google.com/search?ibp=oshop&q=Nokia&prds=catalogid:8884951865369389809,productid:2933310917005392961,headlineOfferDocid:18065560749761852407,imageDocid:13197319889532110848,rds:PC_16477983328762973648|PROD_PC_16477983328762973648,gpcid:16477983328762973648,mid:576462460512351156,pvt:hg&hl=en&gl=us&udm=28",Nokia,5.902212212409653,High,High,High,True,3.9645161743824775
nokia,mobile,Nokia  2780 Flip Phone Unlocked  Black,8299.17,3.8,588.0,Best Buy,,USD,False,"https://www.google.com/search?ibp=oshop&q=Nokia&prds=productid:5011075800613424578,headlineOfferDocid:5011075800613424578,imageDocid:12716905705737662622,rds:PC_3417045310835387500|PROD_PC_3417045310835387500,pvt:hg&hl=en&gl=us&udm=28",Nokia,4.831370473460634,High,Medium,Medium,True,0.26923174245135356
nokia,mobile,Nokia 83 5G TA1243 128GB Dual SIM Unlocked,7381.19,4.3,280.0,Ebay - Chonglietech,Free delivery,USD,False,"https://www.google.com/search?ibp=oshop&q=Nokia&prds=catalogid:8655452217730602226,productid:3350305025724157801,headlineOfferDocid:9727927672477341535,imageDocid:6168994758368178719,rds:PC_901389335228294528|PROD_PC_901389335228294528,gpcid:901389335228294528,mid:576462325569928827,pvt:hg&hl=en&gl=us&udm=28",Nokia,4.835341867733498,High,High,Medium,True,0.16311732931952708
nokia,mobile,Nokia G60 5G,18259.17,4.3,118.0,Cellification.Com,Free delivery by Wed,USD,False,"https://www.google.com/search?ibp=oshop&q=Nokia&prds=catalogid:8863978535262867559,productid:11764706665406745881,headlineOfferDocid:10110682550487848927,imageDocid:14668676741270255189,rds:PC_2637055571241759713|PROD_PC_2637055571241759713,gpcid:2637055571241759713,mid:576462690311511147,pvt:hg&hl=en&gl=us&udm=28",Nokia,4.491649397244611,High,High,Medium,True,0.02778877681734712
nokia,mobile,Nokia 5310,2950.65,4.1,1600.0,Ebay - Utechmobile,,USD,False,"https://www.google.com/search?ibp=oshop&q=Nokia&prds=catalogid:15275686916332168394,productid:14385821429265656631,headlineOfferDocid:10218450419792156150,imageDocid:1919409837875638460,rds:PC_9503385221192993158|PROD_PC_9503385221192993158,gpcid:9503385221192993158,mid:576462325570249740,pvt:hg&hl=en&gl=us&udm=28",Nokia,5.411353485198685,High,High,High,True,2.2232389473505836
nokia,mobile,Nokia Lumia 1020 Smartphone,11620.0,4.4,305.0,Techdaddy Accs,Free delivery,USD,False,"https://www.google.com/search?ibp=oshop&q=Nokia&prds=catalogid:17954261850983841642,productid:15005609972793581402,headlineOfferDocid:5955999677363574292,imageDocid:6931813045726336267,rds:PC_8177627643785230129|PROD_PC_8177627643785230129,gpcid:8177627643785230129,mid:913998865,pvt:hg&hl=en&gl=us&udm=28",Nokia,4.9294340407809525,High,High,Medium,True,0.11549053356282273
nokia,mobile,Nokia 2780  Kai OS Flip Phone Unlocked,11537.0,3.8,588.0,Dumb Wireless,Free delivery by Sun,USD,False,"https://www.google.com/search?ibp=oshop&q=Nokia&prds=productid:5247033909488087667,headlineOfferDocid:5247033909488087667,imageDocid:16579424623559191489,rds:PC_3417045310835387500|PROD_PC_3417045310835387500,pvt:hg&hl=en&gl=us&udm=28",Nokia,4.831370473460634,High,Medium,Medium,True,0.19367253185403485
nokia,mobile,Nokia 9 Pureview 128GB GSM Unlocked Android,13652.67,4.5,117.0,Ebay - 1-Dna,,USD,False,"https://www.google.com/search?ibp=oshop&q=Nokia&prds=catalogid:448249591077810862,productid:992343599785135579,headlineOfferDocid:1008118878005905192,imageDocid:2160703477565624377,rds:PC_10408036698299049745|PROD_PC_10408036698299049745,gpcid:10408036698299049745,mid:576462317052881035,pvt:hg&hl=en&gl=us&udm=28",Nokia,4.608273849786266,High,High,Medium,True,0.038563885305951145
nokia,mobile,Nokia C300,24899.17,3.0,83.0,Montgomery Ward,,USD,False,"https://www.google.com/search?ibp=oshop&q=Nokia&prds=catalogid:6075242320369173529,productid:4478144635764966613,headlineOfferDocid:12526061854730986735,imageDocid:12145344973958691833,rds:PC_12800928234731426425|PROD_PC_12800928234731426425,gpcid:12800928234731426425,mid:576462839511612211,pvt:hg&hl=en&gl=us&udm=28",Nokia,3.572326719537325,High,Medium,Low,True,0.010000333344444815
nokia,mobile,Verizon Nokia 2V Tella Prepaid Cell Phones,5727.0,2.1,46.0,Walmart,Free delivery,USD,False,"https://www.google.com/search?ibp=oshop&q=Nokia&prds=productid:15944495196917471506,headlineOfferDocid:15944495196917471506,imageDocid:11336134996213240077,rds:PC_13659996715866447159|PROD_PC_13659996715866447159,pvt:hg&hl=en&gl=us&udm=28",Verizon,2.8000590406840233,High,Medium,Low,True,0.016867469879518072
nokia,mobile,Nokia 6300 4G,5976.0,4.0,1200.0,Ebay - Luckystore111,,USD,False,"https://www.google.com/search?ibp=oshop&q=Nokia&prds=catalogid:8702635084464502825,productid:3999161018861470470,headlineOfferDocid:5269821213968123685,imageDocid:287089930625450348,rds:PC_13960227695771018192|PROD_PC_13960227695771018192,gpcid:13960227695771018192,mid:576462632343395573,pvt:hg&hl=en&gl=us&udm=28",Nokia,5.236363928831993,High,Medium,High,True,0.8032128514056225
nokia,mobile,Nokia 1 Android One Go Edition Smartphone,11717.11,4.2,298.0,Electronicsforce.Com,Free delivery by Tue,USD,False,"https://www.google.com/search?ibp=oshop&q=Nokia&prds=catalogid:1722688118791377043,productid:6906475557496956628,headlineOfferDocid:11899372141589349731,imageDocid:9771195985299071593,rds:PC_15820226897041792909|PROD_PC_15820226897041792909,gpcid:15820226897041792909,mid:576462303508004146,pvt:hg&hl=en&gl=us&udm=28",Nokia,4.800177429356275,High,High,Medium,True,0.10681814884387021
nokia,mobile,Nokia 2780 Flip Phone,6027.46,3.8,588.0,Ebay - Tech-Link-All,,USD,False,"https://www.google.com/search?ibp=oshop&q=Nokia&prds=catalogid:4853165066075626209,productid:8140927736903055291,headlineOfferDocid:3397417662284414551,imageDocid:15573781244352563531,rds:PC_3417045310835387500|PROD_PC_3417045310835387500,gpcid:3417045310835387500,mid:576462694891853788,pvt:hg&hl=en&gl=us&udm=28",Nokia,4.831370473460634,High,Medium,Medium,True,0.3707034140417357
nokia,mobile,Nokia 6 32GB Unlocked Smartphone,11204.17,4.3,873.0,Cellification.Com,Free delivery by Wed,USD,False,"https://www.google.com/search?ibp=oshop&q=Nokia&prds=catalogid:5562158906330590400,productid:1936777904091222994,headlineOfferDocid:12504016307375278274,imageDocid:1670768120925202754,rds:PC_9974016020120336588|PROD_PC_9974016020120336588,gpcid:9974016020120336588,mid:576462232661840779,pvt:hg&hl=en&gl=us&udm=28",Nokia,5.2892321502622135,High,High,Medium,True,0.33504489846191193
nokia,mobile,Nokia 6210 Cellular Phone,4178.22,4.2,20.0,Ebay - Cell-On-Sale,,USD,False,"https://www.google.com/search?ibp=oshop&q=Nokia&prds=catalogid:7691904561211717369,productid:8261764010691929096,headlineOfferDocid:1356478415793991593,imageDocid:4984358772151570863,rds:PC_13318868472404342419|PROD_PC_13318868472404342419,gpcid:13318868472404342419,mid:329413835,pvt:hg&hl=en&gl=us&udm=28",Nokia,3.7378089750893695,High,High,Low,True,0.02010425492195241
nokia,mobile,Nokia C210 32GB  Gray  Locked TMobile,8632.0,,,Back Market,,USD,False,"https://www.google.com/search?ibp=oshop&q=Nokia&prds=productid:4341319549844266524,headlineOfferDocid:4341319549844266524,imageDocid:17572980046605320156,pvt:hg&hl=en&gl=us&udm=28",Nokia,,High,,,False,
nokia,mobile,Nokia N900 Smartphone,9685.27,4.5,8.0,Ebay - Globalmobilephone,,USD,False,"https://www.google.com/search?ibp=oshop&q=Nokia&prds=catalogid:9073925572986201274,productid:4151236994827773266,headlineOfferDocid:12768998802171283866,imageDocid:7071702897823469927,rds:PC_5674169139077830152|PROD_PC_5674169139077830152,gpcid:5674169139077830152,mid:576462771741203868,pvt:hg&hl=en&gl=us&udm=28",Nokia,3.5788898309344876,High,High,Low,True,0.0037169846581458234
nokia,mobile,Consumer Cellular Nokia G400 5G 64gb Gray  Smartphone,10532.7,4.0,26.0,Walmart - Vipoutlet,Free delivery,USD,False,"https://www.google.com/search?ibp=oshop&q=Nokia&prds=productid:10391516992700290312,headlineOfferDocid:10391516992700290312,imageDocid:1462089380365259969,rds:PC_10725351032047139726|PROD_PC_10725351032047139726,pvt:hg&hl=en&gl=us&udm=28",Consumer,3.7183347464017316,High,Medium,Low,True,0.009874011412078573
nokia,mobile,Nokia 6303 Classic Feature Phone,3402.17,4.3,153.0,Ebay - Lt-Trading,,USD,False,"https://www.google.com/search?ibp=oshop&q=Nokia&prds=catalogid:18298595269604781521,productid:13389321050224247656,headlineOfferDocid:3283742531250755967,imageDocid:12346375055066823340,rds:PC_1743338190657818060|PROD_PC_1743338190657818060,gpcid:1743338190657818060,mid:317375574,pvt:hg&hl=en&gl=us&udm=28",Nokia,4.594781040965452,High,High,Medium,True,0.19337658024143414
nokia,mobile,Nokia G400 5G  Verizon ATT TMobile  Android 12  Unlocked Smartphone  3Day Battery  US Version  464GB  658Inch Screen  48MP Triple,2954.8,,,Bebeochaud.Com,,USD,False,"https://www.google.com/search?ibp=oshop&q=Nokia&prds=productid:4891779957454476700,headlineOfferDocid:4891779957454476700,imageDocid:9294201804482949600,pvt:hg&hl=en&gl=us&udm=28",Nokia,,High,,,False,
nokia,mobile,Nokia G50 5G 128GB GSM Phone,9223.79,4.4,521.0,Ebay - Lt-Trading,,USD,False,"https://www.google.com/search?ibp=oshop&q=Nokia&prds=catalogid:8892849393381950005,productid:16707625228530915301,headlineOfferDocid:3210290881903290386,imageDocid:15705120336397744325,rds:PC_17268747929361528872|PROD_PC_17268747929361528872,gpcid:17268747929361528872,mid:576462848658541109,pvt:hg&hl=en&gl=us&udm=28",Nokia,5.143067035153056,High,High,Medium,True,0.24853124366448065
nokia,mobile,Refurbished Nokia Unlocked Original Nokia 2323 Classic GSM Mobile Phone With 1 SIM charger,2008.6,4.6,12.0,Etsy - Seller,,USD,False,"https://www.google.com/search?ibp=oshop&q=Nokia&prds=catalogid:2670024330278877162,productid:9519223363079279986,headlineOfferDocid:10769130436413168973,imageDocid:7296295395373172947,rds:PC_16683072586720587731|PROD_PC_16683072586720587731,gpcid:16683072586720587731,mid:576460820942415752,pvt:hg&hl=en&gl=us&udm=28",Refurbished,3.7859797429846145,High,High,Low,True,0.02748182813900229
nokia,mobile,Nokia 2720 Flip,6805.169999999999,3.3,1400.0,Ebay - Jingyu2014,,USD,False,"https://www.google.com/search?ibp=oshop&q=Nokia&prds=catalogid:6239281578657816646,productid:14768088470566701899,headlineOfferDocid:12315941577643735106,imageDocid:515310063003077930,rds:PC_18291227296811503834|PROD_PC_18291227296811503834,gpcid:18291227296811503834,mid:576462321526079317,pvt:hg&hl=en&gl=us&udm=28",Nokia,4.877976618534802,High,Medium,High,True,0.6788956043713824
nokia,mobile,New nokia 472704a103 Black,107899.17,,,Walmart - Mega Mart Warehouse Llc,,USD,False,"https://www.google.com/search?ibp=oshop&q=Nokia&prds=catalogid:16326067870135273048,productid:3580703137389445118,headlineOfferDocid:16089507052068053588,imageDocid:11941357276529451734,pvt:hg&hl=en&gl=us&udm=28",New,,High,,,False,
nokia,mobile,Nokia N91 3G Smartphone,10083.67,5.0,2.0,Ebay - Digital-Home888,,USD,False,"https://www.google.com/search?ibp=oshop&q=Nokia&prds=catalogid:647033380035339812,productid:3702352018317440233,headlineOfferDocid:14017144030291567298,imageDocid:8005595251539597749,rds:PC_13140556782036937147|PROD_PC_13140556782036937147,gpcid:13140556782036937147,mid:576462445962675270,pvt:hg&hl=en&gl=us&udm=28",Nokia,3.439444915467244,High,High,Low,True,0.0009917024258033038
nokia,mobile,Nokia 22 TA1179 32GB GSM Unlocked Android Phone,10374.17,4.1,278.0,Cellification.Com,Free delivery by Wed,USD,False,"https://www.google.com/search?ibp=oshop&q=Nokia&prds=catalogid:1248728781553755959,productid:17468568631855888705,headlineOfferDocid:13349187052802251902,imageDocid:17655740153461604534,rds:PC_2514644572806988823|PROD_PC_2514644572806988823,gpcid:2514644572806988823,mid:576462380863948448,pvt:hg&hl=en&gl=us&udm=28",Nokia,4.712484712728546,High,High,Medium,True,0.10986903048629432
nokia,mobile,Nokia C32 Dual SIM,121177.51,4.1,833.0,Ebay,Free delivery,USD,False,"https://www.google.com/search?ibp=oshop&q=Nokia&prds=catalogid:18308360874934076128,productid:5241703740861414181,headlineOfferDocid:3644571476945265676,imageDocid:1151531684190269944,rds:PC_12121769624499720638|PROD_PC_12121769624499720638,gpcid:12121769624499720638,mid:576462726360318565,pvt:hg&hl=en&gl=us&udm=28",Nokia,5.150493360943498,High,High,Medium,True,0.028184272807718198
nokia,mobile,Nokia 24 Smartphone,11052.28,4.3,395.0,Glocalzone,,USD,False,"https://www.google.com/search?ibp=oshop&q=Nokia&prds=productid:10353669960389928824,headlineOfferDocid:10353669960389928824,imageDocid:2494342613305894646,rds:PC_7147453493394813380|PROD_PC_7147453493394813380,pvt:hg&hl=en&gl=us&udm=28",Nokia,4.972565684501792,High,High,Medium,True,0.1536786979700116
nokia,mobile,Nokia 2730 Classic Mobile Phone,2535.65,4.2,177.0,Ebay - Plustoptrade,,USD,False,"https://www.google.com/search?ibp=oshop&q=Nokia&prds=catalogid:502919876996010815,productid:10309338826101217688,headlineOfferDocid:18135176272262308084,imageDocid:9616406893473426029,rds:PC_7706503121865685680|PROD_PC_7706503121865685680,gpcid:7706503121865685680,mid:317062206,pvt:hg&hl=en&gl=us&udm=28",Nokia,4.592713420116834,High,High,Medium,True,0.2931792636996431
nokia,mobile,Das Companies Solo Bud 2 Pro,2075.0,,,Walmart - Spice Mobile,Free delivery,USD,False,"https://www.google.com/search?ibp=oshop&q=Nokia&prds=catalogid:2440748937093385686,productid:6698994149151199914,headlineOfferDocid:13309918201926909890,imageDocid:16132796614515162770,gpcid:15625719992979245332,mid:576462867954407997,pvt:hg&hl=en&gl=us&udm=28",Das,,High,,,False,
nokia,mobile,Nokia 225 4G GSM Unlocked,4632.2300000000005,3.7,793.0,Ebay - 8Smartbiz,,USD,False,"https://www.google.com/search?ibp=oshop&q=Nokia&prds=catalogid:7995722432994215502,productid:790015874207486268,headlineOfferDocid:10709168866280371246,imageDocid:10798480169710161115,rds:PC_7646743024742168646|PROD_PC_7646743024742168646,gpcid:7646743024742168646,mid:576462788738124606,pvt:hg&hl=en&gl=us&udm=28",Nokia,4.890833384498855,High,Medium,Medium,True,0.6334098263687252
nokia,mobile,Nokia 14 DualSIM 16GB ROM  1GB RAM GSM Only  No CDMA Factory Unlocked 4GLTE Smartphone Fjord  International Version,2988.0,,,Gps Ubicacion,,USD,False,"https://www.google.com/search?ibp=oshop&q=Nokia&prds=productid:7312646681059023291,headlineOfferDocid:7312646681059023291,imageDocid:14722246917480422373,pvt:hg&hl=en&gl=us&udm=28",Nokia,,High,,,False,
nokia,mobile,Nokia 8110 4G 4GB,5421.56,4.2,660.0,Ebay - Plustradenb,,USD,False,"https://www.google.com/search?ibp=oshop&q=Nokia&prds=catalogid:2428563964781930457,productid:7386808205252378732,headlineOfferDocid:1617810513875792459,imageDocid:14847704737491160853,rds:PC_6933180314064277858|PROD_PC_6933180314064277858,gpcid:6933180314064277858,mid:576462303538818040,pvt:hg&hl=en&gl=us&udm=28",Nokia,5.117501535940674,High,High,Medium,True,0.5112919528696537
nokia,mobile,Nokia G400 5G,8216.17,3.9,110.0,Back Market,,USD,False,"https://www.google.com/search?ibp=oshop&q=Nokia&prds=catalogid:10799219262856821953,productid:3505015157823098832,headlineOfferDocid:18308271724389317474,imageDocid:585026637843846654,rds:PC_7589394365651370966|PROD_PC_7589394365651370966,gpcid:7589394365651370966,mid:576462762271948016,pvt:hg&hl=en&gl=us&udm=28",Nokia,4.223812080524933,High,Medium,Medium,True,0.05221410949383959
nokia,mobile,Nokia 6233 GSM Triband Cell Phone Unlocked,4290.27,4.2,17.0,Ebay - Tech-Link-All,,USD,False,"https://www.google.com/search?ibp=oshop&q=Nokia&prds=catalogid:3665778626077373498,productid:4591978094195185465,headlineOfferDocid:11323346553128152982,imageDocid:1116124407263221313,rds:PC_1845603484723423566|PROD_PC_1845603484723423566,gpcid:1845603484723423566,mid:576462447145082637,pvt:hg&hl=en&gl=us&udm=28",Nokia,3.676148703158466,High,High,Low,True,0.016642309225293514
nokia,mobile,Nokia 5G G300,9129.17,2.5,373.0,Ebay,Free delivery,USD,False,"https://www.google.com/search?ibp=oshop&q=Nokia&prds=catalogid:10249356902874168243,productid:8433234236488502463,headlineOfferDocid:4863608153161813490,imageDocid:2147302966408655469,rds:PC_10765363945754251555|PROD_PC_10765363945754251555,gpcid:10765363945754251555,mid:576462801873303343,pvt:hg&hl=en&gl=us&udm=28",Nokia,3.869702318965813,High,Medium,Medium,True,0.1021451019095931
nokia,mobile,Nokia 5800 XpressMusic Smartphone,3652.83,4.2,101.0,Ebay - Top4Easy,,USD,False,"https://www.google.com/search?ibp=oshop&q=Nokia&prds=catalogid:13389221664609232717,productid:8033938560571091687,headlineOfferDocid:12079678568793614389,imageDocid:7514304214530518289,rds:PC_14918993037967538233|PROD_PC_14918993037967538233,gpcid:14918993037967538233,mid:148913398,pvt:hg&hl=en&gl=us&udm=28",Nokia,4.369989125313708,High,High,Medium,True,0.11612913822981087
nokia,mobile,Nokia 2720 Fold Cellular Phone,2468.42,3.8,18.0,Ebay - Prolite_Cellular_Phones_And_Collectables,,USD,False,"https://www.google.com/search?ibp=oshop&q=Nokia&prds=catalogid:5087003604127461186,productid:4213722368295824514,headlineOfferDocid:713361492012079457,imageDocid:8449277447999609637,rds:PC_5873123193123923789|PROD_PC_5873123193123923789,gpcid:5873123193123923789,pvt:hg&hl=en&gl=us&udm=28",Nokia,3.457775591666576,High,Medium,Low,True,0.027710033138606878
nokia,mobile,Nokia 150 Dual SIM Mobile Phone,4066.17,4.6,4300.0,Ebay - Cell-On-Sale,,USD,False,"https://www.google.com/search?ibp=oshop&q=Nokia&prds=catalogid:10277242390447712305,productid:3457620708350215755,headlineOfferDocid:3357868791038277455,imageDocid:17557239208447955259,rds:PC_5194583248489105352|PROD_PC_5194583248489105352,gpcid:5194583248489105352,mid:576462256382686170,pvt:hg&hl=en&gl=us&udm=28",Nokia,6.106641133113494,High,High,High,True,4.864528536681939
nokia,mobile,For Nokia C100 Wireless Earbuds Bluetooth 50 Headphones in Ear with Charging Case HandsFree Headset with Mic HiFi Stereo Sound Touch Control ,2074.17,,,Walmart - Mflel Llc,Free delivery,USD,False,"https://www.google.com/search?ibp=oshop&q=Nokia&prds=productid:2334517598168784251,headlineOfferDocid:2334517598168784251,imageDocid:12673502090756945684,pvt:hg&hl=en&gl=us&udm=28",For,,High,,,False,
google,mobile,Google 4K TV Streamer,6639.169999999999,4.3,10000.0,Google Store,Free delivery,USD,False,"https://www.google.com/search?ibp=oshop&q=Google&prds=catalogid:2420969843070369453,productid:7720044753892009274,headlineOfferDocid:6494294190496365082,imageDocid:16129708935267963805,rds:PC_8598301238837913435|PROD_PC_8598301238837913435,gpcid:8598301238837913435,mid:576462530720214194,pvt:hg&hl=en&gl=us&udm=28",Google,6.264176146790607,High,High,High,True,6.476713203608283
google,mobile,Google Pixel Watch 4,25729.17,4.5,1200.0,Google Store,Free delivery,USD,False,"https://www.google.com/search?ibp=oshop&q=Google&prds=catalogid:6485363559920749569,productid:18333157521465919367,headlineOfferDocid:291410763056659853,imageDocid:13807153017862720997,rds:PC_16735761553179325730|PROD_PC_16735761553179325730,gpcid:16735761553179325730,mid:576462842102583864,pvt:hg&hl=en&gl=us&udm=28",Google,5.536363928831993,High,High,High,True,0.20987851531938265
google,mobile,Google Pixel 10a,41417.0,4.7,793.0,Google Store,Free delivery,USD,False,"https://www.google.com/search?ibp=oshop&q=Google&prds=catalogid:18082292207578144272,productid:8339966258160419426,headlineOfferDocid:276875091136408573,imageDocid:3240223756849050677,rds:PC_9690311617060370621|PROD_PC_9690311617060370621,gpcid:9690311617060370621,mid:576462881341546348,pvt:hg&hl=en&gl=us&udm=28",Google,5.490833384498854,High,High,Medium,True,0.08998961778979647
google,mobile,Google Pixel Buds 2a Wireless Earbuds,9047.0,4.6,670.0,Google Store,Free delivery,USD,False,"https://www.google.com/search?ibp=oshop&q=Google&prds=catalogid:5131804113450281995,productid:10814908297076455282,headlineOfferDocid:3606661976259883088,imageDocid:17782872620523712296,rds:PC_3786700060287745713|PROD_PC_3786700060287745713,gpcid:3786700060287745713,mid:576462840112286788,pvt:hg&hl=en&gl=us&udm=28",Google,5.363507654788673,High,High,Medium,True,0.34066541394937544
google,mobile,Google Pixel 10 Pro,62167.0,4.4,2300.0,Google Store,Free delivery,USD,False,"https://www.google.com/search?ibp=oshop&q=Google&prds=catalogid:18143830205388017915,productid:11354617604590969419,headlineOfferDocid:13331455612873261645,imageDocid:14758345480811040957,rds:PC_12601004915035008516|PROD_PC_12601004915035008516,gpcid:12601004915035008516,mid:576462842110723046,pvt:hg&hl=en&gl=us&udm=28",Google,5.736439636014147,High,High,High,True,0.16278733089903002
google,mobile,Google Pixel 10,49717.0,4.6,1600.0,Google Store,Free delivery,USD,False,"https://www.google.com/search?ibp=oshop&q=Google&prds=catalogid:10198687345510140767,productid:4192166956377095743,headlineOfferDocid:116396436349045616,imageDocid:13114139701623670582,rds:PC_5970788150716304968|PROD_PC_5970788150716304968,gpcid:5970788150716304968,pvt:hg&hl=en&gl=us&udm=28",Google,5.711353485198686,High,High,High,True,0.14803789448277246
google,mobile,Google Pixel 9a 128GB,41417.0,4.6,3100.0,Google Store,Free delivery,USD,False,"https://www.google.com/search?ibp=oshop&q=Google&prds=catalogid:9144127320712839750,productid:6890613224714222337,headlineOfferDocid:17684560587886079992,imageDocid:17987353823272050701,rds:PC_16612360358999224086|PROD_PC_16612360358999224086,gpcid:16612360358999224086,mid:576462511888815754,pvt:hg&hl=en&gl=us&udm=28",Google,5.97579196764018,High,High,High,True,0.34430306395924376
google,mobile,Google Pixel Buds 2a Iris,9047.0,4.6,670.0,Google Store,Free delivery,USD,False,"https://www.google.com/search?ibp=oshop&q=Google&prds=productid:13466798783222707478,headlineOfferDocid:13466798783222707478,imageDocid:12208779591601696735,rds:PC_3786700060287745713|PROD_PC_3786700060287745713,pvt:hg&hl=en&gl=us&udm=28",Google,5.363507654788673,High,High,Medium,True,0.34066541394937544
google,mobile,Google Nest Cam Indoor Security Camera,5809.169999999999,4.4,4300.0,Google Store,Free delivery,USD,False,"https://www.google.com/search?ibp=oshop&q=Google&prds=catalogid:3855897889195621390,productid:6554242713923922255,headlineOfferDocid:7953800363121097489,imageDocid:17285195072262596384,rds:PC_17403778945997741286|PROD_PC_17403778945997741286,gpcid:17403778945997741286,mid:576462828206689748,pvt:hg&hl=en&gl=us&udm=28",Google,5.986641133113494,High,High,High,True,3.256919663222113
google,mobile,Google Nest Cam Outdoor,9959.17,4.5,312.0,Google Store,Free delivery,USD,False,"https://www.google.com/search?ibp=oshop&q=Google&prds=catalogid:12832792424904469317,productid:13234033967677902990,headlineOfferDocid:14641766915881687193,imageDocid:17544132818556042355,rds:PC_14987966943855460801|PROD_PC_14987966943855460801,gpcid:14987966943855460801,pvt:hg&hl=en&gl=us&udm=28",Google,4.9984812762160615,High,High,Medium,True,0.1409756033886358
google,mobile,Google Nest Smart Thermostat,8299.17,4.4,21000.0,Google Store,Free delivery,USD,False,"https://www.google.com/search?ibp=oshop&q=Google&prds=catalogid:4673671110488541517,productid:7576665407025271622,headlineOfferDocid:12491281070401723166,imageDocid:12208829252435288982,rds:PC_17453452407232214154|PROD_PC_17453452407232214154,gpcid:17453452407232214154,mid:576462230693947536,pvt:hg&hl=en&gl=us&udm=28",Google,6.6209301338477715,High,High,High,True,11.133643484830412
google,mobile,Google Pixel 9 Pro,82917.0,4.5,1900.0,Google Store,Free delivery,USD,False,"https://www.google.com/search?ibp=oshop&q=Google&prds=catalogid:8756845258074757657,productid:7206476662757912062,headlineOfferDocid:10197839786322205985,imageDocid:10511644541871357868,rds:PC_13461510371567660278|PROD_PC_13461510371567660278,gpcid:13461510371567660278,mid:576462517157938750,pvt:hg&hl=en&gl=us&udm=28",Google,5.720054136995371,High,High,High,True,0.1031151633561272
google,mobile,Google Nest Learning Thermostat with Nest Temperature Sensor,19919.17,4.3,1100.0,Google Store,Free delivery,USD,False,"https://www.google.com/search?ibp=oshop&q=Google&prds=catalogid:12116500976535595675,productid:9311933355426279226,headlineOfferDocid:3707034703889233442,imageDocid:12944058847052488823,rds:PC_6548597753801092935|PROD_PC_6548597753801092935,gpcid:6548597753801092935,mid:576462843197377054,pvt:hg&hl=en&gl=us&udm=28",Google,5.381589654689072,High,High,High,True,0.2374596933506768
google,mobile,Pixel 10 Indigo 128GB ATT,66317.0,4.6,1600.0,Google Store,Free delivery,USD,False,"https://www.google.com/search?ibp=oshop&q=Google&prds=productid:15405198874526216474,headlineOfferDocid:15405198874526216474,imageDocid:13114139701623670582,rds:PC_5970788150716304968|PROD_PC_5970788150716304968,pvt:hg&hl=en&gl=us&udm=28",Pixel,5.711353485198686,High,High,High,True,0.11098210112037636
google,mobile,Google Pixel 9 Pro XL,99517.0,4.4,1800.0,Google Store,Free delivery,USD,False,"https://www.google.com/search?ibp=oshop&q=Google&prds=catalogid:14767949130733293114,productid:8316202324982819716,headlineOfferDocid:5246112133975135363,imageDocid:12098207540760048411,rds:PC_13513445356997666411|PROD_PC_13513445356997666411,gpcid:13513445356997666411,mid:576462879131152684,pvt:hg&hl=en&gl=us&udm=28",Google,5.638438938070383,High,High,High,True,0.07958439261633692
google,mobile,Pixel 7 Obsidian 256GB Unlocked,27307.0,4.7,19.0,Google Store,Free delivery,USD,False,"https://www.google.com/search?ibp=oshop&q=Google&prds=catalogid:11119370505881608202,productid:776345556288274566,headlineOfferDocid:6361307785253075188,imageDocid:11832734401689141949,rds:PC_16111160818152945572|PROD_PC_16111160818152945572,gpcid:16111160818152945572,mid:576462889867248227,pvt:hg&hl=en&gl=us&udm=28",Pixel,4.0182929094215964,High,High,Low,True,0.0032702237521514627
google,mobile,Google Nest Audio Smart Speaker,5808.34,4.5,7000.0,Walmart,Free delivery,USD,False,"https://www.google.com/search?ibp=oshop&q=Google&prds=catalogid:9356350613287234649,productid:13625325002249031983,headlineOfferDocid:17783214882125013071,imageDocid:395121149676446763,rds:PC_11073557739223299652|PROD_PC_11073557739223299652,gpcid:11073557739223299652,mid:576462543336495413,pvt:hg&hl=en&gl=us&udm=28",Google,6.241523309990878,High,High,High,True,5.423236243057397
google,mobile,Pixel 9 Porcelain 128GB Fi,66317.0,4.6,2900.0,Google Store,Free delivery,USD,False,"https://www.google.com/search?ibp=oshop&q=Google&prds=productid:12194470013597046133,headlineOfferDocid:12194470013597046133,imageDocid:15057220913139439701,rds:PC_7289913198085316365|PROD_PC_7289913198085316365,pvt:hg&hl=en&gl=us&udm=28",Pixel,5.949124313648562,High,High,High,True,0.20115505828068214
google,mobile,Google Pixel Fold,173469.16999999998,4.5,591.0,Cdw,,USD,False,"https://www.google.com/search?ibp=oshop&q=Google&prds=catalogid:1037676553405301367,productid:11761612553820367624,headlineOfferDocid:7088407890196739934,imageDocid:4341428282914392529,rds:PC_16015065083495965194|PROD_PC_16015065083495965194,gpcid:16015065083495965194,mid:576462745095127302,pvt:hg&hl=en&gl=us&udm=28",Google,5.253402653953602,High,High,Medium,True,0.015331254539351288
google,mobile,Google Pixel 10 Pro XL,99600.0,4.5,2100.0,T-Mobile,Free delivery,USD,True,"https://www.google.com/search?ibp=oshop&q=Google&prds=catalogid:3223396838547906498,productid:10873220902143116225,headlineOfferDocid:12106212836161771242,imageDocid:1108601387178438450,rds:PC_6724037490619046077|PROD_PC_6724037490619046077,gpcid:6724037490619046077,pvt:hg&hl=en&gl=us&udm=28",Google,5.760067480338,High,High,High,True,0.09487951807228916
google,mobile,Google Pixel 8a,22117.84,4.6,2300.0,Reebelo Usa,Free delivery by Tue,USD,False,"https://www.google.com/search?ibp=oshop&q=Google&prds=catalogid:2557946646762678237,productid:10338896909271861217,headlineOfferDocid:8664141433628384435,imageDocid:4730740070885159175,rds:PC_11854671936836665392|PROD_PC_11854671936836665392,gpcid:11854671936836665392,mid:576462777896003990,pvt:hg&hl=en&gl=us&udm=28",Google,5.856439636014146,High,High,High,True,0.47834689101648264
google,mobile,Google Home Mini,1576.1699999999998,4.5,18000.0,Ebay - Jonahsales,,USD,False,"https://www.google.com/search?ibp=oshop&q=Google&prds=catalogid:13602265837535647651,productid:11883269122323753981,headlineOfferDocid:8281055149901973935,imageDocid:6105418765012023670,rds:PC_2439190091346037373|PROD_PC_2439190091346037373,gpcid:2439190091346037373,mid:576462797544308475,pvt:hg&hl=en&gl=us&udm=28",Google,6.619273036356281,Medium,High,High,True,51.39039570604694
google,mobile,Google Nest Hub,8299.17,4.5,13000.0,Ontech,Free delivery,USD,False,"https://www.google.com/search?ibp=oshop&q=Google&prds=catalogid:15631107335641633774,productid:9643117617922362455,headlineOfferDocid:9012008694926827139,rds:PC_2607862257098036296|PROD_PC_2607862257098036296,gpcid:2607862257098036296,mid:576462589206023701,pvt:hg&hl=en&gl=us&udm=28",Google,6.489112622624868,High,High,High,True,7.048897660850423
google,mobile,Google Pixel 6a,16433.170000000002,4.1,5000.0,Target,Free delivery by Wed,USD,False,"https://www.google.com/search?ibp=oshop&q=Google&prds=catalogid:12052286931650249978,productid:6928427200106211552,headlineOfferDocid:17535658351932703046,imageDocid:16569859345638056361,rds:PC_17046152941976670376|PROD_PC_17046152941976670376,gpcid:17046152941976670376,mid:576462709006386640,pvt:hg&hl=en&gl=us&udm=28",Google,5.866957268567561,High,High,High,True,1.2474769019002419
google,mobile,Google Nest Mini,4067.0,4.2,19000.0,Evergy.Com,,USD,False,"https://www.google.com/search?ibp=oshop&q=Google&prds=catalogid:13573068641653636869,productid:16402437500450299011,headlineOfferDocid:1552230342170881189,imageDocid:15016182600257762008,rds:PC_15907432123639110856|PROD_PC_15907432123639110856,gpcid:15907432123639110856,mid:576462550321736309,pvt:hg&hl=en&gl=us&udm=28",Google,6.460898755337013,High,High,High,True,19.62134251290878
google,mobile,Google Pixel 8 Pro,25022.84,4.5,3800.0,Best Buy,,USD,False,"https://www.google.com/search?ibp=oshop&q=Google&prds=catalogid:14860140914596649947,productid:4494592336143962747,headlineOfferDocid:7853381380840322172,imageDocid:1984095915096412032,rds:PC_5979093648650988152|PROD_PC_5979093648650988152,gpcid:5979093648650988152,mid:576462841504512126,pvt:hg&hl=en&gl=us&udm=28",Google,5.9972077875957,High,High,High,True,0.6833756679897246
google,mobile,Google Pixel 7 Pro,19911.7,4.4,5200.0,Walmart - Yywireless,,USD,False,"https://www.google.com/search?ibp=oshop&q=Google&prds=catalogid:7876503565389094723,productid:11334915729445265345,headlineOfferDocid:5176539635567501038,imageDocid:15560917243651167992,rds:PC_6023854479048717292|PROD_PC_6023854479048717292,gpcid:6023854479048717292,mid:576462724980784032,pvt:hg&hl=en&gl=us&udm=28",Google,6.062642477509229,High,High,High,True,1.1490731579925373
google,mobile,Google Pixel 9 Pro Fold,58265.17,4.3,411.0,Ebay - Yywirelesss,Free delivery by Tue,USD,False,"https://www.google.com/search?ibp=oshop&q=Google&prds=catalogid:7516631800086476873,productid:8514522599351362542,headlineOfferDocid:3160609427510038545,imageDocid:4718215143374789950,rds:PC_3840436116648441576|PROD_PC_3840436116648441576,gpcid:3840436116648441576,mid:576462787803629646,pvt:hg&hl=en&gl=us&udm=28",Google,4.98840933973981,High,High,Medium,True,0.030332014821204505
google,mobile,Google Nest Yale Lock,6723.0,4.5,8200.0,Back Market,,USD,False,"https://www.google.com/search?ibp=oshop&q=Google&prds=catalogid:9213255158323840508,productid:9605704415978228424,headlineOfferDocid:9082633355918783632,imageDocid:16950772090920592500,rds:PC_17206759406393080863|PROD_PC_17206759406393080863,gpcid:17206759406393080863,pvt:hg&hl=en&gl=us&udm=28",Google,6.3048045508145645,High,High,High,True,5.4886211512717535
google,mobile,Google Nest Camera with Floodlight,14939.17,4.3,1700.0,Kohl'S,Free delivery,USD,False,"https://www.google.com/search?ibp=oshop&q=Google&prds=catalogid:5084623565587810567,productid:2726266294950131065,headlineOfferDocid:5890750605847765032,imageDocid:4783624857441231627,rds:PC_4308003745175561374|PROD_PC_4308003745175561374,gpcid:4308003745175561374,mid:576462846159759030,pvt:hg&hl=en&gl=us&udm=28",Google,5.555588636958344,High,High,High,True,0.4893176796301267
google,mobile,Google Pixel Watch 3,20749.17,4.5,1500.0,Target,Free delivery by Wed,USD,False,"https://www.google.com/search?ibp=oshop&q=Google&prds=catalogid:17168974832712768514,productid:2923386174564872539,headlineOfferDocid:6467948250450058663,imageDocid:3075975322513236694,rds:PC_11519944079871206080|PROD_PC_11519944079871206080,gpcid:11519944079871206080,mid:576462841275307160,pvt:hg&hl=en&gl=us&udm=28",Google,5.625554732653384,High,High,High,True,0.32531421738797267
google,mobile,Google Pixel 6,22193.37,3.9,5000.0,Electronicsforce.Com,Free delivery by Tue,USD,False,"https://www.google.com/search?ibp=oshop&q=Google&prds=catalogid:1488768364422491447,productid:16477735342892641675,headlineOfferDocid:15087445855253137007,imageDocid:6366870932751441772,rds:PC_9958864392559382906|PROD_PC_9958864392559382906,gpcid:9958864392559382906,mid:576462775461376422,pvt:hg&hl=en&gl=us&udm=28",Google,5.746957268567561,High,Medium,High,True,0.8786407832609469
google,mobile,Google Pixel 6 Pro,14022.85,4.1,5800.0,Ebay - Cellularstream,Free delivery,USD,False,"https://www.google.com/search?ibp=oshop&q=Google&prds=catalogid:4752861863423761634,productid:15161103879472921304,headlineOfferDocid:7969556566927485064,imageDocid:12762413752149021511,rds:PC_5803332436479017245|PROD_PC_5803332436479017245,gpcid:5803332436479017245,mid:576462585606900356,pvt:hg&hl=en&gl=us&udm=28",Google,5.926314238186425,High,High,High,True,1.6958036347818022
google,mobile,Google Nest Cam IndoorOutdoor Camera,11619.17,4.7,33000.0,Best Buy,Free delivery by Sat,USD,False,"https://www.google.com/search?ibp=oshop&q=Google&prds=catalogid:5636875447571648535,productid:4833560897070689483,headlineOfferDocid:15186503426240383901,rds:PC_1966969399378926218|PROD_PC_1966969399378926218,gpcid:1966969399378926218,mid:576462827962798277,pvt:hg&hl=en&gl=us&udm=28",Google,6.981717257207917,High,High,High,True,13.3486298935294
google,mobile,Google Nest Doorbell 3rd Gen,11619.17,4.6,471.0,Walmart,Free delivery,USD,False,"https://www.google.com/search?ibp=oshop&q=Google&prds=catalogid:3992536782929904738,productid:12836673235753327011,headlineOfferDocid:11073572981615866917,imageDocid:13629724103112441768,rds:PC_9074824913291573192|PROD_PC_9074824913291573192,gpcid:9074824913291573192,pvt:hg&hl=en&gl=us&udm=28",Google,5.222791594234222,High,High,Medium,True,0.18646770810651705
google,mobile,Google Nest Cam  Wasserstein Solar Panel Bundle,16599.170000000002,4.9,17.0,Wasserstein,Free delivery,USD,False,"https://www.google.com/search?ibp=oshop&q=Google&prds=catalogid:6845304109823711152,productid:11147921513039970601,headlineOfferDocid:12347178013760540258,imageDocid:15925605865266583802,rds:PC_13807558668861473619|PROD_PC_13807558668861473619,gpcid:13807558668861473619,mid:576462822334650886,pvt:hg&hl=en&gl=us&udm=28",Google,4.096148703158466,High,High,Low,True,0.005018323205316893
google,mobile,Google Pixel 8 Pro 128GB  Green  Unlocked,27473.0,4.5,3800.0,Back Market,,USD,False,"https://www.google.com/search?ibp=oshop&q=Google&prds=productid:3105426670698932664,headlineOfferDocid:3105426670698932664,imageDocid:5642298499553923268,rds:PC_5979093648650988152|PROD_PC_5979093648650988152,pvt:hg&hl=en&gl=us&udm=28",Google,5.9972077875957,High,High,High,True,0.6224292942161395
google,mobile,Google Pixel 8,20915.17,4.4,3000.0,Ebay - Cellularstream,Free delivery by Wed,USD,False,"https://www.google.com/search?ibp=oshop&q=Google&prds=catalogid:9734116164862878048,productid:17159495049843941398,headlineOfferDocid:9043784264433887679,imageDocid:13275013138591447159,rds:PC_751056468942259917|PROD_PC_751056468942259917,gpcid:751056468942259917,mid:576462790395854479,pvt:hg&hl=en&gl=us&udm=28",Google,5.842680338176147,High,High,High,True,0.631120856297128
google,mobile,Google T3016US Smart Programmable WiFi Thermostat,9129.17,,,Newegg.Com,,USD,False,"https://www.google.com/search?ibp=oshop&q=Google&prds=catalogid:4764544010163747016,productid:6997932928004868548,headlineOfferDocid:227857381346763493,imageDocid:17253808615158698539,gpcid:4845289180474186860,mid:576462556069808603,pvt:hg&hl=en&gl=us&udm=28",Google,,High,,,False,
google,mobile,Google Pixel 9,62167.0,4.6,2900.0,Best Buy,Free delivery by Tue,USD,False,"https://www.google.com/search?ibp=oshop&q=Google&prds=catalogid:625513772960203147,productid:15373862464162455148,headlineOfferDocid:4864733893873904692,imageDocid:1458535541928447144,rds:PC_7289913198085316365|PROD_PC_7289913198085316365,gpcid:7289913198085316365,mid:576462491484046598,pvt:hg&hl=en&gl=us&udm=28",Google,5.949124313648562,High,High,High,True,0.21458329982144864
